600.00 620.16 82.50 40.08 0.9829 init
603.75 620.16 78.75 40.08 0.9843 high
603.75 620.16 78.75 40.08 0.9903 high
603.75 620.16 78.75 40.08 0.9908 high
603.75 620.16 82.50 42.19 0.9905 high
603.75 620.16 82.50 42.19 0.9917 high
603.75 620.16 82.50 42.19 0.9894 high
607.50 622.27 78.75 40.08 0.9924 high
611.25 622.27 75.00 40.08 0.9940 high
611.25 622.27 78.75 42.19 0.9882 high
611.25 622.27 78.75 40.08 0.9892 high
611.25 622.27 82.50 40.08 0.9907 high
615.00 624.38 78.75 35.86 0.9930 high
615.00 624.38 82.50 37.97 0.9857 high
618.75 624.38 78.75 40.08 0.9913 high
618.75 624.38 78.75 40.08 0.9863 high
622.50 626.48 78.75 37.97 0.9900 high
622.50 626.48 82.50 37.97 0.9876 high
626.25 626.48 78.75 37.97 0.9921 high
626.25 626.48 78.75 37.97 0.9913 high
626.25 626.48 82.50 37.97 0.9860 high
626.25 624.38 82.50 40.08 0.9912 high
633.75 624.38 78.75 37.97 0.9874 high
633.75 622.27 78.75 40.08 0.9940 high
637.50 622.27 78.75 40.08 0.9889 high
637.50 620.16 78.75 40.08 0.9914 high
637.50 620.16 78.75 40.08 0.9939 high
641.25 615.94 78.75 42.19 0.9937 high
641.25 611.72 78.75 40.08 0.9952 high
641.25 609.61 82.50 42.19 0.9902 high
645.00 607.50 78.75 35.86 0.9915 high
645.00 603.28 82.50 40.08 0.9904 high
645.00 601.17 78.75 40.08 0.9883 high
648.75 596.95 78.75 40.08 0.9879 high
645.00 592.73 82.50 42.19 0.9914 high
648.75 590.62 78.75 37.97 0.9934 high
648.75 588.52 82.50 40.08 0.9882 high
648.75 586.41 82.50 37.97 0.9902 high
652.50 584.30 78.75 40.08 0.9932 high
652.50 582.19 78.75 37.97 0.9837 high
652.50 582.19 82.50 37.97 0.9854 high
652.50 580.08 78.75 40.08 0.9897 high
652.50 580.08 82.50 37.97 0.9866 high
656.25 577.97 78.75 40.08 0.9914 high
656.25 577.97 78.75 40.08 0.9938 high
656.25 575.86 78.75 40.08 0.9870 high
656.25 575.86 78.75 37.97 0.9890 high
656.25 573.75 82.50 37.97 0.9835 high
656.25 573.75 82.50 37.97 0.9885 high
656.25 571.64 82.50 40.08 0.9924 high
656.25 569.53 82.50 37.97 0.9894 high
656.25 567.42 82.50 33.75 0.9895 high
660.00 565.31 78.75 35.86 0.9880 high
660.00 561.09 78.75 37.97 0.9880 high
660.00 556.88 78.75 40.08 0.9815 high
660.00 552.66 78.75 40.08 0.9858 high
660.00 550.55 78.75 37.97 0.9901 high
663.75 546.33 78.75 37.97 0.9937 high
663.75 542.11 78.75 37.97 0.9916 high
663.75 537.89 78.75 37.97 0.9873 high
663.75 533.67 78.75 37.97 0.9887 high
663.75 527.34 78.75 40.08 0.9908 high
663.75 523.12 78.75 40.08 0.9862 high
663.75 518.91 78.75 40.08 0.9937 high
663.75 516.80 78.75 37.97 0.9877 high
667.50 510.47 75.00 40.08 0.9941 high
663.75 506.25 78.75 37.97 0.9924 high
667.50 504.14 75.00 40.08 0.9811 high
663.75 502.03 78.75 40.08 0.9890 high
663.75 502.03 78.75 37.97 0.9904 high
667.50 499.92 75.00 37.97 0.9869 high
667.50 497.81 78.75 37.97 0.9888 high
667.50 495.70 75.00 37.97 0.9940 high
667.50 495.70 78.75 37.97 0.9911 high
667.50 493.59 78.75 40.08 0.9933 high
667.50 493.59 78.75 37.97 0.9863 high
667.50 491.48 78.75 40.08 0.9909 high
667.50 491.48 78.75 40.08 0.9892 high
667.50 491.48 78.75 40.08 0.9919 high
667.50 491.48 78.75 40.08 0.9933 high
667.50 491.48 78.75 40.08 0.9915 high
667.50 491.48 78.75 40.08 0.9932 high
667.50 491.48 78.75 40.08 0.9914 high
667.50 491.48 78.75 40.08 0.9911 high
667.50 491.48 78.75 40.08 0.9933 high
667.50 491.48 78.75 40.08 0.9927 high
667.50 491.48 78.75 40.08 0.9893 high
667.50 491.48 82.50 40.08 0.9893 high
667.50 491.48 82.50 40.08 0.9898 high
667.50 491.48 82.50 40.08 0.9875 high
671.25 491.48 78.75 40.08 0.9874 high
671.25 491.48 78.75 40.08 0.9835 high
671.25 491.48 78.75 40.08 0.9885 high
671.25 491.48 78.75 40.08 0.9938 high
671.25 491.48 78.75 40.08 0.9899 high
671.25 491.48 78.75 42.19 0.9923 high
671.25 491.48 78.75 42.19 0.9856 high
671.25 491.48 78.75 42.19 0.9845 high
671.25 491.48 78.75 42.19 0.9889 high
671.25 491.48 78.75 42.19 0.9896 high
671.25 491.48 78.75 42.19 0.9851 high
671.25 491.48 78.75 40.08 0.9887 high
671.25 491.48 78.75 40.08 0.9895 high
671.25 491.48 78.75 40.08 0.9888 high
671.25 491.48 82.50 40.08 0.9908 high
671.25 491.48 82.50 40.08 0.9887 high
671.25 491.48 82.50 40.08 0.9856 high
671.25 491.48 82.50 40.08 0.9883 high
671.25 491.48 82.50 40.08 0.9895 high
671.25 491.48 82.50 40.08 0.9878 high
671.25 491.48 82.50 40.08 0.9902 high
671.25 491.48 82.50 40.08 0.9869 high
671.25 491.48 82.50 40.08 0.9850 high
671.25 491.48 86.25 40.08 0.9915 high
671.25 491.48 86.25 40.08 0.9873 high
671.25 491.48 86.25 40.08 0.9869 high
671.25 491.48 86.25 40.08 0.9891 high
675.00 493.59 82.50 37.97 0.9906 high
675.00 493.59 82.50 37.97 0.9955 high
675.00 491.48 82.50 40.08 0.9904 high
675.00 493.59 82.50 37.97 0.9898 high
671.25 491.48 90.00 40.08 0.9835 high
671.25 491.48 93.75 40.08 0.9865 high
671.25 491.48 93.75 40.08 0.9913 high
671.25 491.48 93.75 40.08 0.9894 high
671.25 491.48 93.75 40.08 0.9872 high
671.25 491.48 93.75 37.97 0.9949 high
671.25 491.48 93.75 37.97 0.9869 high
667.50 491.48 97.50 37.97 0.9909 high
667.50 491.48 97.50 37.97 0.9946 high
671.25 491.48 97.50 37.97 0.9909 high
671.25 489.38 97.50 40.08 0.9873 high
671.25 489.38 97.50 40.08 0.9929 high
671.25 489.38 101.25 40.08 0.9882 high
671.25 489.38 101.25 40.08 0.9859 high
675.00 489.38 97.50 40.08 0.9844 high
675.00 489.38 101.25 40.08 0.9831 high
675.00 489.38 101.25 40.08 0.9867 high
675.00 487.27 101.25 42.19 0.9846 high
678.75 487.27 101.25 40.08 0.9867 high
678.75 487.27 105.00 40.08 0.9878 high
678.75 487.27 105.00 42.19 0.9881 high
682.50 487.27 105.00 42.19 0.9921 high
686.25 487.27 101.25 42.19 0.9906 high
686.25 485.16 105.00 44.30 0.9842 high
686.25 485.16 108.75 42.19 0.9882 high
690.00 485.16 108.75 42.19 0.9853 high
693.75 485.16 105.00 42.19 0.9898 high
693.75 485.16 105.00 42.19 0.9915 high
693.75 483.05 108.75 44.30 0.9889 high
693.75 483.05 108.75 44.30 0.9748 high
701.25 483.05 105.00 44.30 0.9899 high
708.75 483.05 97.50 42.19 0.9930 high
708.75 483.05 105.00 42.19 0.9906 high
712.50 480.94 101.25 44.30 0.9900 high
712.50 480.94 105.00 44.30 0.9868 high
716.25 480.94 105.00 44.30 0.9926 high
723.75 480.94 97.50 44.30 0.9889 high
727.50 480.94 97.50 44.30 0.9901 high
731.25 478.83 97.50 44.30 0.9907 high
731.25 478.83 101.25 44.30 0.9842 high
735.00 478.83 101.25 44.30 0.9813 high
738.75 476.72 105.00 46.41 0.9864 high
746.25 478.83 101.25 42.19 0.9904 high
746.25 476.72 101.25 44.30 0.9884 high
746.25 476.72 105.00 42.19 0.9850 high
753.75 476.72 101.25 42.19 0.9855 high
757.50 476.72 101.25 42.19 0.9883 high
761.25 476.72 105.00 42.19 0.9879 high
768.75 476.72 105.00 42.19 0.9875 high
772.50 474.61 105.00 44.30 0.9901 high
776.25 474.61 105.00 42.19 0.9898 high
780.00 474.61 108.75 42.19 0.9873 high
787.50 474.61 101.25 42.19 0.9888 high
795.00 474.61 101.25 42.19 0.9877 high
802.50 474.61 101.25 42.19 0.9874 high
802.50 474.61 105.00 40.08 0.9936 high
813.75 474.61 101.25 40.08 0.9920 high
817.50 474.61 101.25 40.08 0.9901 high
821.25 474.61 105.00 40.08 0.9883 high
828.75 474.61 105.00 40.08 0.9889 high
836.25 472.50 101.25 40.08 0.9931 high
840.00 470.39 105.00 42.19 0.9899 high
843.75 470.39 108.75 42.19 0.9904 high
851.25 468.28 105.00 44.30 0.9871 high
855.00 468.28 105.00 44.30 0.9921 high
858.75 468.28 105.00 44.30 0.9876 high
862.50 468.28 112.50 44.30 0.9922 high
870.00 468.28 105.00 44.30 0.9933 high
873.75 468.28 105.00 44.30 0.9894 high
877.50 468.28 108.75 44.30 0.9895 high
881.25 468.28 105.00 44.30 0.9907 high
885.00 468.28 105.00 44.30 0.9941 high
892.50 468.28 101.25 44.30 0.9907 high
892.50 468.28 105.00 44.30 0.9891 high
892.50 468.28 112.50 46.41 0.9863 high
900.00 468.28 105.00 44.30 0.9835 high
900.00 470.39 108.75 44.30 0.9860 high
900.00 470.39 108.75 44.30 0.9865 high
903.75 472.50 108.75 42.19 0.9892 high
907.50 472.50 101.25 42.19 0.9872 high
907.50 472.50 101.25 42.19 0.9883 high
907.50 472.50 101.25 42.19 0.9895 high
907.50 474.61 105.00 40.08 0.9941 high
907.50 474.61 108.75 40.08 0.9844 high
911.25 474.61 105.00 40.08 0.9925 high
911.25 474.61 105.00 42.19 0.9866 high
911.25 474.61 105.00 42.19 0.9917 high
915.00 474.61 105.00 44.30 0.9895 high
915.00 476.72 105.00 42.19 0.9882 high
918.75 476.72 101.25 42.19 0.9892 high
918.75 476.72 101.25 42.19 0.9921 high
911.25 476.72 108.75 42.19 0.9870 high
911.25 476.72 108.75 44.30 0.9809 high
911.25 478.83 112.50 42.19 0.9921 high
911.25 476.72 108.75 42.19 0.9896 high
915.00 478.83 105.00 40.08 0.9925 high
915.00 478.83 108.75 42.19 0.9863 high
911.25 478.83 112.50 42.19 0.9877 high
911.25 478.83 112.50 44.30 0.9901 high
918.75 478.83 105.00 44.30 0.9903 high
915.00 478.83 108.75 44.30 0.9863 high
911.25 478.83 112.50 44.30 0.9869 high
915.00 478.83 108.75 44.30 0.9908 high
915.00 478.83 108.75 46.41 0.9857 high
918.75 478.83 105.00 46.41 0.9915 high
918.75 478.83 105.00 46.41 0.9889 high
915.00 480.94 108.75 44.30 0.9883 high
911.25 480.94 112.50 44.30 0.9906 high
915.00 480.94 108.75 44.30 0.9893 high
918.75 480.94 105.00 44.30 0.9858 high
915.00 480.94 105.00 44.30 0.9901 high
918.75 480.94 101.25 44.30 0.9882 high
922.50 480.94 101.25 44.30 0.9902 high
918.75 480.94 105.00 44.30 0.9887 high
922.50 483.05 101.25 42.19 0.9902 high
915.00 483.05 108.75 42.19 0.9890 high
918.75 483.05 101.25 42.19 0.9870 high
918.75 483.05 101.25 44.30 0.9809 high
918.75 483.05 101.25 44.30 0.9784 high
918.75 483.05 101.25 44.30 0.9881 high
918.75 483.05 97.50 44.30 0.9884 high
918.75 483.05 97.50 44.30 0.9949 high
918.75 483.05 97.50 44.30 0.9852 high
918.75 483.05 93.75 44.30 0.9886 high
918.75 483.05 93.75 44.30 0.9885 high
915.00 483.05 97.50 44.30 0.9876 high
915.00 483.05 93.75 44.30 0.9866 high
915.00 483.05 93.75 44.30 0.9883 high
915.00 483.05 93.75 44.30 0.9863 high
911.25 483.05 93.75 44.30 0.9929 high
907.50 483.05 97.50 44.30 0.9910 high
907.50 483.05 97.50 44.30 0.9870 high
907.50 483.05 93.75 44.30 0.9835 high
911.25 483.05 86.25 44.30 0.9868 high
911.25 483.05 82.50 44.30 0.9916 high
907.50 483.05 86.25 44.30 0.9877 high
907.50 483.05 82.50 44.30 0.9856 high
903.75 483.05 86.25 44.30 0.9914 high
903.75 483.05 82.50 44.30 0.9894 high
903.75 483.05 82.50 44.30 0.9915 high
903.75 483.05 78.75 42.19 0.9959 high
900.00 483.05 78.75 42.19 0.9938 high
900.00 483.05 78.75 44.30 0.9916 high
896.25 483.05 78.75 44.30 0.9899 high
896.25 483.05 78.75 44.30 0.9873 high
896.25 483.05 75.00 44.30 0.9934 high
892.50 483.05 78.75 44.30 0.9870 high
892.50 483.05 78.75 44.30 0.9889 high
892.50 483.05 78.75 44.30 0.9894 high
888.75 483.05 82.50 46.41 0.9814 high
885.00 483.05 82.50 48.52 0.9879 high
881.25 483.05 90.00 48.52 0.9874 high
881.25 483.05 86.25 48.52 0.9876 high
881.25 485.16 86.25 46.41 0.9910 high
881.25 485.16 86.25 46.41 0.9920 high
877.50 485.16 90.00 46.41 0.9936 high
877.50 485.16 90.00 46.41 0.9945 high
873.75 485.16 93.75 48.52 0.9921 high
873.75 485.16 93.75 48.52 0.9885 high
873.75 485.16 93.75 48.52 0.9865 high
870.00 485.16 97.50 48.52 0.9824 high
870.00 487.27 97.50 46.41 0.9923 high
870.00 487.27 97.50 48.52 0.9882 high
870.00 487.27 97.50 48.52 0.9940 high
866.25 487.27 101.25 48.52 0.9884 high
870.00 487.27 93.75 48.52 0.9950 high
870.00 487.27 93.75 48.52 0.9942 high
870.00 487.27 97.50 50.62 0.9880 high
870.00 487.27 101.25 50.62 0.9901 high
870.00 489.38 101.25 48.52 0.9936 high
870.00 489.38 101.25 48.52 0.9903 high
873.75 489.38 97.50 48.52 0.9941 high
873.75 491.48 101.25 46.41 0.9876 high
877.50 491.48 93.75 48.52 0.9911 high
873.75 491.48 101.25 48.52 0.9881 high
877.50 493.59 101.25 46.41 0.9908 high
881.25 493.59 97.50 46.41 0.9889 high
881.25 493.59 101.25 46.41 0.9895 high
881.25 493.59 101.25 46.41 0.9884 high
885.00 495.70 97.50 46.41 0.9956 high
885.00 495.70 101.25 46.41 0.9936 high
888.75 495.70 101.25 46.41 0.9835 high
892.50 497.81 101.25 44.30 0.9888 high
892.50 497.81 101.25 44.30 0.9895 high
896.25 499.92 101.25 44.30 0.9935 high
900.00 499.92 101.25 44.30 0.9932 high
907.50 502.03 97.50 42.19 0.9907 high
903.75 502.03 105.00 42.19 0.9912 high
907.50 502.03 101.25 42.19 0.9936 high
911.25 504.14 101.25 40.08 0.9922 high
915.00 506.25 101.25 37.97 0.9942 high
915.00 506.25 101.25 40.08 0.9899 high
918.75 508.36 93.75 37.97 0.9922 high
918.75 508.36 93.75 37.97 0.9892 high
922.50 508.36 97.50 37.97 0.9923 high
922.50 510.47 101.25 35.86 0.9928 high
926.25 510.47 101.25 37.97 0.9921 high
930.00 510.47 101.25 37.97 0.9884 high
933.75 510.47 101.25 37.97 0.9951 high
933.75 510.47 101.25 37.97 0.9879 high
937.50 510.47 101.25 37.97 0.9901 high
937.50 510.47 101.25 37.97 0.9938 high
937.50 510.47 101.25 40.08 0.9899 high
941.25 510.47 97.50 37.97 0.9929 high
941.25 510.47 97.50 37.97 0.9825 high
941.25 512.58 97.50 35.86 0.9917 high
941.25 510.47 97.50 37.97 0.9932 high
941.25 510.47 97.50 37.97 0.9957 high
941.25 510.47 97.50 37.97 0.9908 high
941.25 510.47 97.50 37.97 0.9935 high
945.00 510.47 93.75 37.97 0.9934 high
945.00 510.47 90.00 37.97 0.9905 high
945.00 508.36 90.00 40.08 0.9939 high
948.75 508.36 86.25 40.08 0.9902 high
948.75 508.36 86.25 40.08 0.9895 high
948.75 508.36 86.25 37.97 0.9908 high
945.00 508.36 90.00 37.97 0.9920 high
945.00 508.36 90.00 37.97 0.9887 high
945.00 508.36 86.25 37.97 0.9893 high
948.75 508.36 82.50 37.97 0.9931 high
948.75 508.36 82.50 37.97 0.9932 high
948.75 508.36 78.75 37.97 0.9916 high
948.75 506.25 82.50 37.97 0.9950 high
948.75 506.25 78.75 37.97 0.9948 high
948.75 506.25 82.50 37.97 0.9926 high
948.75 506.25 78.75 37.97 0.9928 high
948.75 504.14 82.50 40.08 0.9932 high
948.75 504.14 78.75 40.08 0.9954 high
948.75 504.14 78.75 37.97 0.9931 high
948.75 506.25 78.75 35.86 0.9925 high
945.00 504.14 82.50 37.97 0.9881 high
945.00 504.14 78.75 37.97 0.9954 high
941.25 504.14 82.50 37.97 0.9878 high
945.00 504.14 75.00 37.97 0.9946 high
945.00 504.14 75.00 35.86 0.9965 high
945.00 504.14 78.75 35.86 0.9873 high
945.00 504.14 75.00 35.86 0.9953 high
941.25 502.03 75.00 37.97 0.9894 high
941.25 502.03 71.25 37.97 0.9882 high
941.25 504.14 71.25 35.86 0.9927 high
941.25 502.03 67.50 35.86 0.9875 high
941.25 502.03 67.50 35.86 0.9896 high
937.50 502.03 71.25 35.86 0.9885 high
937.50 502.03 71.25 35.86 0.9942 high
937.50 502.03 71.25 35.86 0.9895 high
937.50 502.03 71.25 33.75 0.9912 high
933.75 502.03 75.00 33.75 0.9941 high
933.75 499.92 75.00 35.86 0.9915 high
930.00 499.92 78.75 35.86 0.9899 high
926.25 499.92 78.75 33.75 0.9929 high
926.25 497.81 78.75 33.75 0.9917 high
926.25 497.81 78.75 33.75 0.9880 high
922.50 497.81 82.50 33.75 0.9882 high
926.25 495.70 78.75 35.86 0.9888 high
922.50 495.70 82.50 35.86 0.9803 high
922.50 493.59 82.50 37.97 0.9870 high
918.75 493.59 86.25 37.97 0.9865 high
918.75 493.59 86.25 37.97 0.9927 high
918.75 493.59 86.25 37.97 0.9871 high
915.00 491.48 90.00 37.97 0.9880 high
915.00 491.48 90.00 37.97 0.9904 high
918.75 491.48 86.25 35.86 0.9924 high
915.00 491.48 90.00 35.86 0.9834 high
918.75 489.38 86.25 37.97 0.9934 high
918.75 489.38 90.00 37.97 0.9855 high
918.75 489.38 90.00 37.97 0.9851 high
918.75 489.38 90.00 37.97 0.9933 high
918.75 487.27 93.75 40.08 0.9897 high
918.75 487.27 93.75 40.08 0.9946 high
918.75 487.27 93.75 37.97 0.9878 high
922.50 485.16 90.00 40.08 0.9917 high
922.50 485.16 93.75 37.97 0.9855 high
922.50 485.16 93.75 37.97 0.9878 high
922.50 483.05 93.75 40.08 0.9893 high
922.50 483.05 93.75 40.08 0.9927 high
930.00 483.05 90.00 40.08 0.9940 high
930.00 483.05 93.75 37.97 0.9949 high
933.75 480.94 93.75 40.08 0.9900 high
933.75 480.94 93.75 40.08 0.9885 high
937.50 480.94 86.25 40.08 0.9941 high
937.50 478.83 93.75 40.08 0.9875 high
941.25 478.83 90.00 40.08 0.9874 high
945.00 478.83 90.00 40.08 0.9871 high
948.75 478.83 90.00 37.97 0.9919 high
952.50 476.72 90.00 40.08 0.9877 high
952.50 476.72 90.00 40.08 0.9819 high
956.25 476.72 86.25 40.08 0.9886 high
952.50 476.72 93.75 37.97 0.9896 high
960.00 474.61 86.25 40.08 0.9860 high
960.00 474.61 93.75 40.08 0.9906 high
967.50 474.61 90.00 37.97 0.9903 high
971.25 474.61 93.75 37.97 0.9866 high
975.00 474.61 97.50 37.97 0.9894 high
978.75 474.61 93.75 37.97 0.9936 high
982.50 472.50 93.75 37.97 0.9892 high
990.00 472.50 90.00 37.97 0.9882 high
993.75 472.50 93.75 37.97 0.9885 high
1001.25 472.50 97.50 37.97 0.9823 high
1001.25 472.50 97.50 35.86 0.9829 high
1008.75 470.39 93.75 37.97 0.9800 high
1012.50 470.39 93.75 37.97 0.9817 high
1020.00 470.39 93.75 37.97 0.9885 high
1023.75 470.39 93.75 42.19 0.9931 high
1031.25 470.39 93.75 44.30 0.9916 high
1035.00 470.39 97.50 44.30 0.9918 high
1042.50 470.39 93.75 40.08 0.9914 high
1046.25 470.39 97.50 37.97 0.9936 high
1053.75 470.39 97.50 40.08 0.9929 high
1061.25 470.39 93.75 42.19 0.9923 high
1065.00 470.39 93.75 42.19 0.9885 high
1072.50 470.39 93.75 44.30 0.9879 high
1076.25 472.50 97.50 40.08 0.9861 high
1083.75 472.50 97.50 40.08 0.9853 high
1087.50 470.39 97.50 37.97 0.9876 high
1098.75 470.39 93.75 37.97 0.9830 high
1102.50 470.39 93.75 37.97 0.9864 high
1106.25 470.39 93.75 37.97 0.9925 high
1110.00 470.39 93.75 37.97 0.9852 high
1117.50 468.28 93.75 37.97 0.9936 high
1121.25 466.17 93.75 40.08 0.9939 high
1125.00 466.17 97.50 37.97 0.9886 high
1132.50 459.84 93.75 42.19 0.9902 high
1136.25 457.73 97.50 40.08 0.9853 high
1136.25 453.52 101.25 42.19 0.9883 high
1143.75 451.41 97.50 40.08 0.9942 high
1147.50 447.19 93.75 40.08 0.9942 high
1147.50 442.97 97.50 40.08 0.9923 high
1151.25 436.64 97.50 42.19 0.9901 high
1155.00 434.53 93.75 37.97 0.9868 high
1155.00 428.20 97.50 42.19 0.9887 high
1155.00 423.98 97.50 40.08 0.9935 high
1158.75 419.77 93.75 40.08 0.9920 high
1158.75 417.66 97.50 37.97 0.9881 high
1162.50 415.55 93.75 37.97 0.9853 high
1162.50 411.33 93.75 37.97 0.9866 high
1166.25 409.22 93.75 37.97 0.9857 high
1166.25 407.11 93.75 37.97 0.9846 high
1170.00 405.00 93.75 37.97 0.9902 high
1170.00 405.00 93.75 37.97 0.9906 high
1170.00 402.89 97.50 37.97 0.9848 high
1170.00 402.89 97.50 35.86 0.9870 high
1170.00 400.78 97.50 37.97 0.9920 high
1173.75 400.78 93.75 35.86 0.9898 high
1173.75 400.78 93.75 35.86 0.9938 high
1173.75 400.78 93.75 35.86 0.9917 high
1173.75 400.78 93.75 35.86 0.9930 high
1173.75 400.78 93.75 33.75 0.9957 high
1173.75 400.78 93.75 33.75 0.9933 high
1173.75 398.67 93.75 35.86 0.9918 high
1173.75 398.67 93.75 35.86 0.9889 high
1177.50 400.78 90.00 33.75 0.9952 high
1177.50 400.78 90.00 33.75 0.9934 high
1177.50 400.78 90.00 33.75 0.9925 high
1173.75 400.78 93.75 33.75 0.9914 high
1173.75 400.78 97.50 33.75 0.9897 high
1177.50 400.78 93.75 33.75 0.9876 high
1177.50 400.78 93.75 33.75 0.9902 high
1177.50 398.67 93.75 35.86 0.9891 high
1177.50 398.67 93.75 35.86 0.9876 high
1181.25 398.67 90.00 37.97 0.9836 high
1181.25 398.67 90.00 37.97 0.9846 high
1181.25 398.67 90.00 37.97 0.9846 high
1181.25 400.78 90.00 35.86 0.9860 high
1181.25 400.78 93.75 35.86 0.9937 high
1185.00 400.78 90.00 35.86 0.9943 high
1185.00 400.78 90.00 35.86 0.9849 high
1188.75 400.78 90.00 35.86 0.9910 high
1192.50 400.78 86.25 35.86 0.9939 high
1188.75 402.89 93.75 33.75 0.9884 high
1192.50 400.78 90.00 35.86 0.9943 high
1192.50 402.89 93.75 35.86 0.9869 high
1196.25 402.89 90.00 35.86 0.9881 high
1196.25 402.89 93.75 35.86 0.9870 high
1196.25 402.89 97.50 35.86 0.9862 high
1200.00 402.89 93.75 35.86 0.9919 high
1203.75 402.89 93.75 35.86 0.9871 high
1207.50 402.89 93.75 35.86 0.9866 high
1211.25 405.00 93.75 33.75 0.9881 high
1211.25 405.00 97.50 33.75 0.9855 high
1215.00 405.00 93.75 33.75 0.9927 high
1218.75 405.00 93.75 33.75 0.9917 high
1222.50 405.00 93.75 33.75 0.9901 high
1226.25 405.00 97.50 33.75 0.9948 high
1230.00 402.89 93.75 35.86 0.9895 high
1233.75 405.00 93.75 33.75 0.9909 high
1237.50 402.89 90.00 35.86 0.9896 high
1241.25 402.89 93.75 35.86 0.9909 high
1241.25 400.78 97.50 37.97 0.9840 high
1245.00 400.78 93.75 37.97 0.9903 high
1245.00 400.78 97.50 37.97 0.9906 high
1248.75 400.78 93.75 37.97 0.9887 high
1248.75 400.78 97.50 37.97 0.9886 high
1252.50 400.78 93.75 37.97 0.9887 high
1256.25 400.78 93.75 37.97 0.9923 high
1256.25 400.78 97.50 40.08 0.9915 high
1260.00 402.89 93.75 37.97 0.9935 high
1260.00 402.89 97.50 40.08 0.9871 high
1263.75 402.89 93.75 40.08 0.9918 high
1263.75 402.89 97.50 40.08 0.9852 high
1263.75 405.00 97.50 40.08 0.9927 high
1267.50 407.11 93.75 37.97 0.9929 high
1267.50 407.11 93.75 40.08 0.9882 high
1267.50 409.22 97.50 37.97 0.9895 high
1271.25 411.33 93.75 37.97 0.9890 high
1271.25 413.44 90.00 37.97 0.9878 high
1271.25 415.55 93.75 37.97 0.9943 high
1271.25 417.66 90.00 35.86 0.9892 high
1271.25 417.66 93.75 37.97 0.9873 high
1271.25 419.77 93.75 35.86 0.9906 high
1271.25 421.88 93.75 35.86 0.9918 high
1271.25 421.88 93.75 37.97 0.9915 high
1271.25 423.98 93.75 37.97 0.9910 high
1271.25 426.09 93.75 35.86 0.9912 high
1271.25 426.09 93.75 37.97 0.9865 high
1271.25 428.20 93.75 37.97 0.9892 high
1271.25 430.31 93.75 37.97 0.9906 high
1271.25 432.42 93.75 37.97 0.9928 high
1271.25 434.53 93.75 37.97 0.9834 high
1271.25 436.64 93.75 37.97 0.9839 high
1271.25 438.75 93.75 35.86 0.9941 high
1271.25 440.86 93.75 35.86 0.9897 high
1271.25 442.97 93.75 35.86 0.9929 high
1271.25 442.97 93.75 37.97 0.9884 high
1267.50 445.08 93.75 37.97 0.9842 high
1267.50 447.19 93.75 35.86 0.9895 high
1271.25 449.30 90.00 35.86 0.9898 high
1271.25 451.41 90.00 35.86 0.9921 high
1267.50 453.52 93.75 35.86 0.9905 high
1267.50 453.52 93.75 35.86 0.9894 high
1267.50 457.73 90.00 33.75 0.9916 high
1267.50 457.73 86.25 35.86 0.9979 high
1263.75 459.84 93.75 35.86 0.9945 high
1263.75 459.84 90.00 35.86 0.9930 high
1263.75 461.95 86.25 35.86 0.9953 high
1263.75 464.06 82.50 35.86 0.9914 high
1263.75 464.06 82.50 37.97 0.9910 high
1263.75 466.17 82.50 37.97 0.9847 high
1263.75 468.28 82.50 37.97 0.9876 high
1263.75 470.39 86.25 37.97 0.9850 high
1263.75 472.50 82.50 35.86 0.9828 high
1263.75 474.61 82.50 35.86 0.9919 high
1260.00 476.72 90.00 33.75 0.9923 high
1263.75 478.83 82.50 23.20 0.9807 high
1263.75 480.94 75.00 27.42 0.9897 high
1263.75 483.05 71.25 29.53 0.9849 high
1271.25 485.16 75.00 25.31 0.9826 high
1269.41 486.97 72.89 25.23 0.0000 coast
1270.00 488.89 71.81 24.38 0.0000 coast
1563.75 683.44 37.50 16.88 0.9352 reinit
1563.75 683.44 37.50 16.88 0.9210 high
1563.75 683.44 30.00 14.77 0.9668 high
1563.75 681.33 37.50 18.98 0.9525 high
1563.75 681.33 33.75 16.88 0.9458 high
1560.00 677.11 41.25 23.20 0.9718 high
1563.75 679.22 33.75 18.98 0.9532 high
1563.75 683.44 30.00 14.77 0.9524 high
-100 -100 -100 -100 0.0000 coast_none
1563.75 683.44 30.00 8.44 0.7983 high
1563.65 683.12 29.45 8.76 0.0000 coast
1563.64 683.19 28.78 7.70 0.0000 coast
1567.50 681.33 26.25 14.77 0.9290 high
1571.25 683.44 22.50 10.55 0.8939 high
1571.08 682.93 22.13 10.97 0.0000 coast
1571.92 682.99 20.92 10.53 0.0000 coast
1563.75 681.33 33.75 16.88 0.9603 reinit
1563.75 681.33 33.75 16.88 0.9464 high
1560.00 677.11 37.50 23.20 0.9811 high
1560.00 677.11 41.25 25.31 0.9529 high
1560.00 681.33 37.50 16.88 0.9583 high
1563.75 683.44 30.00 14.77 0.9639 high
1563.75 683.44 30.00 14.77 0.9218 high
-100 -100 -100 -100 0.0000 coast_none
1563.46 684.04 29.34 14.25 0.0000 coast
1563.75 683.44 30.00 14.77 0.9487 high
-100 -100 -100 -100 0.0000 coast_none
-100 -100 -100 -100 0.0000 coast_none
1256.25 554.77 78.75 23.20 0.9790 reinit
1256.25 558.98 86.25 25.31 0.9827 high
1256.25 559.30 86.81 25.47 0.0000 coast
1256.25 565.31 97.50 27.42 0.9879 high
1260.00 567.42 93.75 29.53 0.9842 high
1260.00 569.53 90.00 31.64 0.9918 high
1260.00 573.75 93.75 33.75 0.9856 high
1260.00 575.86 93.75 31.64 0.9895 high
1256.25 575.86 97.50 33.75 0.9847 high
1260.00 577.97 93.75 35.86 0.9868 high
1260.00 580.08 93.75 35.86 0.9844 high
1263.75 582.19 90.00 35.86 0.9869 high
1260.00 584.30 90.00 33.75 0.9887 high
1256.25 584.30 97.50 35.86 0.9871 high
1256.25 586.41 93.75 37.97 0.9912 high
1256.25 588.52 93.75 37.97 0.9908 high
1256.25 588.52 93.75 40.08 0.9880 high
1256.25 588.52 93.75 40.08 0.9902 high
1256.25 588.52 93.75 40.08 0.9934 high
1256.25 590.62 93.75 40.08 0.9929 high
1256.25 592.73 93.75 37.97 0.9897 high
1256.25 592.73 93.75 40.08 0.9901 high
1252.50 592.73 97.50 40.08 0.9930 high
1256.25 592.73 93.75 40.08 0.9916 high
1256.25 592.73 93.75 40.08 0.9919 high
1256.25 592.73 97.50 40.08 0.9872 high
1256.25 594.84 97.50 37.97 0.9895 high
1256.25 594.84 97.50 37.97 0.9892 high
1256.25 594.84 93.75 37.97 0.9938 high
1256.25 594.84 93.75 40.08 0.9899 high
1256.25 594.84 93.75 37.97 0.9892 high
1256.25 596.95 93.75 37.97 0.9912 high
1252.50 596.95 97.50 37.97 0.9902 high
1256.25 596.95 93.75 37.97 0.9906 high
1256.25 596.95 93.75 37.97 0.9841 high
1256.25 596.95 93.75 37.97 0.9947 high
1256.25 596.95 93.75 37.97 0.9913 high
1248.75 596.95 97.50 37.97 0.9839 high
1248.75 599.06 97.50 33.75 0.9897 high
1252.50 599.06 93.75 33.75 0.9879 high
1248.75 599.06 97.50 33.75 0.9874 high
1248.75 599.06 97.50 33.75 0.9888 high
1248.75 601.17 97.50 31.64 0.9917 high
1248.75 601.17 97.50 31.64 0.9863 high
1248.75 601.17 97.50 33.75 0.9894 high
1248.75 601.17 97.50 33.75 0.9896 high
1248.75 603.28 97.50 29.53 0.9932 high
1248.75 603.28 97.50 29.53 0.9848 high
1248.75 603.28 97.50 31.64 0.9928 high
1248.75 605.39 97.50 31.64 0.9894 high
1245.00 605.39 101.25 29.53 0.9941 high
1245.00 605.39 101.25 29.53 0.9880 high
1245.00 607.50 101.25 27.42 0.9944 high
1245.00 607.50 101.25 27.42 0.9883 high
1245.00 607.50 105.00 29.53 0.9861 high
1245.00 607.50 105.00 31.64 0.9912 high
1241.25 607.50 108.75 33.75 0.9861 high
1241.25 609.61 108.75 29.53 0.9927 high
1241.25 609.61 108.75 29.53 0.9908 high
1241.25 609.61 108.75 31.64 0.9897 high
1241.25 609.61 105.00 31.64 0.9876 high
1241.25 609.61 108.75 31.64 0.9885 high
1245.00 609.61 105.00 33.75 0.9924 high
1245.00 609.61 108.75 33.75 0.9918 high
1245.00 609.61 108.75 33.75 0.9877 high
1245.00 611.72 108.75 31.64 0.9899 high
1245.00 609.61 108.75 33.75 0.9874 high
1256.25 611.72 97.50 25.31 0.9806 high
1260.00 611.72 93.75 25.31 0.9776 high
1256.25 611.72 97.50 31.64 0.9858 high
1260.00 611.72 93.75 31.64 0.9867 high
1256.25 611.72 97.50 33.75 0.9924 high
1252.50 611.72 101.25 33.75 0.9874 high
1252.50 611.72 97.50 33.75 0.9868 high
1248.75 611.72 105.00 35.86 0.9892 high
1248.75 611.72 105.00 35.86 0.9898 high
1252.50 611.72 97.50 33.75 0.9871 high
1252.50 611.72 97.50 33.75 0.9801 high
1256.25 611.72 93.75 33.75 0.9870 high
1256.25 611.72 97.50 33.75 0.9903 high
1263.75 611.72 90.00 33.75 0.9884 high
1263.75 613.83 90.00 33.75 0.9860 high
1271.25 613.83 82.50 29.53 0.9867 high
1271.25 613.83 86.25 31.64 0.9868 high
1271.25 613.83 82.50 31.64 0.9869 high
1271.25 613.83 82.50 31.64 0.9845 high
1271.25 613.83 82.50 29.53 0.9850 high
1271.25 613.83 82.50 29.53 0.9808 high
1267.50 613.83 86.25 31.64 0.9899 high
1256.25 613.83 97.50 31.64 0.9853 high
1263.75 613.83 90.00 31.64 0.9858 high
1271.25 611.72 82.50 31.64 0.9838 high
1256.25 611.72 97.50 31.64 0.9833 high
1267.50 611.72 86.25 29.53 0.9836 high
1267.50 611.72 86.25 29.53 0.9805 high
1267.50 611.72 86.25 31.64 0.9866 high
1260.00 611.72 93.75 31.64 0.9850 high
1260.00 611.72 93.75 31.64 0.9833 high
1260.00 611.72 93.75 33.75 0.9854 high
1260.00 611.72 93.75 33.75 0.9861 high
1260.00 611.72 93.75 33.75 0.9877 high
1267.50 611.72 86.25 31.64 0.9882 high
1267.50 611.72 86.25 33.75 0.9822 high
1267.50 611.72 86.25 35.86 0.9881 high
1263.75 613.83 90.00 33.75 0.9846 high
1267.50 613.83 82.50 31.64 0.9910 high
1260.00 613.83 90.00 33.75 0.9828 high
1263.75 613.83 86.25 33.75 0.9881 high
1267.50 613.83 82.50 35.86 0.9877 high
1267.50 613.83 82.50 35.86 0.9843 high
1267.50 613.83 78.75 27.42 0.9772 high
1271.25 613.83 71.25 27.42 0.9765 high
1275.00 615.94 71.25 23.20 0.9866 high
1278.75 615.94 67.50 21.09 0.9754 high
1278.75 618.05 67.50 18.98 0.9801 high
1271.25 618.05 75.00 23.20 0.9910 high
1271.25 618.05 75.00 21.09 0.9727 high
1267.50 618.05 60.00 14.77 0.9487 high
1263.75 618.05 75.00 27.42 0.9857 high
1264.71 618.59 70.98 23.61 0.0000 coast
1263.75 620.16 75.00 31.64 0.9827 high
1252.50 620.16 93.75 35.86 0.9849 high
1245.00 622.27 97.50 35.86 0.9871 high
1241.25 622.27 101.25 37.97 0.9841 high
1248.75 622.27 93.75 40.08 0.9862 high
1256.25 624.38 86.25 37.97 0.9866 high
1260.00 624.38 82.50 37.97 0.9919 high
1241.25 626.48 101.25 33.75 0.9904 high
1226.25 626.48 101.25 33.75 0.9873 high
1241.25 626.48 97.50 35.86 0.9910 high
1260.00 628.59 82.50 31.64 0.9867 high
1263.75 628.59 78.75 37.97 0.9872 high
1263.75 630.70 78.75 33.75 0.9855 high
1260.00 630.70 78.75 33.75 0.9904 high
1256.25 632.81 82.50 33.75 0.9806 high
1263.75 632.81 75.00 31.64 0.9890 high
1271.25 634.92 67.50 25.31 0.9743 high
1271.25 634.92 67.50 27.42 0.9935 high
1267.50 634.92 75.00 27.42 0.9891 high
1256.25 634.92 82.50 29.53 0.9799 high
1248.75 634.92 90.00 33.75 0.9861 high
1263.75 637.03 71.25 29.53 0.9821 high
1267.50 637.03 71.25 33.75 0.9936 high
1267.50 637.03 75.00 35.86 0.9807 high
1267.50 637.03 75.00 33.75 0.9859 high
1267.50 639.14 75.00 31.64 0.9894 high
1263.75 639.14 78.75 29.53 0.9844 high
1260.00 639.14 86.25 29.53 0.9908 high
1252.50 639.14 93.75 33.75 0.9889 high
1256.25 639.14 93.75 29.53 0.9861 high
1260.00 639.14 86.25 29.53 0.9897 high
1260.00 639.14 82.50 29.53 0.9864 high
1256.25 639.14 86.25 33.75 0.9789 high
1252.50 639.14 90.00 35.86 0.9831 high
1256.25 639.14 82.50 33.75 0.9875 high
1256.25 639.14 86.25 31.64 0.9876 high
1260.00 639.14 82.50 31.64 0.9851 high
1252.50 639.14 90.00 33.75 0.9896 high
1252.50 639.14 90.00 31.64 0.9880 high
1256.25 639.14 86.25 29.53 0.9795 high
1256.25 641.25 82.50 27.42 0.9807 high
1252.50 641.25 82.50 27.42 0.9919 high
1245.00 641.25 90.00 31.64 0.9869 high
1245.00 641.25 93.75 31.64 0.9857 high
1241.25 641.25 97.50 31.64 0.9889 high
1245.00 641.25 86.25 33.75 0.9877 high
1245.00 641.25 86.25 31.64 0.9844 high
1245.00 641.25 82.50 31.64 0.9838 high
1245.00 641.25 86.25 29.53 0.9889 high
1248.75 643.36 86.25 27.42 0.9889 high
1248.75 643.36 86.25 27.42 0.9930 high
1248.75 643.36 90.00 29.53 0.9879 high
1245.00 643.36 97.50 37.97 0.9887 high
1245.00 643.36 97.50 37.97 0.9838 high
1245.00 643.36 97.50 37.97 0.9929 high
1245.00 643.36 97.50 40.08 0.9905 high
1248.75 643.36 93.75 40.08 0.9904 high
1248.75 643.36 93.75 40.08 0.9900 high
1248.75 643.36 93.75 40.08 0.9927 high
1248.75 643.36 93.75 33.75 0.9879 high
1248.75 643.36 93.75 33.75 0.9917 high
1248.75 643.36 90.00 37.97 0.9889 high
1248.75 643.36 90.00 40.08 0.9883 high
1248.75 645.47 90.00 37.97 0.9885 high
1252.50 645.47 86.25 37.97 0.9894 high
1252.50 645.47 86.25 40.08 0.9920 high
1256.25 645.47 86.25 40.08 0.9945 high
1256.25 645.47 86.25 40.08 0.9881 high
1256.25 645.47 86.25 40.08 0.9903 high
1256.25 645.47 86.25 42.19 0.9893 high
1256.25 645.47 90.00 42.19 0.9853 high
1256.25 645.47 90.00 40.08 0.9908 high
1260.00 645.47 86.25 37.97 0.9919 high
1260.00 647.58 90.00 33.75 0.9899 high
1260.00 647.58 90.00 35.86 0.9843 high
1260.00 647.58 90.00 35.86 0.9915 high
1260.00 647.58 93.75 35.86 0.9831 high
1256.25 647.58 97.50 37.97 0.9886 high
1256.25 647.58 97.50 40.08 0.9863 high
1260.00 649.69 97.50 37.97 0.9950 high
1260.00 649.69 97.50 37.97 0.9864 high
1267.50 649.69 90.00 37.97 0.9896 high
1275.00 649.69 82.50 35.86 0.9829 high
1267.50 649.69 93.75 35.86 0.9899 high
1275.00 649.69 86.25 35.86 0.9871 high
1275.00 649.69 86.25 33.75 0.9906 high
1275.00 649.69 86.25 33.75 0.9880 high
1278.75 649.69 82.50 33.75 0.9952 high
1282.50 649.69 82.50 33.75 0.9885 high
1282.50 649.69 82.50 37.97 0.9919 high
1282.50 649.69 82.50 40.08 0.9914 high
1290.00 649.69 75.00 40.08 0.9846 high
1290.00 649.69 75.00 40.08 0.9901 high
1293.75 649.69 75.00 40.08 0.9800 high
1286.25 649.69 82.50 42.19 0.9877 high
1282.50 649.69 86.25 42.19 0.9925 high
1282.50 651.80 86.25 42.19 0.9932 high
1282.50 651.80 86.25 42.19 0.9927 high
1282.50 651.80 86.25 42.19 0.9941 high
1282.50 651.80 86.25 42.19 0.9939 high
1282.50 653.91 86.25 40.08 0.9887 high
1286.25 653.91 82.50 42.19 0.9925 high
1282.50 653.91 86.25 44.30 0.9829 high
1290.00 653.91 82.50 44.30 0.9886 high
1282.50 656.02 90.00 42.19 0.9850 high
1293.75 656.02 78.75 40.08 0.9882 high
1293.75 656.02 78.75 42.19 0.9873 high
1293.75 658.12 78.75 40.08 0.9862 high
1293.75 658.12 78.75 40.08 0.9943 high
1282.50 658.12 90.00 40.08 0.9874 high
1282.50 658.12 90.00 42.19 0.9902 high
1278.75 658.12 93.75 42.19 0.9835 high
1271.25 658.12 97.50 42.19 0.9877 high
1271.25 658.12 97.50 42.19 0.9918 high
1271.25 658.12 97.50 42.19 0.9902 high
1271.25 660.23 97.50 40.08 0.9922 high
1267.50 660.23 101.25 40.08 0.9894 high
1267.50 660.23 101.25 42.19 0.9903 high
1271.25 660.23 97.50 40.08 0.9944 high
1271.25 660.23 97.50 42.19 0.9897 high
1271.25 660.23 97.50 42.19 0.9918 high
1271.25 660.23 97.50 42.19 0.9918 high
1271.25 660.23 93.75 42.19 0.9902 high
1263.75 660.23 101.25 42.19 0.9883 high
1263.75 662.34 101.25 40.08 0.9900 high
1263.75 662.34 97.50 40.08 0.9893 high
1260.00 662.34 101.25 40.08 0.9881 high
1256.25 662.34 105.00 40.08 0.9897 high
1260.00 662.34 101.25 40.08 0.9854 high
1263.75 664.45 97.50 37.97 0.9917 high
1263.75 664.45 97.50 35.86 0.9874 high
1267.50 664.45 93.75 37.97 0.9909 high
1267.50 666.56 93.75 35.86 0.9894 high
1267.50 666.56 93.75 35.86 0.9938 high
1267.50 666.56 93.75 37.97 0.9883 high
1267.50 666.56 93.75 37.97 0.9848 high
1263.75 666.56 97.50 37.97 0.9900 high
1263.75 666.56 97.50 37.97 0.9851 high
1260.00 668.67 101.25 35.86 0.9853 high
1263.75 668.67 101.25 37.97 0.9843 high
1263.75 668.67 97.50 37.97 0.9914 high
1263.75 668.67 97.50 40.08 0.9894 high
1260.00 670.78 101.25 37.97 0.9898 high
1256.25 668.67 105.00 42.19 0.9916 high
1260.00 670.78 101.25 40.08 0.9914 high
1260.00 670.78 101.25 40.08 0.9904 high
1260.00 670.78 101.25 40.08 0.9907 high
1263.75 670.78 97.50 42.19 0.9922 high
1267.50 670.78 93.75 42.19 0.9823 high
1267.50 670.78 93.75 42.19 0.9862 high
1267.50 672.89 93.75 40.08 0.9897 high
1267.50 672.89 93.75 40.08 0.9842 high
1263.75 672.89 93.75 40.08 0.9841 high
1260.00 672.89 93.75 40.08 0.9919 high
1260.00 670.78 97.50 42.19 0.9882 high
1256.25 672.89 97.50 40.08 0.9930 high
1256.25 672.89 93.75 40.08 0.9920 high
1248.75 672.89 101.25 40.08 0.9888 high
1248.75 672.89 97.50 37.97 0.9864 high
1252.50 672.89 93.75 42.19 0.9889 high
1248.75 672.89 93.75 35.86 0.9910 high
1245.00 672.89 90.00 42.19 0.9882 high
1252.50 672.89 78.75 35.86 0.9813 high
-100 -100 -100 -100 0.0000 coast_none
1248.52 673.21 79.74 36.82 0.0000 coast
-100 -100 -100 -100 0.0000 coast_none
1222.50 672.89 90.00 31.64 0.9857 high
1221.60 673.01 88.62 31.30 0.0000 coast
1218.44 673.08 88.45 30.55 0.0000 coast
1215.29 673.14 88.28 29.79 0.0000 coast
1192.50 687.66 45.00 16.88 0.9700 reinit
1192.50 683.44 48.75 18.98 0.9526 high
1192.50 683.12 49.03 19.14 0.0000 coast
1192.50 682.25 49.80 19.58 0.0000 coast
1147.50 687.66 56.25 18.98 0.9854 reinit
1140.00 687.66 71.25 33.75 0.9879 high
1132.50 687.66 67.50 33.75 0.9826 high
1131.19 687.66 70.76 36.84 0.0000 coast
1110.00 687.66 67.50 29.53 0.9916 high
1102.50 685.55 82.50 31.64 0.9884 high
1087.50 685.55 93.75 33.75 0.9896 high
1076.25 685.55 86.25 37.97 0.9814 high
1076.25 685.55 78.75 25.31 0.9842 high
1053.75 687.66 97.50 37.97 0.9836 high
1046.25 687.66 101.25 35.86 0.9861 high
1038.75 685.55 86.25 37.97 0.9892 high
1035.00 685.55 90.00 35.86 0.9818 high
1027.50 685.55 90.00 37.97 0.9883 high
1017.69 685.38 93.39 38.59 0.0000 coast
1009.04 685.21 95.39 39.38 0.0000 coast
1023.75 691.88 33.75 14.77 0.9169 reinit
1023.75 691.88 30.00 14.77 0.9288 high
1023.75 691.88 29.72 14.77 0.0000 coast
1020.00 693.98 33.75 14.77 0.9825 high
-100 -100 -100 -100 0.0000 coast_none
-100 -100 -100 -100 0.0000 coast_none
1016.91 695.72 35.38 14.77 0.0000 coast
990.00 693.98 22.50 6.33 0.9014 reinit
-100 -100 -100 -100 0.0000 coast_none
-100 -100 -100 -100 0.0000 coast_none
952.50 696.09 37.50 16.88 0.9674 reinit
952.50 696.09 33.75 18.98 0.9730 high
948.75 696.09 33.75 16.88 0.9759 high
-100 -100 -100 -100 0.0000 coast_none
-100 -100 -100 -100 0.0000 coast_none
-100 -100 -100 -100 0.0000 coast_none
1582.50 683.44 11.25 6.33 0.9552 reinit
1582.50 683.44 11.25 6.33 0.8790 high
1586.25 683.44 7.50 6.33 0.8382 high
1586.63 683.44 7.12 6.33 0.0000 coast
-100 -100 -100 -100 0.0000 coast_none
-100 -100 -100 -100 0.0000 coast_none
918.75 702.42 18.75 6.33 0.9358 reinit
918.75 702.42 18.75 6.33 0.0000 coast
918.75 702.42 18.75 6.33 0.0000 coast
907.50 698.20 52.50 18.98 0.9457 reinit
903.75 698.20 56.25 21.09 0.9614 high
900.00 693.98 67.50 31.64 0.9829 high
900.00 693.98 71.25 35.86 0.9838 high
896.25 693.98 78.75 35.86 0.9917 high
896.25 693.98 78.75 35.86 0.9861 high
896.25 691.88 78.75 37.97 0.9878 high
896.25 691.88 75.00 37.97 0.9909 high
896.25 691.88 78.75 37.97 0.9873 high
896.25 691.88 78.75 37.97 0.9929 high
896.25 691.88 78.75 37.97 0.9866 high
896.25 691.88 78.75 37.97 0.9878 high
896.25 691.88 78.75 35.86 0.9835 high
896.25 691.88 78.75 37.97 0.9867 high
896.25 691.88 78.75 33.75 0.9816 high
900.00 693.98 71.25 29.53 0.9844 high
900.00 693.98 71.25 31.64 0.9724 high
900.00 693.98 67.50 37.97 0.9767 high
903.75 693.98 63.75 37.97 0.9699 high
902.84 693.91 64.92 38.34 0.0000 coast
903.20 693.89 64.35 39.12 0.0000 coast
903.56 693.87 63.78 39.91 0.0000 coast
-100 -100 -100 -100 0.0000 coast_none
945.00 704.53 22.50 14.77 0.9719 reinit
941.25 704.53 30.00 18.98 0.9837 high
-100 -100 -100 -100 0.0000 coast_none
-100 -100 -100 -100 0.0000 coast_none
-100 -100 -100 -100 0.0000 coast_none
-100 -100 -100 -100 0.0000 coast_none
-100 -100 -100 -100 0.0000 coast_none
1582.50 683.44 11.25 6.33 0.9582 reinit
1582.50 683.44 11.25 6.33 0.9120 high
-100 -100 -100 -100 0.0000 coast_none
-100 -100 -100 -100 0.0000 coast_none
-100 -100 -100 -100 0.0000 coast_none
-100 -100 -100 -100 0.0000 coast_none
-100 -100 -100 -100 0.0000 coast_none
-100 -100 -100 -100 0.0000 coast_none
-100 -100 -100 -100 0.0000 coast_none
-100 -100 -100 -100 0.0000 coast_none
-100 -100 -100 -100 0.0000 coast_none
-100 -100 -100 -100 0.0000 coast_none
-100 -100 -100 -100 0.0000 miss
-100 -100 -100 -100 0.0000 miss
-100 -100 -100 -100 0.0000 miss
-100 -100 -100 -100 0.0000 miss
-100 -100 -100 -100 0.0000 miss
-100 -100 -100 -100 0.0000 miss
-100 -100 -100 -100 0.0000 miss
-100 -100 -100 -100 0.0000 miss
-100 -100 -100 -100 0.0000 miss
-100 -100 -100 -100 0.0000 miss
-100 -100 -100 -100 0.0000 miss
-100 -100 -100 -100 0.0000 miss
-100 -100 -100 -100 0.0000 miss
-100 -100 -100 -100 0.0000 miss
-100 -100 -100 -100 0.0000 miss
963.75 687.66 26.25 10.55 0.9817 reinit
956.25 683.44 37.50 16.88 0.9835 high
960.00 687.66 30.00 12.66 0.9891 high
958.01 686.32 33.18 14.44 0.0000 coast
-100 -100 -100 -100 0.0000 coast_none
956.83 686.60 34.11 14.97 0.0000 coast
-100 -100 -100 -100 0.0000 coast_none
-100 -100 -100 -100 0.0000 coast_none
-100 -100 -100 -100 0.0000 coast_none
960.00 683.44 37.50 14.77 0.9679 high
956.25 679.22 41.25 18.98 0.9675 high
957.13 679.92 41.13 18.14 0.0000 coast
956.86 679.35 42.00 18.57 0.0000 coast
960.00 677.11 41.25 18.98 0.9381 high
959.40 676.70 42.28 19.42 0.0000 coast
959.40 676.00 43.03 19.85 0.0000 coast
967.50 675.00 3.75 2.11 0.9294 reinit
967.50 675.00 3.75 2.11 0.0000 coast
967.50 675.00 3.75 2.11 0.0000 coast
-100 -100 -100 -100 0.0000 coast_none
971.25 672.89 3.75 2.11 0.8392 high
-100 -100 -100 -100 0.0000 coast_none
-100 -100 -100 -100 0.0000 coast_none
-100 -100 -100 -100 0.0000 coast_none
-100 -100 -100 -100 0.0000 coast_none
986.25 670.78 30.00 6.33 0.9645 reinit
990.00 668.67 30.00 8.44 0.9864 high
990.28 668.51 30.00 8.59 0.0000 coast
986.25 666.56 45.00 12.66 0.9583 high
-100 -100 -100 -100 0.0000 coast_none
985.60 664.99 51.88 15.19 0.0000 coast
1038.75 660.23 22.50 10.55 0.9681 reinit
-100 -100 -100 -100 0.0000 coast_none
-100 -100 -100 -100 0.0000 coast_none
1042.50 656.02 33.75 12.66 0.9710 high
1043.13 655.30 35.65 13.01 0.0000 coast
-100 -100 -100 -100 0.0000 coast_none
1031.25 651.80 56.25 16.88 0.9715 high
1032.87 651.00 57.70 17.15 0.0000 coast
1032.13 649.90 61.90 17.94 0.0000 coast
1020.00 647.58 78.75 33.75 0.9906 high
1027.50 649.69 71.25 23.20 0.9820 high
1031.25 647.58 75.00 25.31 0.9856 high
1035.00 647.58 75.00 27.42 0.9759 high
1038.75 645.47 71.25 33.75 0.9911 high
1038.75 645.47 75.00 35.86 0.9864 high
1038.75 647.58 71.25 29.53 0.9785 high
1038.75 645.47 75.00 31.64 0.9873 high
1038.75 645.47 75.00 29.53 0.9841 high
1038.75 645.47 75.00 35.86 0.9807 high
1050.00 645.47 67.50 27.42 0.9778 high
1050.00 645.47 71.25 33.75 0.9829 high
1053.75 645.47 71.25 25.31 0.9849 high
1053.75 645.47 71.25 25.31 0.9891 high
1057.50 645.47 63.75 23.20 0.9884 high
1057.50 645.47 63.75 23.20 0.9889 high
1059.09 644.94 65.17 23.14 0.0000 coast
1053.75 647.58 63.75 23.20 0.9853 high
1053.75 647.58 71.25 27.42 0.9857 high
1057.50 647.58 71.25 27.42 0.9947 high
1057.50 647.58 75.00 25.31 0.9906 high
1057.50 647.58 75.00 27.42 0.9841 high
1061.25 647.58 67.50 27.42 0.9771 high
1061.25 647.58 75.00 27.42 0.9806 high
1057.50 647.58 78.75 27.42 0.9741 high
1057.50 647.58 78.75 25.31 0.9904 high
1061.25 647.58 75.00 23.20 0.9793 high
1061.25 647.58 71.25 23.20 0.9830 high
1061.25 647.58 75.00 25.31 0.9814 high
1061.25 647.58 78.75 27.42 0.9782 high
1061.25 647.58 78.75 29.53 0.9822 high
1061.25 647.58 78.75 27.42 0.9829 high
1065.00 649.69 75.00 21.09 0.9776 high
1065.00 647.58 71.25 23.20 0.9856 high
1061.25 649.69 60.00 21.09 0.9645 high
1061.25 649.69 52.50 21.09 0.9682 high
1061.25 649.69 48.75 21.09 0.9802 high
1061.25 649.69 48.75 21.09 0.9876 high
1061.25 649.69 52.50 23.20 0.9783 high
1061.25 647.58 48.75 25.31 0.9695 high
1061.32 648.20 47.19 24.69 0.0000 coast
1061.35 648.09 45.54 24.99 0.0000 coast
1061.25 647.58 71.25 25.31 0.9809 reinit
1061.25 647.58 75.00 25.31 0.9804 high
1061.25 647.58 78.75 25.31 0.9832 high
1061.25 647.58 75.00 23.20 0.9707 high
1065.00 647.58 71.25 21.09 0.9683 high
1061.25 647.58 82.50 29.53 0.9822 high
1061.25 647.58 82.50 29.53 0.9866 high
1061.25 645.47 86.25 31.64 0.9872 high
1061.25 647.58 90.00 33.75 0.9868 high
1061.25 645.47 82.50 33.75 0.9905 high
1061.25 645.47 86.25 35.86 0.9897 high
1065.00 645.47 75.00 31.64 0.9856 high
1065.00 645.47 75.00 31.64 0.9808 high
1061.25 645.47 78.75 33.75 0.9858 high
1061.25 645.47 82.50 33.75 0.9846 high
1061.25 645.47 86.25 33.75 0.9858 high
1061.25 645.47 93.75 33.75 0.9911 high
1065.00 645.47 93.75 33.75 0.9828 high
1065.00 643.36 93.75 35.86 0.9856 high
1065.00 643.36 90.00 31.64 0.9893 high
1068.75 643.36 82.50 31.64 0.9907 high
1068.75 643.36 86.25 31.64 0.9869 high
1065.00 641.25 90.00 31.64 0.9865 high
1065.00 641.25 93.75 33.75 0.9820 high
1065.00 641.25 93.75 33.75 0.9883 high
1065.00 641.25 93.75 35.86 0.9870 high
1065.00 641.25 97.50 35.86 0.9877 high
1065.00 641.25 101.25 35.86 0.9851 high
1065.00 641.25 101.25 35.86 0.9910 high
1065.00 641.25 101.25 35.86 0.9891 high
1065.00 641.25 101.25 35.86 0.9900 high
1065.00 641.25 101.25 37.97 0.9867 high
1065.00 641.25 101.25 37.97 0.9884 high
1065.00 641.25 101.25 37.97 0.9853 high
1065.00 639.14 101.25 35.86 0.9853 high
1065.00 639.14 101.25 35.86 0.9893 high
1065.00 639.14 101.25 37.97 0.9866 high
1065.00 639.14 101.25 37.97 0.9891 high
1065.00 639.14 101.25 37.97 0.9908 high
1065.00 639.14 101.25 37.97 0.9887 high
1065.00 639.14 101.25 37.97 0.9854 high
1065.00 639.14 93.75 35.86 0.9964 high
1065.00 639.14 93.75 37.97 0.9890 high
1065.00 639.14 93.75 40.08 0.9858 high
1065.00 639.14 93.75 40.08 0.9879 high
1065.00 639.14 93.75 37.97 0.9938 high
1065.00 639.14 93.75 37.97 0.9857 high
1068.75 639.14 90.00 37.97 0.9885 high
1068.75 637.03 93.75 40.08 0.9887 high
1068.75 637.03 101.25 33.75 0.9928 high
1072.50 634.92 105.00 37.97 0.9822 high
1072.50 634.92 101.25 35.86 0.9940 high
1072.50 632.81 97.50 33.75 0.9869 high
1076.25 630.70 93.75 33.75 0.9835 high
1076.25 628.59 90.00 37.97 0.9902 high
1072.50 628.59 93.75 35.86 0.9845 high
1080.00 624.38 86.25 35.86 0.9860 high
1080.00 622.27 93.75 33.75 0.9896 high
1080.00 620.16 90.00 35.86 0.9870 high
1080.00 620.16 90.00 31.64 0.9864 high
1080.00 618.05 90.00 33.75 0.9889 high
1080.00 618.05 93.75 31.64 0.9855 high
1083.75 615.94 86.25 33.75 0.9936 high
1083.75 615.94 86.25 33.75 0.9911 high
1080.00 613.83 90.00 35.86 0.9867 high
1080.00 613.83 93.75 35.86 0.9889 high
1080.00 613.83 93.75 35.86 0.9886 high
1083.75 613.83 90.00 35.86 0.9920 high
1080.00 613.83 90.00 35.86 0.9947 high
1080.00 613.83 90.00 33.75 0.9881 high
1083.75 613.83 82.50 33.75 0.9909 high
1083.75 613.83 82.50 29.53 0.9848 high
1083.75 613.83 82.50 29.53 0.9839 high
1083.75 611.72 82.50 31.64 0.9875 high
1083.75 613.83 82.50 29.53 0.9929 high
1083.75 611.72 82.50 33.75 0.9834 high
1083.75 611.72 82.50 33.75 0.9852 high
1083.75 611.72 82.50 33.75 0.9919 high
1083.75 611.72 82.50 33.75 0.9902 high
1083.75 611.72 86.25 33.75 0.9910 high
1083.75 611.72 90.00 33.75 0.9893 high
1083.75 611.72 86.25 35.86 0.9870 high
1083.75 613.83 86.25 31.64 0.9864 high
1083.75 613.83 82.50 31.64 0.9853 high
1083.75 613.83 86.25 33.75 0.9821 high
1083.75 615.94 82.50 31.64 0.9908 high
1083.75 615.94 86.25 31.64 0.9942 high
1083.75 615.94 86.25 33.75 0.9902 high
1080.00 618.05 93.75 33.75 0.9933 high
1080.00 618.05 93.75 35.86 0.9916 high
1080.00 618.05 90.00 35.86 0.9921 high
1080.00 620.16 90.00 33.75 0.9933 high
1080.00 620.16 90.00 35.86 0.9869 high
1080.00 620.16 90.00 37.97 0.9916 high
1080.00 620.16 90.00 37.97 0.9865 high
1080.00 622.27 90.00 37.97 0.9860 high
1080.00 622.27 90.00 35.86 0.9893 high
1080.00 622.27 93.75 37.97 0.9917 high
1080.00 622.27 93.75 37.97 0.9938 high
1080.00 622.27 93.75 40.08 0.9887 high
1080.00 622.27 93.75 40.08 0.9902 high
1080.00 622.27 93.75 35.86 0.9869 high
1080.00 622.27 93.75 35.86 0.9845 high
1080.00 622.27 93.75 37.97 0.9889 high
1080.00 622.27 93.75 37.97 0.9897 high
1080.00 622.27 93.75 37.97 0.9895 high
1080.00 622.27 93.75 37.97 0.9923 high
1080.00 622.27 90.00 37.97 0.9918 high
1080.00 622.27 90.00 37.97 0.9924 high
1080.00 622.27 93.75 35.86 0.9876 high
1080.00 624.38 93.75 33.75 0.9927 high
1083.75 624.38 93.75 35.86 0.9884 high
1083.75 622.27 97.50 37.97 0.9896 high
1083.75 622.27 93.75 33.75 0.9878 high
1087.50 622.27 90.00 31.64 0.9920 high
1087.50 622.27 90.00 31.64 0.9813 high
1083.75 620.16 93.75 33.75 0.9792 high
1080.00 620.16 93.75 33.75 0.9892 high
1080.00 620.16 93.75 33.75 0.9880 high
1080.00 620.16 90.00 33.75 0.9886 high
1080.00 620.16 90.00 31.64 0.9895 high
1080.00 620.16 90.00 31.64 0.9870 high
1076.25 620.16 90.00 33.75 0.9909 high
1076.25 618.05 90.00 35.86 0.9882 high
1076.25 618.05 90.00 33.75 0.9824 high
1076.25 618.05 86.25 37.97 0.9927 high
1072.50 618.05 90.00 37.97 0.9893 high
1068.75 615.94 90.00 40.08 0.9869 high
1068.75 615.94 90.00 37.97 0.9901 high
1072.50 613.83 86.25 37.97 0.9892 high
1076.25 613.83 82.50 33.75 0.9927 high
1072.50 613.83 82.50 31.64 0.9931 high
1068.75 613.83 82.50 33.75 0.9898 high
1065.00 611.72 86.25 37.97 0.9841 high
1065.00 611.72 82.50 35.86 0.9942 high
1061.25 611.72 82.50 33.75 0.9915 high
1057.50 609.61 86.25 29.53 0.9828 high
1057.50 609.61 86.25 29.53 0.9905 high
1053.75 609.61 86.25 29.53 0.9944 high
1053.75 607.50 86.25 31.64 0.9871 high
1050.00 603.28 86.25 33.75 0.9863 high
1050.00 603.28 82.50 35.86 0.9834 high
1046.25 601.17 82.50 35.86 0.9810 high
1042.50 603.28 86.25 35.86 0.9867 high
1038.75 605.39 78.75 31.64 0.9758 high
1035.00 601.17 86.25 35.86 0.9881 high
1035.00 601.17 78.75 33.75 0.9801 high
1032.23 600.42 80.21 34.22 0.0000 coast
1029.98 599.66 79.76 34.24 0.0000 coast
-100 -100 -100 -100 0.0000 coast_none
1025.50 598.16 78.87 34.27 0.0000 coast
-100 -100 -100 -100 0.0000 coast_none
1563.75 683.44 30.00 14.77 0.9292 reinit
1563.75 683.44 26.25 14.77 0.8415 high
1563.75 683.44 25.97 14.77 0.0000 coast
-100 -100 -100 -100 0.0000 coast_none
1008.75 601.17 48.75 18.98 0.9706 reinit
1001.25 594.84 71.25 27.42 0.9789 high
1000.69 594.37 72.92 28.05 0.0000 coast
999.14 593.07 77.57 29.79 0.0000 coast
1008.75 599.06 60.00 21.09 0.9717 high
1007.79 598.14 63.47 22.28 0.0000 coast
1008.20 598.12 64.21 22.19 0.0000 coast
1012.50 599.06 37.50 14.77 0.9668 high
1013.07 599.08 37.13 14.38 0.0000 coast
1014.02 599.19 34.10 13.28 0.0000 coast
986.25 586.41 7.50 8.44 0.9046 reinit
986.25 586.41 7.50 8.44 0.0000 coast
986.25 586.41 7.50 8.44 0.0000 coast
982.50 586.41 86.25 37.97 0.9810 reinit
978.75 580.08 93.75 46.41 0.9872 high
982.50 588.52 71.25 31.64 0.9809 high
978.75 586.41 63.75 29.53 0.9743 high
971.25 586.41 71.25 31.64 0.9874 high
967.50 586.41 75.00 31.64 0.9709 high
971.25 586.41 71.25 31.64 0.9778 high
967.50 586.41 75.00 31.64 0.9870 high
967.50 586.41 75.00 33.75 0.9829 high
967.50 586.41 82.50 33.75 0.9870 high
967.50 586.41 78.75 31.64 0.9911 high
971.25 586.41 82.50 33.75 0.9903 high
971.25 586.41 82.50 35.86 0.9894 high
971.25 586.41 78.75 31.64 0.9608 high
970.03 586.60 80.26 32.37 0.0000 coast
969.42 586.71 80.42 32.06 0.0000 coast
971.25 586.41 75.00 31.64 0.9748 high
975.00 586.41 82.50 31.64 0.9675 high
975.00 586.41 71.25 31.64 0.9856 high
975.00 584.30 78.75 33.75 0.9819 high
975.00 584.30 97.50 37.97 0.9893 high
975.00 582.19 101.25 46.41 0.9909 high
978.75 582.19 101.25 46.41 0.9922 high
978.75 582.19 101.25 46.41 0.9881 high
978.75 582.19 101.25 46.41 0.9859 high
978.75 586.41 97.50 46.41 0.9891 high
986.25 588.52 82.50 40.08 0.9813 high
982.50 586.41 93.75 35.86 0.9861 high
982.50 580.08 101.25 46.41 0.9920 high
986.25 580.08 97.50 48.52 0.9874 high
982.50 580.08 101.25 50.62 0.9898 high
990.00 580.08 97.50 52.73 0.9909 high
990.00 582.19 93.75 44.30 0.9899 high
997.50 582.19 86.25 37.97 0.9895 high
997.50 582.19 86.25 37.97 0.9868 high
997.50 582.19 86.25 40.08 0.9882 high
1001.25 582.19 82.50 42.19 0.9914 high
1001.25 584.30 75.00 37.97 0.9816 high
1005.00 584.30 75.00 40.08 0.9874 high
1008.75 584.30 75.00 37.97 0.9736 high
1009.83 584.44 73.16 38.09 0.0000 coast
1012.50 584.30 63.75 35.86 0.9628 high
1016.25 588.52 56.25 35.86 0.9746 high
1017.92 587.93 55.19 35.30 0.0000 coast
1020.11 588.46 52.24 34.78 0.0000 coast
1020.00 584.30 75.00 42.19 0.9858 reinit
1012.50 584.30 78.75 44.30 0.9918 high
1011.94 584.30 79.03 44.45 0.0000 coast
1023.75 590.62 56.25 37.97 0.9550 high
1024.33 591.63 53.28 37.30 0.0000 coast
1016.25 590.62 60.00 25.31 0.9520 high
1012.50 588.52 63.75 37.97 0.9712 high
1012.50 586.41 67.50 42.19 0.9795 high
1008.75 586.41 71.25 44.30 0.9880 high
1012.50 588.52 75.00 42.19 0.9836 high
1012.50 586.41 82.50 44.30 0.9870 high
1012.50 590.62 67.50 40.08 0.9736 high
1012.50 590.62 78.75 42.19 0.9808 high
1035.00 586.41 63.75 46.41 0.9692 high
1038.75 588.52 52.50 42.19 0.9662 high
1038.75 592.73 41.25 37.97 0.9680 high
1035.00 596.95 48.75 35.86 0.9720 high
1031.25 592.73 52.50 42.19 0.9785 high
1033.74 594.66 49.18 40.35 0.0000 coast
1034.29 595.32 48.06 40.40 0.0000 coast
1012.50 594.84 11.25 8.44 0.9754 reinit
1012.50 594.84 11.25 8.44 0.9430 high
1012.50 594.84 11.25 8.44 0.0000 coast
-100 -100 -100 -100 0.0000 coast_none
-100 -100 -100 -100 0.0000 coast_none
-100 -100 -100 -100 0.0000 coast_none
-100 -100 -100 -100 0.0000 coast_none
-100 -100 -100 -100 0.0000 coast_none
-100 -100 -100 -100 0.0000 coast_none
-100 -100 -100 -100 0.0000 coast_none
-100 -100 -100 -100 0.0000 coast_none
-100 -100 -100 -100 0.0000 coast_none
-100 -100 -100 -100 0.0000 miss
-100 -100 -100 -100 0.0000 miss
-100 -100 -100 -100 0.0000 miss
-100 -100 -100 -100 0.0000 miss
-100 -100 -100 -100 0.0000 miss
-100 -100 -100 -100 0.0000 miss
-100 -100 -100 -100 0.0000 miss
-100 -100 -100 -100 0.0000 miss
1076.25 586.41 22.50 8.44 0.9211 reinit
1076.25 586.41 22.50 8.44 0.0000 coast
1076.25 586.41 22.50 8.44 0.0000 coast
1072.50 584.30 26.25 10.55 0.9403 high
1071.87 583.94 26.88 10.90 0.0000 coast
-100 -100 -100 -100 0.0000 coast_none
1563.75 681.33 30.00 16.88 0.9732 reinit
1563.75 683.44 30.00 14.77 0.9359 high
1563.75 683.59 30.00 14.61 0.0000 coast
-100 -100 -100 -100 0.0000 coast_none
1057.50 582.19 41.25 16.88 0.9723 reinit
1057.50 582.19 41.25 16.88 0.0000 coast
-100 -100 -100 -100 0.0000 coast_none
1080.00 586.41 18.75 8.44 0.9375 high
-100 -100 -100 -100 0.0000 coast_none
1088.61 588.02 10.14 5.21 0.0000 coast
-100 -100 -100 -100 0.0000 coast_none
1087.50 584.30 11.25 6.33 0.9132 high
-100 -100 -100 -100 0.0000 coast_none
-100 -100 -100 -100 0.0000 coast_none
1563.75 677.11 37.50 23.20 0.9460 reinit
1563.75 679.22 37.50 18.98 0.9757 high
1563.75 683.44 30.00 12.66 0.8241 high
1563.75 681.33 37.50 16.88 0.9384 high
1563.75 681.33 37.50 16.88 0.9714 high
1563.75 682.25 37.59 15.69 0.0000 coast
1563.75 681.33 33.75 16.88 0.9424 high
-100 -100 -100 -100 0.0000 coast_none
1563.75 682.23 34.10 15.89 0.0000 coast
1563.75 682.54 33.89 15.56 0.0000 coast
1563.75 682.86 33.68 15.23 0.0000 coast
956.25 601.17 30.00 12.66 0.9508 reinit
956.25 601.17 30.00 12.66 0.0000 coast
956.25 601.17 30.00 12.66 0.0000 coast
918.75 588.52 97.50 37.97 0.9885 reinit
915.00 586.41 108.75 40.08 0.9858 high
911.25 586.41 105.00 37.97 0.9925 high
907.50 586.41 108.75 37.97 0.9946 high
900.00 588.52 108.75 29.53 0.9918 high
892.50 588.52 116.25 35.86 0.9928 high
885.00 588.52 112.50 37.97 0.9933 high
881.25 588.52 105.00 37.97 0.9858 high
881.25 588.52 108.75 40.08 0.9892 high
877.50 588.52 105.00 40.08 0.9897 high
873.75 590.62 108.75 37.97 0.9928 high
866.25 590.62 105.00 37.97 0.9884 high
862.50 590.62 105.00 40.08 0.9875 high
858.75 592.73 105.00 37.97 0.9904 high
855.00 590.62 105.00 40.08 0.9890 high
851.25 590.62 105.00 40.08 0.9814 high
847.50 590.62 101.25 40.08 0.9888 high
843.75 590.62 101.25 40.08 0.9938 high
840.00 590.62 97.50 40.08 0.9867 high
836.25 590.62 93.75 40.08 0.9923 high
840.00 590.62 86.25 40.08 0.9865 high
832.50 592.73 93.75 37.97 0.9865 high
832.50 590.62 86.25 40.08 0.9902 high
828.75 592.73 90.00 37.97 0.9944 high
825.00 592.73 93.75 37.97 0.9879 high
821.25 590.62 97.50 40.08 0.9877 high
821.25 590.62 101.25 40.08 0.9897 high
817.50 590.62 101.25 40.08 0.9901 high
817.50 590.62 101.25 40.08 0.9855 high
813.75 592.73 105.00 37.97 0.9902 high
806.25 590.62 108.75 40.08 0.9872 high
802.50 590.62 108.75 40.08 0.9912 high
798.75 592.73 108.75 37.97 0.9919 high
798.75 592.73 108.75 37.97 0.9951 high
798.75 592.73 112.50 37.97 0.9919 high
798.75 592.73 112.50 37.97 0.9910 high
798.75 592.73 112.50 37.97 0.9932 high
798.75 592.73 108.75 37.97 0.9916 high
795.00 590.62 108.75 40.08 0.9843 high
798.75 590.62 105.00 40.08 0.9895 high
795.00 590.62 105.00 40.08 0.9881 high
795.00 590.62 108.75 40.08 0.9891 high
795.00 590.62 105.00 37.97 0.9898 high
791.25 590.62 112.50 37.97 0.9867 high
795.00 590.62 108.75 37.97 0.9881 high
791.25 590.62 112.50 37.97 0.9867 high
795.00 590.62 105.00 37.97 0.9937 high
791.25 590.62 112.50 37.97 0.9890 high
791.25 590.62 108.75 37.97 0.9889 high
791.25 590.62 108.75 37.97 0.9887 high
791.25 590.62 108.75 37.97 0.9916 high
791.25 590.62 108.75 37.97 0.9920 high
791.25 590.62 108.75 37.97 0.9898 high
791.25 590.62 108.75 37.97 0.9926 high
791.25 590.62 108.75 37.97 0.9882 high
791.25 590.62 108.75 37.97 0.9918 high
791.25 590.62 108.75 37.97 0.9934 high
791.25 590.62 108.75 37.97 0.9941 high
791.25 590.62 108.75 37.97 0.9863 high
791.25 590.62 105.00 37.97 0.9898 high
791.25 588.52 105.00 40.08 0.9870 high
791.25 590.62 105.00 37.97 0.9907 high
787.50 588.52 108.75 40.08 0.9886 high
787.50 590.62 108.75 37.97 0.9863 high
787.50 588.52 108.75 40.08 0.9913 high
787.50 590.62 108.75 37.97 0.9916 high
787.50 590.62 108.75 37.97 0.9927 high
787.50 590.62 108.75 37.97 0.9939 high
791.25 590.62 105.00 37.97 0.9899 high
787.50 590.62 108.75 37.97 0.9875 high
787.50 590.62 108.75 37.97 0.9910 high
787.50 590.62 108.75 37.97 0.9887 high
787.50 590.62 108.75 37.97 0.9888 high
787.50 590.62 108.75 37.97 0.9911 high
787.50 590.62 105.00 37.97 0.9914 high
787.50 590.62 105.00 37.97 0.9902 high
787.50 590.62 105.00 37.97 0.9885 high
787.50 590.62 105.00 37.97 0.9910 high
787.50 590.62 105.00 37.97 0.9906 high
787.50 590.62 105.00 40.08 0.9863 high
787.50 590.62 105.00 40.08 0.9888 high
787.50 590.62 105.00 40.08 0.9882 high
787.50 590.62 105.00 40.08 0.9894 high
787.50 590.62 105.00 40.08 0.9841 high
787.50 590.62 105.00 40.08 0.9889 high
787.50 590.62 105.00 40.08 0.9878 high
787.50 590.62 105.00 40.08 0.9867 high
787.50 590.62 105.00 40.08 0.9900 high
783.75 590.62 108.75 40.08 0.9886 high
783.75 590.62 108.75 37.97 0.9950 high
783.75 590.62 108.75 37.97 0.9924 high
780.00 590.62 112.50 40.08 0.9909 high
780.00 590.62 108.75 37.97 0.9892 high
783.75 590.62 105.00 37.97 0.9905 high
780.00 590.62 112.50 37.97 0.9884 high
780.00 590.62 108.75 37.97 0.9917 high
780.00 590.62 108.75 37.97 0.9877 high
783.75 590.62 105.00 37.97 0.9897 high
780.00 590.62 108.75 37.97 0.9891 high
783.75 590.62 105.00 37.97 0.9900 high
780.00 590.62 108.75 37.97 0.9915 high
780.00 590.62 108.75 37.97 0.9874 high
780.00 590.62 108.75 37.97 0.9939 high
780.00 590.62 108.75 37.97 0.9856 high
776.25 590.62 112.50 37.97 0.9884 high
776.25 590.62 108.75 37.97 0.9930 high
776.25 590.62 108.75 37.97 0.9867 high
776.25 590.62 108.75 37.97 0.9903 high
780.00 590.62 105.00 37.97 0.9926 high
776.25 590.62 108.75 37.97 0.9897 high
776.25 590.62 112.50 37.97 0.9892 high
780.00 590.62 105.00 37.97 0.9907 high
780.00 590.62 105.00 37.97 0.9918 high
780.00 590.62 108.75 37.97 0.9884 high
780.00 590.62 108.75 37.97 0.9949 high
776.25 590.62 108.75 37.97 0.9903 high
776.25 590.62 108.75 37.97 0.9931 high
776.25 590.62 108.75 37.97 0.9919 high
776.25 590.62 108.75 37.97 0.9891 high
776.25 590.62 108.75 37.97 0.9890 high
776.25 590.62 108.75 37.97 0.9894 high
776.25 590.62 108.75 37.97 0.9893 high
776.25 590.62 108.75 37.97 0.9878 high
776.25 590.62 108.75 37.97 0.9896 high
776.25 590.62 108.75 37.97 0.9892 high
776.25 590.62 108.75 37.97 0.9881 high
776.25 590.62 108.75 37.97 0.9909 high
776.25 590.62 108.75 37.97 0.9909 high
776.25 590.62 108.75 37.97 0.9943 high
776.25 590.62 108.75 37.97 0.9900 high
776.25 590.62 108.75 37.97 0.9916 high
776.25 590.62 108.75 37.97 0.9872 high
776.25 590.62 108.75 40.08 0.9903 high
776.25 590.62 108.75 40.08 0.9907 high
772.50 590.62 112.50 40.08 0.9900 high
772.50 590.62 112.50 40.08 0.9896 high
772.50 590.62 112.50 40.08 0.9840 high
776.25 590.62 108.75 40.08 0.9875 high
776.25 590.62 108.75 40.08 0.9840 high
772.50 590.62 112.50 40.08 0.9875 high
772.50 590.62 112.50 40.08 0.9894 high
772.50 590.62 112.50 37.97 0.9931 high
772.50 590.62 112.50 37.97 0.9900 high
776.25 590.62 108.75 37.97 0.9929 high
776.25 590.62 108.75 37.97 0.9905 high
776.25 590.62 108.75 37.97 0.9915 high
776.25 590.62 108.75 37.97 0.9903 high
772.50 590.62 112.50 40.08 0.9848 high
776.25 590.62 108.75 40.08 0.9897 high
776.25 590.62 108.75 40.08 0.9927 high
776.25 590.62 108.75 40.08 0.9921 high
776.25 590.62 108.75 40.08 0.9875 high
776.25 590.62 108.75 40.08 0.9924 high
776.25 590.62 108.75 40.08 0.9928 high
776.25 590.62 105.00 40.08 0.9923 high
776.25 590.62 105.00 40.08 0.9947 high
776.25 590.62 105.00 37.97 0.9942 high
776.25 590.62 105.00 37.97 0.9856 high
776.25 590.62 105.00 37.97 0.9903 high
776.25 590.62 105.00 37.97 0.9895 high
776.25 590.62 101.25 37.97 0.9890 high
776.25 590.62 101.25 37.97 0.9916 high
776.25 590.62 101.25 37.97 0.9903 high
776.25 590.62 101.25 37.97 0.9859 high
776.25 590.62 101.25 37.97 0.9899 high
776.25 590.62 101.25 37.97 0.9916 high
776.25 590.62 101.25 37.97 0.9931 high
776.25 592.73 101.25 35.86 0.9901 high
776.25 592.73 101.25 35.86 0.9878 high
776.25 592.73 101.25 35.86 0.9873 high
776.25 592.73 101.25 35.86 0.9928 high
776.25 592.73 101.25 35.86 0.9930 high
776.25 592.73 101.25 35.86 0.9922 high
776.25 590.62 101.25 37.97 0.9894 high
776.25 590.62 101.25 40.08 0.9906 high
776.25 592.73 101.25 37.97 0.9914 high
776.25 592.73 101.25 37.97 0.9921 high
776.25 592.73 105.00 37.97 0.9893 high
776.25 592.73 105.00 37.97 0.9894 high
776.25 590.62 105.00 40.08 0.9860 high
776.25 590.62 105.00 40.08 0.9906 high
776.25 592.73 105.00 40.08 0.9910 high
776.25 592.73 105.00 40.08 0.9881 high
776.25 592.73 105.00 40.08 0.9898 high
776.25 592.73 105.00 40.08 0.9874 high
776.25 592.73 105.00 40.08 0.9883 high
776.25 592.73 105.00 40.08 0.9904 high
776.25 592.73 105.00 40.08 0.9909 high
772.50 592.73 112.50 40.08 0.9875 high
772.50 592.73 112.50 40.08 0.9891 high
772.50 592.73 112.50 40.08 0.9883 high
772.50 592.73 112.50 40.08 0.9902 high
772.50 592.73 112.50 42.19 0.9899 high
772.50 592.73 112.50 42.19 0.9915 high
772.50 592.73 112.50 42.19 0.9856 high
772.50 592.73 112.50 42.19 0.9906 high
772.50 592.73 112.50 42.19 0.9872 high
768.75 592.73 120.00 42.19 0.9937 high
768.75 592.73 120.00 42.19 0.9914 high
768.75 592.73 120.00 44.30 0.9929 high
768.75 592.73 120.00 44.30 0.9913 high
768.75 592.73 116.25 44.30 0.9931 high
768.75 592.73 116.25 44.30 0.9916 high
768.75 592.73 116.25 44.30 0.9943 high
768.75 592.73 116.25 44.30 0.9902 high
768.75 592.73 116.25 44.30 0.9921 high
768.75 592.73 116.25 44.30 0.9944 high
768.75 592.73 116.25 44.30 0.9896 high
768.75 592.73 116.25 44.30 0.9892 high
768.75 592.73 116.25 44.30 0.9891 high
768.75 592.73 116.25 44.30 0.9898 high
768.75 592.73 116.25 44.30 0.9907 high
768.75 592.73 116.25 44.30 0.9878 high
765.00 592.73 120.00 44.30 0.9889 high
765.00 592.73 120.00 44.30 0.9860 high
768.75 592.73 116.25 44.30 0.9880 high
765.00 592.73 120.00 44.30 0.9881 high
765.00 592.73 120.00 44.30 0.9899 high
765.00 592.73 120.00 44.30 0.9905 high
765.00 592.73 120.00 44.30 0.9882 high
765.00 592.73 120.00 44.30 0.9860 high
765.00 592.73 116.25 44.30 0.9870 high
765.00 592.73 120.00 44.30 0.9884 high
765.00 592.73 120.00 44.30 0.9882 high
765.00 592.73 120.00 44.30 0.9971 high
765.00 592.73 120.00 44.30 0.9935 high
765.00 592.73 120.00 44.30 0.9953 high
765.00 592.73 120.00 44.30 0.9922 high
765.00 592.73 123.75 44.30 0.9937 high
765.00 592.73 120.00 44.30 0.9909 high
765.00 590.62 120.00 46.41 0.9902 high
765.00 590.62 120.00 46.41 0.9935 high
765.00 590.62 120.00 46.41 0.9917 high
765.00 588.52 120.00 48.52 0.9873 high
768.75 588.52 116.25 48.52 0.9920 high
768.75 588.52 116.25 50.62 0.9890 high
768.75 586.41 120.00 50.62 0.9863 high
768.75 586.41 120.00 52.73 0.9923 high
772.50 586.41 116.25 52.73 0.9932 high
772.50 586.41 120.00 52.73 0.9876 high
776.25 586.41 116.25 54.84 0.9933 high
776.25 586.41 120.00 54.84 0.9888 high
780.00 586.41 116.25 54.84 0.9931 high
783.75 586.41 116.25 54.84 0.9922 high
787.50 586.41 116.25 54.84 0.9902 high
791.25 586.41 112.50 54.84 0.9911 high
791.25 586.41 116.25 54.84 0.9933 high
795.00 588.52 116.25 52.73 0.9961 high
798.75 588.52 116.25 52.73 0.9907 high
802.50 588.52 112.50 52.73 0.9895 high
813.75 590.62 105.00 50.62 0.9944 high
817.50 592.73 105.00 50.62 0.9919 high
821.25 592.73 101.25 48.52 0.9921 high
825.00 592.73 105.00 46.41 0.9911 high
832.50 594.84 101.25 48.52 0.9893 high
840.00 594.84 108.75 44.30 0.9942 high
847.50 596.95 112.50 44.30 0.9912 high
847.50 596.95 116.25 44.30 0.9880 high
855.00 599.06 101.25 42.19 0.9911 high
858.75 601.17 97.50 40.08 0.9867 high
862.50 603.28 86.25 33.75 0.9873 high
867.30 603.75 88.30 34.32 0.0000 coast
871.82 604.80 86.24 32.95 0.0000 coast
885.00 605.39 37.50 14.77 0.9842 reinit
888.75 607.50 45.00 14.77 0.9951 high
896.25 607.50 52.50 18.98 0.9889 high
903.75 607.50 41.25 14.77 0.9902 high
905.68 607.95 46.21 16.41 0.0000 coast
909.71 608.25 47.18 16.75 0.0000 coast
913.74 608.56 48.15 17.08 0.0000 coast
917.77 608.87 49.12 17.42 0.0000 coast
918.75 611.72 37.50 8.44 0.9689 high
922.58 612.20 37.63 8.15 0.0000 coast
922.50 611.72 30.00 8.44 0.9320 high
926.23 612.36 29.57 7.62 0.0000 coast
933.75 611.72 15.00 6.33 0.9272 high
-100 -100 -100 -100 0.0000 coast_none
-100 -100 -100 -100 0.0000 coast_none
-100 -100 -100 -100 0.0000 coast_none
-100 -100 -100 -100 0.0000 coast_none
-100 -100 -100 -100 0.0000 coast_none
-100 -100 -100 -100 0.0000 coast_none
-100 -100 -100 -100 0.0000 coast_none
-100 -100 -100 -100 0.0000 coast_none
-100 -100 -100 -100 0.0000 coast_none
-100 -100 -100 -100 0.0000 coast_none
-100 -100 -100 -100 0.0000 miss
-100 -100 -100 -100 0.0000 miss
-100 -100 -100 -100 0.0000 miss
-100 -100 -100 -100 0.0000 miss
-100 -100 -100 -100 0.0000 miss
-100 -100 -100 -100 0.0000 miss
-100 -100 -100 -100 0.0000 miss
-100 -100 -100 -100 0.0000 miss
-100 -100 -100 -100 0.0000 miss
-100 -100 -100 -100 0.0000 miss
-100 -100 -100 -100 0.0000 miss
-100 -100 -100 -100 0.0000 miss
-100 -100 -100 -100 0.0000 miss
-100 -100 -100 -100 0.0000 miss
-100 -100 -100 -100 0.0000 miss
-100 -100 -100 -100 0.0000 miss
-100 -100 -100 -100 0.0000 miss
-100 -100 -100 -100 0.0000 miss
-100 -100 -100 -100 0.0000 miss
-100 -100 -100 -100 0.0000 miss
-100 -100 -100 -100 0.0000 lost
-100 -100 -100 -100 0.0000 none
-100 -100 -100 -100 0.0000 none
-100 -100 -100 -100 0.0000 none
-100 -100 -100 -100 0.0000 none
-100 -100 -100 -100 0.0000 none
-100 -100 -100 -100 0.0000 none
-100 -100 -100 -100 0.0000 none
-100 -100 -100 -100 0.0000 none
-100 -100 -100 -100 0.0000 none
-100 -100 -100 -100 0.0000 none
-100 -100 -100 -100 0.0000 none
990.00 622.27 15.00 8.44 0.9029 init
986.25 620.16 18.75 10.55 0.9742 high
986.25 618.05 18.75 12.66 0.9714 high
985.47 617.66 19.53 13.04 0.0000 coast
984.77 616.72 20.23 13.98 0.0000 coast
986.25 620.16 15.00 8.44 0.8789 high
986.25 618.05 15.00 12.66 0.9160 high
-100 -100 -100 -100 0.0000 coast_none
985.64 617.49 14.37 12.72 0.0000 coast
948.75 594.84 22.50 8.44 0.9969 reinit
-100 -100 -100 -100 0.0000 coast_none
948.75 592.73 26.25 8.44 0.9778 high
948.75 592.39 26.86 8.44 0.0000 coast
948.75 590.62 22.50 8.44 0.9625 high
948.75 590.07 23.15 8.44 0.0000 coast
945.00 586.41 30.00 10.55 0.9828 high
944.87 585.54 30.06 10.62 0.0000 coast
944.23 584.29 31.08 10.98 0.0000 coast
941.25 575.86 75.00 42.19 0.9938 reinit
941.25 577.97 71.25 35.86 0.9805 high
941.25 575.86 67.50 37.97 0.9827 high
941.25 575.86 71.25 37.97 0.9843 high
941.25 571.64 75.00 42.19 0.9909 high
941.25 569.53 78.75 42.19 0.9874 high
941.25 569.53 82.50 44.30 0.9856 high
941.25 565.31 97.50 46.41 0.9871 high
941.25 565.31 71.25 42.19 0.9850 high
941.25 563.20 67.50 42.19 0.9780 high
941.25 561.09 71.25 44.30 0.9906 high
941.25 558.98 82.50 44.30 0.9862 high
941.25 556.88 75.00 46.41 0.9899 high
941.25 554.77 82.50 48.52 0.9849 high
941.25 554.77 90.00 48.52 0.9897 high
941.25 552.66 93.75 48.52 0.9876 high
941.25 552.66 101.25 48.52 0.9942 high
941.25 552.66 86.25 46.41 0.9931 high
941.25 552.66 90.00 46.41 0.9933 high
941.25 542.11 97.50 56.95 0.9906 high
941.25 542.11 101.25 56.95 0.9934 high
941.25 542.11 97.50 56.95 0.9879 high
941.25 542.11 97.50 56.95 0.9877 high
941.25 542.11 101.25 56.95 0.9924 high
941.25 542.11 101.25 56.95 0.9930 high
941.25 540.00 101.25 59.06 0.9851 high
941.25 552.66 86.25 46.41 0.9850 high
941.25 550.55 86.25 48.52 0.9879 high
941.25 550.55 90.00 48.52 0.9843 high
941.25 550.55 86.25 46.41 0.9858 high
941.25 552.66 90.00 46.41 0.9822 high
941.25 552.66 86.25 46.41 0.9826 high
941.25 552.66 86.25 44.30 0.9935 high
941.25 554.77 82.50 44.30 0.9891 high
941.25 554.77 82.50 44.30 0.9890 high
941.25 554.77 86.25 44.30 0.9884 high
941.25 554.77 86.25 44.30 0.9905 high
941.25 554.77 86.25 44.30 0.9883 high
945.00 542.11 101.25 56.95 0.9890 high
945.00 542.11 101.25 56.95 0.9896 high
945.00 554.77 93.75 44.30 0.9883 high
948.75 554.77 82.50 44.30 0.9940 high
948.75 554.77 82.50 44.30 0.9906 high
948.75 554.77 78.75 44.30 0.9917 high
952.50 554.77 67.50 42.19 0.9873 high
952.50 554.77 67.50 40.08 0.9907 high
952.50 554.77 67.50 40.08 0.9897 high
956.25 552.66 82.50 42.19 0.9913 high
960.00 542.11 82.50 52.73 0.9887 high
960.00 540.00 90.00 50.62 0.9907 high
960.00 540.00 90.00 50.62 0.9853 high
963.75 540.00 86.25 52.73 0.9866 high
967.50 540.00 82.50 42.19 0.9921 high
967.98 538.24 85.03 45.97 0.0000 coast
969.53 537.07 85.48 46.03 0.0000 coast
978.75 540.00 75.00 31.64 0.9861 high
982.50 540.00 71.25 31.64 0.9852 high
982.50 540.00 67.50 29.53 0.9857 high
986.25 540.00 63.75 31.64 0.9867 high
993.75 540.00 56.25 27.42 0.9902 high
997.50 540.00 52.50 33.75 0.9871 high
1001.25 540.00 48.75 27.42 0.9916 high
1004.20 539.54 46.41 27.57 0.0000 coast
1007.53 539.23 43.47 26.63 0.0000 coast
1010.85 538.93 40.54 25.69 0.0000 coast
-100 -100 -100 -100 0.0000 coast_none
-100 -100 -100 -100 0.0000 coast_none
-100 -100 -100 -100 0.0000 coast_none
1083.75 550.55 26.25 16.88 0.9519 reinit
1087.50 550.55 18.75 12.66 0.8993 high
-100 -100 -100 -100 0.0000 coast_none
-100 -100 -100 -100 0.0000 coast_none
-100 -100 -100 -100 0.0000 coast_none
1076.25 550.55 26.25 8.44 0.9187 high
1074.22 550.55 27.27 7.30 0.0000 coast
1072.05 550.55 28.43 6.16 0.0000 coast
1080.00 548.44 60.00 27.42 0.9791 reinit
1080.00 546.33 71.25 40.08 0.9914 high
1080.00 544.22 75.00 44.30 0.9855 high
1083.75 546.33 71.25 40.08 0.9881 high
1083.75 544.22 78.75 40.08 0.9871 high
1091.25 546.33 71.25 35.86 0.9929 high
1095.00 544.22 75.00 29.53 0.9809 high
1102.50 544.22 75.00 29.53 0.9822 high
1103.36 543.80 76.58 29.33 0.0000 coast
-100 -100 -100 -100 0.0000 coast_none
1132.50 542.11 63.75 27.42 0.9858 high
1143.75 550.55 45.00 16.88 0.9464 high
1140.00 544.22 60.00 29.53 0.9766 high
1140.00 542.11 63.75 18.98 0.9779 high
1151.25 542.11 67.50 27.42 0.9862 high
1154.61 541.70 65.93 24.61 0.0000 coast
1155.00 540.00 56.25 31.64 0.9868 high
1160.51 539.59 58.24 30.19 0.0000 coast
-100 -100 -100 -100 0.0000 coast_none
1563.75 683.44 37.50 16.88 0.9661 reinit
1560.00 683.44 41.25 18.98 0.9804 high
1560.00 683.44 41.25 18.98 0.9681 high
1560.00 681.33 41.25 21.09 0.9802 high
1560.00 681.33 41.25 21.09 0.9781 high
1560.00 681.33 45.00 23.20 0.9788 high
1560.00 683.44 41.25 16.88 0.9782 high
1560.00 681.33 41.25 21.09 0.9606 high
1563.75 683.44 37.50 16.88 0.9749 high
1563.75 683.44 37.50 16.88 0.9586 high
1563.75 683.44 33.75 16.88 0.9349 high
1563.75 683.44 33.75 14.77 0.9190 high
1564.16 683.49 33.09 14.89 0.0000 coast
1564.46 683.55 32.30 14.45 0.0000 coast
-100 -100 -100 -100 0.0000 coast_none
-100 -100 -100 -100 0.0000 coast_none
-100 -100 -100 -100 0.0000 coast_none
-100 -100 -100 -100 0.0000 coast_none
-100 -100 -100 -100 0.0000 coast_none
-100 -100 -100 -100 0.0000 coast_none
-100 -100 -100 -100 0.0000 coast_none
-100 -100 -100 -100 0.0000 coast_none
-100 -100 -100 -100 0.0000 miss
-100 -100 -100 -100 0.0000 miss
-100 -100 -100 -100 0.0000 miss
1357.50 525.23 15.00 6.33 0.9430 reinit
1357.50 525.23 15.00 6.33 0.0000 coast
1357.50 525.23 15.00 6.33 0.0000 coast
1316.25 518.91 63.75 35.86 0.9830 reinit
1320.00 518.91 60.00 37.97 0.9821 high
1323.75 521.02 52.50 18.98 0.9658 high
1323.75 521.02 52.50 21.09 0.9846 high
1320.00 518.91 56.25 29.53 0.9818 high
1323.75 521.02 56.25 21.09 0.9612 high
1323.75 521.02 56.25 21.09 0.9761 high
1331.25 521.02 45.00 14.77 0.9615 high
1330.57 521.29 46.59 13.68 0.0000 coast
1331.25 525.23 33.75 10.55 0.9472 high
1332.72 525.39 32.31 8.18 0.0000 coast
1334.06 526.12 29.12 5.70 0.0000 coast
1331.25 518.91 56.25 18.98 0.9792 reinit
1335.00 518.91 52.50 18.98 0.9747 high
1338.75 518.91 45.00 14.77 0.9490 high
1335.00 518.91 48.75 14.77 0.9827 high
1336.24 518.91 46.30 13.41 0.0000 coast
1331.25 516.80 60.00 21.09 0.9793 high
1338.75 516.80 52.50 16.88 0.9547 high
1342.50 518.91 48.75 12.66 0.9681 high
1335.00 514.69 63.75 18.98 0.9778 high
1342.50 516.80 48.75 14.77 0.9631 high
1342.50 514.69 52.50 16.88 0.9723 high
1342.66 514.57 53.34 16.54 0.0000 coast
1342.50 512.58 48.75 16.88 0.9786 high
1343.24 512.28 49.73 16.86 0.0000 coast
-100 -100 -100 -100 0.0000 coast_none
1563.75 683.44 33.75 14.77 0.9691 reinit
1560.00 681.33 41.25 18.98 0.9681 high
1563.75 683.44 37.50 14.77 0.9422 high
1563.75 683.44 33.75 14.77 0.9405 high
1563.75 681.33 37.50 18.98 0.9659 high
1563.75 683.44 37.50 16.88 0.9673 high
1560.00 679.22 45.00 25.31 0.9747 high
1560.00 681.33 45.00 21.09 0.9736 high
1560.00 681.33 41.25 21.09 0.9753 high
1560.00 681.33 41.25 21.09 0.9719 high
1560.00 681.33 41.25 23.20 0.9853 high
1560.00 681.33 41.25 21.09 0.9684 high
1560.00 681.33 41.25 21.09 0.9668 high
1560.00 681.33 41.25 21.09 0.9906 high
1560.00 683.44 37.50 18.98 0.9782 high
1560.00 683.44 37.50 18.98 0.9771 high
1560.00 683.44 37.50 18.98 0.9830 high
1560.00 683.44 37.50 18.98 0.9778 high
1563.75 683.44 33.75 18.98 0.9753 high
1563.75 683.44 30.00 14.77 0.9541 high
1563.74 683.59 30.54 15.71 0.0000 coast
1564.06 683.70 29.68 15.32 0.0000 coast
1342.50 491.48 60.00 37.97 0.9651 reinit
1338.75 489.38 75.00 42.19 0.9795 high
1342.50 491.48 67.50 37.97 0.9884 high
1350.00 491.48 56.25 37.97 0.9812 high
1342.50 491.48 75.00 37.97 0.9858 high
1346.25 491.48 75.00 35.86 0.9688 high
1342.50 491.48 78.75 33.75 0.9845 high
1338.75 489.38 82.50 35.86 0.9856 high
1342.50 489.38 78.75 35.86 0.9829 high
1342.50 489.38 75.00 33.75 0.9802 high
1342.25 489.29 78.81 33.45 0.0000 coast
1342.27 489.16 80.10 32.80 0.0000 coast
1361.25 497.81 63.75 18.98 0.9582 high
1361.25 493.59 67.50 25.31 0.9747 high
1380.00 497.81 48.75 14.77 0.9645 high
1383.75 499.92 41.25 12.66 0.9616 high
1386.29 500.16 41.12 11.08 0.0000 coast
1376.25 499.92 33.75 14.77 0.9846 high
1379.91 500.78 30.41 12.68 0.0000 coast
1381.77 501.49 26.54 11.36 0.0000 coast
1376.25 497.81 56.25 18.98 0.9839 reinit
1376.25 497.81 56.25 18.98 0.0000 coast
1383.75 502.03 22.50 10.55 0.9729 high
1383.75 502.03 22.50 10.55 0.9679 high
1383.75 499.92 22.50 12.66 0.9941 high
1391.25 502.03 15.00 10.55 0.9442 high
1395.00 504.14 7.50 6.33 0.8490 high
-100 -100 -100 -100 0.0000 coast_none
-100 -100 -100 -100 0.0000 coast_none
1560.00 683.44 33.75 18.98 0.9807 reinit
1560.00 683.44 37.50 18.98 0.9738 high
1560.00 683.44 33.75 18.98 0.9697 high
1563.75 683.44 30.00 14.77 0.9653 high
1563.75 683.44 30.00 18.98 0.9774 high
1564.73 683.44 28.46 17.95 0.0000 coast
1567.50 687.66 22.50 8.44 0.7761 high
1568.56 687.90 20.82 7.81 0.0000 coast
1569.85 688.69 18.56 5.96 0.0000 coast
1560.00 683.44 33.75 18.98 0.9565 reinit
1560.00 683.44 33.75 18.98 0.9721 high
1560.00 683.44 33.75 18.98 0.9754 high
1560.00 683.44 33.75 18.98 0.9829 high
1560.00 683.44 33.75 18.98 0.9888 high
1560.00 683.44 33.75 18.98 0.9769 high
1560.00 681.33 33.75 23.20 0.9824 high
1560.00 681.33 37.50 23.20 0.9769 high
1560.00 681.33 33.75 21.09 0.9946 high
1560.00 681.33 37.50 21.09 0.9816 high
1560.00 681.33 37.50 21.09 0.9878 high
1560.00 683.44 33.75 18.98 0.9632 high
1560.00 683.44 33.75 16.88 0.9706 high
1563.75 685.55 26.25 12.66 0.9581 high
1560.00 685.55 30.00 12.66 0.9508 high
1563.75 687.66 26.25 10.55 0.9809 high
1563.75 685.55 26.25 12.66 0.9672 high
1563.75 687.66 26.25 6.33 0.9109 high
1563.75 687.66 26.25 10.55 0.9574 high
1563.75 687.66 22.50 6.33 0.8111 high
1567.50 687.66 15.00 6.33 0.7479 high
1567.14 688.11 15.55 5.30 0.0000 coast
1567.76 688.42 13.90 4.34 0.0000 coast
1342.50 577.97 45.00 23.20 0.9936 reinit
1342.50 577.97 45.00 23.20 0.0000 coast
1342.50 577.97 45.00 23.20 0.0000 coast
1346.25 590.62 37.50 18.98 0.9810 high
1346.88 592.76 36.24 18.27 0.0000 coast
1346.25 599.06 30.00 14.77 0.9755 high
1342.50 601.17 33.75 18.98 0.9816 high
1342.87 604.68 31.22 17.61 0.0000 coast
1342.38 607.98 29.87 17.32 0.0000 coast
1342.50 607.50 30.00 21.09 0.9596 high
1342.50 609.61 33.75 21.09 0.9914 high
1342.04 612.45 31.83 21.44 0.0000 coast
1341.70 615.04 31.32 21.80 0.0000 coast
1323.75 594.84 78.75 48.52 0.9827 reinit
1323.75 594.84 82.50 50.62 0.9887 high
1323.75 599.06 86.25 48.52 0.9884 high
1323.75 603.28 86.25 48.52 0.9913 high
1316.25 605.39 86.25 50.62 0.9845 high
1316.25 607.50 90.00 52.73 0.9871 high
1297.50 609.61 101.25 50.62 0.9951 high
1316.25 611.72 82.50 52.73 0.9872 high
1308.32 614.18 89.93 52.72 0.0000 coast
1312.50 624.38 75.00 48.52 0.9772 high
1312.50 624.38 90.00 50.62 0.9895 high
1320.00 628.59 93.75 50.62 0.9734 high
1338.75 634.92 71.25 48.52 0.9906 high
1327.50 639.14 71.25 50.62 0.9785 high
1329.95 642.05 72.30 50.24 0.0000 coast
1323.75 641.25 82.50 52.73 0.9852 high
1323.75 645.47 78.75 50.62 0.9881 high
1312.50 647.58 86.25 52.73 0.9800 high
1316.25 651.80 82.50 52.73 0.9935 high
1312.50 653.91 97.50 50.62 0.9903 high
1308.75 658.12 101.25 50.62 0.9933 high
1308.75 662.34 97.50 50.62 0.9883 high
1307.56 664.98 100.25 50.80 0.0000 coast
1312.50 675.00 78.75 48.52 0.9837 high
1308.75 677.11 93.75 48.52 0.9860 high
1305.00 677.11 97.50 52.73 0.9874 high
1312.50 681.33 90.00 50.62 0.9866 high
1316.25 685.55 105.00 50.62 0.9914 high
1308.75 687.66 101.25 50.62 0.9963 high
1293.75 691.88 105.00 50.62 0.9937 high
1297.50 693.98 105.00 50.62 0.9863 high
1297.50 698.20 120.00 48.52 0.9918 high
1312.50 702.42 105.00 48.52 0.9927 high
1308.75 704.53 105.00 52.73 0.9875 high
1305.00 708.75 116.25 50.62 0.9934 high
1290.00 710.86 93.75 50.62 0.9902 high
1294.08 714.56 101.95 50.80 0.0000 coast
1292.65 717.87 102.38 50.84 0.0000 coast
1293.75 727.73 48.75 21.09 0.9897 reinit
1297.50 734.06 37.50 8.44 0.8909 high
1297.78 734.53 36.66 7.50 0.0000 coast
1293.75 742.50 37.50 8.44 0.9434 high
1301.25 744.61 33.75 8.44 0.9516 high
1300.49 748.07 32.44 6.98 0.0000 coast
-100 -100 -100 -100 0.0000 coast_none
-100 -100 -100 -100 0.0000 coast_none
1342.50 793.12 11.25 6.33 0.9255 reinit
1342.50 793.12 11.25 6.33 0.0000 coast
1342.50 793.12 11.25 6.33 0.0000 coast
1335.00 793.12 48.75 21.09 0.9853 reinit
1338.75 803.67 41.25 12.66 0.9692 high
1335.00 803.67 48.75 16.88 0.9853 high
1331.25 807.89 48.75 16.88 0.9634 high
1330.56 809.77 50.16 16.91 0.0000 coast
1338.75 812.11 41.25 16.88 0.9918 high
1337.25 814.57 42.46 17.12 0.0000 coast
1337.35 817.01 42.00 17.32 0.0000 coast
1320.00 788.91 101.25 48.52 0.9858 reinit
1312.50 791.02 108.75 48.52 0.9895 high
1308.75 793.12 116.25 48.52 0.9915 high
1316.25 793.12 97.50 50.62 0.9853 high
1293.75 795.23 123.75 48.52 0.9897 high
1297.50 795.23 123.75 42.19 0.9897 high
1301.25 797.34 120.00 46.41 0.9915 high
1301.25 797.34 116.25 46.41 0.9949 high
1297.50 797.34 116.25 44.30 0.9887 high
1293.75 799.45 120.00 44.30 0.9876 high
1293.75 799.45 120.00 44.30 0.9913 high
1293.75 799.45 123.75 46.41 0.9900 high
1297.50 799.45 123.75 46.41 0.9896 high
1297.50 799.45 123.75 46.41 0.9930 high
1297.50 797.34 123.75 48.52 0.9911 high
1301.25 797.34 112.50 46.41 0.9946 high
1301.25 797.34 112.50 46.41 0.9926 high
1297.50 797.34 116.25 46.41 0.9895 high
1305.00 797.34 108.75 46.41 0.9847 high
1301.25 795.23 112.50 48.52 0.9886 high
1305.00 795.23 112.50 48.52 0.9887 high
1301.25 795.23 116.25 48.52 0.9928 high
1301.25 795.23 108.75 50.62 0.9879 high
1293.75 793.12 120.00 52.73 0.9856 high
1290.00 793.12 108.75 54.84 0.9905 high
1286.25 791.02 120.00 54.84 0.9903 high
1293.75 788.91 120.00 56.95 0.9887 high
1286.25 788.91 120.00 59.06 0.9920 high
1282.50 788.91 127.50 59.06 0.9881 high
1278.75 788.91 120.00 59.06 0.9916 high
1275.00 788.91 127.50 59.06 0.9898 high
1274.18 788.16 126.92 60.22 0.0000 coast
1297.50 788.91 93.75 61.17 0.9932 high
1291.60 788.24 100.10 61.90 0.0000 coast
1301.25 788.91 82.50 59.06 0.9814 high
1297.50 791.02 86.25 48.52 0.9896 high
1275.00 793.12 101.25 50.62 0.9913 high
1260.00 793.12 112.50 52.73 0.9897 high
1263.75 795.23 101.25 46.41 0.9850 high
1259.83 795.02 103.87 47.16 0.0000 coast
1256.25 797.34 93.75 42.19 0.9829 high
1252.48 797.58 95.70 41.82 0.0000 coast
1248.74 798.22 95.31 40.55 0.0000 coast
1260.00 797.34 75.00 33.75 0.9777 high
1255.52 798.06 75.59 32.76 0.0000 coast
1253.13 798.56 73.40 30.99 0.0000 coast
821.25 683.44 15.00 8.44 0.9529 reinit
821.25 683.44 15.00 8.44 0.8656 high
-100 -100 -100 -100 0.0000 coast_none
-100 -100 -100 -100 0.0000 coast_none
1563.75 683.44 33.75 18.98 0.9744 reinit
1563.75 683.44 33.75 18.98 0.9714 high
1563.75 683.44 33.75 18.98 0.9707 high
1563.75 683.44 30.00 18.98 0.9347 high
1563.75 683.44 30.00 18.98 0.9083 high
1563.75 683.44 29.00 18.98 0.0000 coast
1563.75 683.44 28.03 18.98 0.0000 coast
1563.75 683.44 27.06 18.98 0.0000 coast
1147.50 801.56 18.75 6.33 0.9392 reinit
1147.50 801.56 18.75 6.33 0.0000 coast
1147.50 801.56 18.75 6.33 0.0000 coast
-100 -100 -100 -100 0.0000 coast_none
-100 -100 -100 -100 0.0000 coast_none
-100 -100 -100 -100 0.0000 coast_none
-100 -100 -100 -100 0.0000 coast_none
-100 -100 -100 -100 0.0000 coast_none
-100 -100 -100 -100 0.0000 coast_none
1132.50 810.00 33.75 8.44 0.9495 high
1131.08 810.80 35.17 8.64 0.0000 coast
-100 -100 -100 -100 0.0000 coast_none
1563.75 683.44 33.75 18.98 0.9632 reinit
1563.75 683.44 33.75 18.98 0.9785 high
1563.75 683.44 33.75 18.98 0.9718 high
1560.00 683.44 37.50 18.98 0.9699 high
1560.00 683.44 37.50 18.98 0.9851 high
1560.00 683.44 37.50 18.98 0.9678 high
1560.00 683.44 37.50 18.98 0.9776 high
1560.00 683.44 37.50 16.88 0.9648 high
1559.09 683.44 38.41 17.33 0.0000 coast
1563.75 683.44 30.00 16.88 0.9447 high
1560.00 683.44 37.50 18.98 0.9788 high
1560.00 681.33 41.25 21.09 0.9718 high
1560.00 683.44 37.50 16.88 0.9558 high
1560.00 681.33 41.25 25.31 0.9703 high
1560.00 681.33 41.25 25.31 0.9787 high
1559.57 681.24 41.93 25.28 0.0000 coast
1560.00 681.33 41.25 21.09 0.9836 high
1560.00 681.33 41.25 23.20 0.9737 high
1560.00 681.33 41.25 23.20 0.9834 high
1559.72 681.10 42.02 23.56 0.0000 coast
1560.00 683.44 37.50 18.98 0.9614 high
1559.76 682.92 38.73 20.05 0.0000 coast
1559.62 682.96 38.82 19.99 0.0000 coast
1080.00 807.89 86.25 35.86 0.9887 reinit
1068.75 810.00 93.75 37.97 0.9902 high
1091.25 810.00 67.50 23.20 0.9826 high
1087.50 807.89 71.25 25.31 0.9910 high
1091.74 807.89 65.34 21.66 0.0000 coast
1095.55 807.49 60.02 18.42 0.0000 coast
1035.00 807.89 105.00 35.86 0.9868 reinit
1050.00 807.89 82.50 31.64 0.9848 high
1051.12 807.89 80.83 31.33 0.0000 coast
993.75 810.00 105.00 27.42 0.9810 high
986.25 810.00 123.75 42.19 0.9894 high
1001.25 810.00 105.00 29.53 0.9885 high
971.25 810.00 123.75 35.86 0.9925 high
967.50 810.00 120.00 48.52 0.9878 high
960.00 810.00 120.00 46.41 0.9886 high
952.50 812.11 120.00 48.52 0.9889 high
948.75 812.11 105.00 50.62 0.9916 high
937.50 812.11 116.25 48.52 0.9894 high
930.00 812.11 123.75 50.62 0.9907 high
922.50 812.11 123.75 50.62 0.9912 high
915.00 812.11 123.75 50.62 0.9922 high
915.00 812.11 112.50 52.73 0.9916 high
900.00 812.11 120.00 50.62 0.9934 high
900.00 812.11 112.50 50.62 0.9920 high
888.75 812.11 108.75 46.41 0.9914 high
881.25 812.11 112.50 48.52 0.9880 high
881.25 812.11 105.00 46.41 0.9819 high
877.50 812.11 101.25 46.41 0.9933 high
866.25 814.22 101.25 44.30 0.9936 high
866.25 814.22 93.75 42.19 0.9875 high
858.75 814.22 93.75 42.19 0.9876 high
836.25 814.22 108.75 48.52 0.9866 high
832.50 814.22 97.50 48.52 0.9935 high
821.25 814.22 105.00 44.30 0.9882 high
798.75 814.22 116.25 44.30 0.9912 high
802.50 814.22 105.00 35.86 0.9920 high
795.00 814.22 105.00 31.64 0.9865 high
795.00 816.33 97.50 44.30 0.9922 high
783.75 816.33 93.75 44.30 0.9891 high
791.25 816.33 78.75 40.08 0.9853 high
791.25 814.22 78.75 31.64 0.9825 high
783.75 818.44 78.75 25.31 0.9883 high
778.02 817.80 75.90 25.75 0.0000 coast
772.69 818.20 73.54 23.82 0.0000 coast
1563.75 683.44 37.50 21.09 0.9801 reinit
1563.75 683.44 37.50 21.09 0.9746 high
1563.75 683.44 37.50 21.09 0.0000 coast
-100 -100 -100 -100 0.0000 coast_none
697.50 824.77 86.25 40.08 0.9914 reinit
697.50 824.77 90.00 40.08 0.9931 high
690.00 822.66 90.00 42.19 0.9868 high
690.00 824.77 86.25 35.86 0.9877 high
697.50 826.88 71.25 25.31 0.9794 high
678.75 826.88 86.25 25.31 0.9894 high
686.25 824.77 78.75 29.53 0.9856 high
682.50 826.88 75.00 35.86 0.9826 high
663.75 826.88 86.25 33.75 0.9835 high
637.50 824.77 97.50 35.86 0.9763 high
641.25 826.88 90.00 40.08 0.9855 high
637.50 826.88 93.75 40.08 0.9883 high
629.85 826.97 94.28 39.84 0.0000 coast
626.25 824.77 93.75 37.97 0.9888 high
619.37 825.31 95.03 38.66 0.0000 coast
613.14 825.31 95.95 38.84 0.0000 coast
603.75 826.88 90.00 40.08 0.9842 high
607.50 828.98 82.50 33.75 0.9740 high
615.00 831.09 78.75 29.53 0.9795 high
592.50 826.88 97.50 40.08 0.9865 high
590.99 828.26 92.70 37.26 0.0000 coast
596.25 828.98 82.50 35.86 0.9801 high
585.00 828.98 86.25 37.97 0.9890 high
581.25 828.98 90.00 35.86 0.9927 high
573.75 828.98 90.00 35.86 0.9844 high
577.50 828.98 86.25 37.97 0.9905 high
562.50 828.98 90.00 37.97 0.9880 high
555.00 828.98 101.25 37.97 0.9896 high
547.50 826.88 105.00 40.08 0.9831 high
543.75 828.98 108.75 42.19 0.9876 high
540.00 828.98 105.00 42.19 0.9848 high
543.75 828.98 97.50 42.19 0.9856 high
543.75 828.98 101.25 44.30 0.9886 high
536.25 828.98 101.25 40.08 0.9834 high
536.25 828.98 75.00 33.75 0.9797 high
536.25 828.98 97.50 40.08 0.9864 high
540.00 831.09 90.00 37.97 0.9901 high
532.50 831.09 93.75 37.97 0.9869 high
528.75 831.09 97.50 40.08 0.9905 high
528.75 831.09 97.50 40.08 0.9925 high
528.75 833.20 97.50 37.97 0.9933 high
525.00 833.20 97.50 37.97 0.9958 high
525.00 833.20 97.50 37.97 0.9862 high
521.25 833.20 101.25 40.08 0.9867 high
525.00 835.31 97.50 37.97 0.9875 high
525.00 835.31 97.50 37.97 0.9902 high
525.00 835.31 97.50 37.97 0.9903 high
525.00 835.31 97.50 40.08 0.9861 high
517.50 835.31 105.00 37.97 0.9915 high
517.50 835.31 101.25 37.97 0.9913 high
513.75 835.31 105.00 37.97 0.9882 high
513.75 835.31 101.25 35.86 0.9858 high
513.75 835.31 101.25 35.86 0.9947 high
513.75 835.31 101.25 37.97 0.9887 high
513.75 835.31 101.25 35.86 0.9832 high
513.75 835.31 101.25 35.86 0.9883 high
517.50 835.31 97.50 35.86 0.9841 high
510.00 837.42 105.00 33.75 0.9905 high
513.75 837.42 97.50 33.75 0.9893 high
513.75 837.42 97.50 35.86 0.9848 high
513.75 837.42 97.50 35.86 0.9890 high
513.75 837.42 101.25 37.97 0.9891 high
517.50 837.42 97.50 35.86 0.9868 high
517.50 837.42 97.50 37.97 0.9926 high
517.50 837.42 97.50 35.86 0.9911 high
517.50 837.42 97.50 35.86 0.9921 high
510.00 837.42 105.00 37.97 0.9885 high
510.00 837.42 101.25 40.08 0.9903 high
510.00 837.42 101.25 35.86 0.9914 high
510.00 837.42 101.25 37.97 0.9916 high
510.00 837.42 101.25 37.97 0.9909 high
510.00 837.42 101.25 37.97 0.9872 high
510.00 837.42 101.25 35.86 0.9901 high
510.00 839.53 101.25 33.75 0.9880 high
506.25 839.53 105.00 33.75 0.9806 high
510.00 839.53 97.50 31.64 0.9861 high
506.25 839.53 101.25 29.53 0.9822 high
502.50 839.53 105.00 33.75 0.9873 high
502.50 839.53 101.25 33.75 0.9871 high
502.50 841.64 101.25 31.64 0.9900 high
502.50 841.64 93.75 31.64 0.9831 high
498.75 841.64 93.75 31.64 0.9854 high
498.75 841.64 101.25 31.64 0.9898 high
495.00 841.64 93.75 33.75 0.9909 high
495.00 841.64 101.25 33.75 0.9914 high
495.00 841.64 105.00 33.75 0.9912 high
491.25 841.64 108.75 33.75 0.9888 high
495.00 841.64 105.00 35.86 0.9885 high
495.00 841.64 105.00 35.86 0.9838 high
495.00 841.64 105.00 33.75 0.9866 high
495.00 841.64 105.00 33.75 0.9900 high
495.00 841.64 105.00 33.75 0.9890 high
498.75 841.64 101.25 33.75 0.9866 high
498.75 841.64 101.25 35.86 0.9866 high
495.00 841.64 105.00 35.86 0.9859 high
495.00 841.64 105.00 37.97 0.9840 high
495.00 841.64 101.25 35.86 0.9896 high
495.00 841.64 101.25 35.86 0.9884 high
495.00 843.75 97.50 33.75 0.9888 high
495.00 843.75 97.50 35.86 0.9932 high
495.00 843.75 93.75 37.97 0.9904 high
498.75 843.75 93.75 40.08 0.9914 high
495.00 845.86 101.25 40.08 0.9913 high
498.75 845.86 97.50 37.97 0.9915 high
498.75 845.86 101.25 37.97 0.9896 high
495.00 847.97 105.00 42.19 0.9890 high
495.00 847.97 105.00 44.30 0.9913 high
498.75 850.08 101.25 40.08 0.9942 high
498.75 852.19 101.25 37.97 0.9956 high
495.00 852.19 101.25 40.08 0.9910 high
498.75 854.30 97.50 42.19 0.9901 high
491.25 856.41 105.00 44.30 0.9916 high
495.00 858.52 101.25 42.19 0.9899 high
498.75 862.73 97.50 40.08 0.9930 high
502.50 864.84 93.75 40.08 0.9887 high
502.50 866.95 78.75 35.86 0.9872 high
498.75 871.17 93.75 37.97 0.9864 high
502.50 873.28 67.50 31.64 0.9885 high
495.00 875.39 82.50 37.97 0.9916 high
495.00 879.61 93.75 35.86 0.9791 high
495.00 883.83 101.25 31.64 0.9900 high
495.00 888.05 97.50 33.75 0.9861 high
491.25 890.16 90.00 42.19 0.9885 high
495.00 894.38 97.50 40.08 0.9922 high
498.75 896.48 93.75 35.86 0.9918 high
496.82 899.30 95.21 37.21 0.0000 coast
513.75 907.03 78.75 33.75 0.9841 high
502.50 907.03 93.75 37.97 0.9892 high
506.25 911.25 93.75 29.53 0.9839 high
502.50 913.36 93.75 29.53 0.9888 high
495.00 915.47 101.25 33.75 0.9905 high
498.75 919.69 97.50 33.75 0.9881 high
498.75 919.69 101.25 37.97 0.9888 high
483.75 928.12 105.00 35.86 0.9900 high
491.25 930.23 105.00 40.08 0.9858 high
488.99 933.14 106.17 38.93 0.0000 coast
487.50 938.67 108.75 35.86 0.9893 high
487.50 942.89 105.00 27.42 0.9728 high
491.25 947.11 97.50 37.97 0.9859 high
502.50 949.22 90.00 37.97 0.9900 high
502.50 953.44 86.25 33.75 0.9806 high
502.50 955.55 71.25 31.64 0.9823 high
491.25 959.77 71.25 37.97 0.9813 high
487.50 961.88 82.50 40.08 0.9889 high
-100 -100 -100 -100 0.0000 coast_none
-100 -100 -100 -100 0.0000 coast_none
1560.00 693.98 26.25 14.77 0.9489 reinit
-100 -100 -100 -100 0.0000 coast_none
-100 -100 -100 -100 0.0000 coast_none
-100 -100 -100 -100 0.0000 coast_none
-100 -100 -100 -100 0.0000 coast_none
-100 -100 -100 -100 0.0000 coast_none
-100 -100 -100 -100 0.0000 coast_none
-100 -100 -100 -100 0.0000 coast_none
-100 -100 -100 -100 0.0000 coast_none
-100 -100 -100 -100 0.0000 coast_none
1590.00 687.66 3.75 2.11 0.5176 high
1592.62 687.10 1.79 1.01 0.0000 coast
1594.75 685.93 1.00 1.00 0.0000 coast
-100 -100 -100 -100 0.0000 coast_none
547.50 1031.48 22.50 8.44 0.9500 reinit
-100 -100 -100 -100 0.0000 coast_none
-100 -100 -100 -100 0.0000 coast_none
-100 -100 -100 -100 0.0000 coast_none
-100 -100 -100 -100 0.0000 coast_none
-100 -100 -100 -100 0.0000 coast_none
-100 -100 -100 -100 0.0000 coast_none
-100 -100 -100 -100 0.0000 coast_none
-100 -100 -100 -100 0.0000 coast_none
-100 -100 -100 -100 0.0000 coast_none
-100 -100 -100 -100 0.0000 coast_none
-100 -100 -100 -100 0.0000 miss
-100 -100 -100 -100 0.0000 miss
-100 -100 -100 -100 0.0000 miss
-100 -100 -100 -100 0.0000 miss
-100 -100 -100 -100 0.0000 miss
-100 -100 -100 -100 0.0000 miss
-100 -100 -100 -100 0.0000 miss
-100 -100 -100 -100 0.0000 miss
-100 -100 -100 -100 0.0000 miss
-100 -100 -100 -100 0.0000 miss
-100 -100 -100 -100 0.0000 miss
-100 -100 -100 -100 0.0000 miss
-100 -100 -100 -100 0.0000 miss
-100 -100 -100 -100 0.0000 miss
-100 -100 -100 -100 0.0000 miss
-100 -100 -100 -100 0.0000 miss
-100 -100 -100 -100 0.0000 miss
-100 -100 -100 -100 0.0000 miss
-100 -100 -100 -100 0.0000 miss
-100 -100 -100 -100 0.0000 miss
-100 -100 -100 -100 0.0000 lost
-100 -100 -100 -100 0.0000 none
-100 -100 -100 -100 0.0000 none
-100 -100 -100 -100 0.0000 none
-100 -100 -100 -100 0.0000 none
-100 -100 -100 -100 0.0000 none
-100 -100 -100 -100 0.0000 none
1560.00 681.33 41.25 23.20 0.9723 init
1560.00 681.33 41.25 23.20 0.0000 coast
1578.75 683.44 18.75 10.55 0.9387 high
1581.78 683.78 15.12 8.50 0.0000 coast
-100 -100 -100 -100 0.0000 coast_none
-100 -100 -100 -100 0.0000 coast_none
-100 -100 -100 -100 0.0000 coast_none
1586.25 685.55 3.75 4.22 0.4569 low
1587.92 686.40 1.00 1.79 0.0000 coast
1588.21 686.45 1.00 1.00 0.0000 coast
1588.50 686.10 1.00 1.00 0.0000 coast
-100 -100 -100 -100 0.0000 coast_none
1575.00 685.55 18.75 8.44 0.9314 reinit
-100 -100 -100 -100 0.0000 coast_none
-100 -100 -100 -100 0.0000 coast_none
-100 -100 -100 -100 0.0000 coast_none
-100 -100 -100 -100 0.0000 coast_none
-100 -100 -100 -100 0.0000 coast_none
1563.75 685.55 26.25 16.88 0.8346 high
1560.00 683.44 33.75 21.09 0.9548 high
-100 -100 -100 -100 0.0000 coast_none
-100 -100 -100 -100 0.0000 coast_none
1555.56 683.73 36.02 24.23 0.0000 coast
1563.75 683.44 33.75 21.09 0.9354 high
1563.75 685.55 30.00 18.98 0.9317 high
1563.75 685.55 30.00 18.98 0.9003 high
1560.00 683.44 37.50 21.09 0.9681 high
1559.77 683.94 36.77 21.69 0.0000 coast
-100 -100 -100 -100 0.0000 coast_none
1557.76 683.69 39.22 23.31 0.0000 coast
1556.75 683.56 40.44 24.11 0.0000 coast
1555.75 683.43 41.66 24.92 0.0000 coast
1563.75 685.55 33.75 16.88 0.9479 high
1563.75 683.44 33.75 18.98 0.9299 high
1563.75 683.44 33.75 18.98 0.9407 high
1563.75 683.44 33.75 18.98 0.9456 high
1563.75 683.44 33.75 18.98 0.9445 high
1563.43 683.26 34.28 19.34 0.0000 coast
1563.25 683.13 34.60 19.57 0.0000 coast
-100 -100 -100 -100 0.0000 coast_none
-100 -100 -100 -100 0.0000 coast_none
-100 -100 -100 -100 0.0000 coast_none
-100 -100 -100 -100 0.0000 coast_none
-100 -100 -100 -100 0.0000 coast_none
-100 -100 -100 -100 0.0000 coast_none
-100 -100 -100 -100 0.0000 coast_none
-100 -100 -100 -100 0.0000 coast_none
-100 -100 -100 -100 0.0000 miss
-100 -100 -100 -100 0.0000 miss
-100 -100 -100 -100 0.0000 miss
-100 -100 -100 -100 0.0000 miss
-100 -100 -100 -100 0.0000 miss
-100 -100 -100 -100 0.0000 miss
-100 -100 -100 -100 0.0000 miss
-100 -100 -100 -100 0.0000 miss
-100 -100 -100 -100 0.0000 miss
-100 -100 -100 -100 0.0000 miss
-100 -100 -100 -100 0.0000 miss
-100 -100 -100 -100 0.0000 miss
-100 -100 -100 -100 0.0000 miss
1586.25 685.55 11.25 4.22 0.8320 high
-100 -100 -100 -100 0.0000 coast_none
1582.50 685.55 15.00 6.33 0.8702 high
1582.65 685.62 14.84 6.17 0.0000 coast
1582.65 685.69 14.83 6.10 0.0000 coast
1578.75 683.44 22.50 10.55 0.9253 high
1578.75 683.44 22.50 10.55 0.9390 high
1577.82 682.98 24.32 11.53 0.0000 coast
1578.75 683.44 22.50 10.55 0.9850 high
1575.00 683.44 26.25 10.55 0.9358 high
1575.09 682.97 27.03 11.53 0.0000 coast
-100 -100 -100 -100 0.0000 coast_none
1586.25 685.55 7.50 4.22 0.9049 reinit
-100 -100 -100 -100 0.0000 coast_none
-100 -100 -100 -100 0.0000 coast_none
-100 -100 -100 -100 0.0000 coast_none
-100 -100 -100 -100 0.0000 coast_none
-100 -100 -100 -100 0.0000 coast_none
-100 -100 -100 -100 0.0000 coast_none
-100 -100 -100 -100 0.0000 coast_none
-100 -100 -100 -100 0.0000 coast_none
-100 -100 -100 -100 0.0000 coast_none
-100 -100 -100 -100 0.0000 coast_none
-100 -100 -100 -100 0.0000 miss
-100 -100 -100 -100 0.0000 miss
-100 -100 -100 -100 0.0000 miss
-100 -100 -100 -100 0.0000 miss
-100 -100 -100 -100 0.0000 miss
-100 -100 -100 -100 0.0000 miss
-100 -100 -100 -100 0.0000 miss
-100 -100 -100 -100 0.0000 miss
-100 -100 -100 -100 0.0000 miss
-100 -100 -100 -100 0.0000 miss
-100 -100 -100 -100 0.0000 miss
-100 -100 -100 -100 0.0000 miss
-100 -100 -100 -100 0.0000 miss
-100 -100 -100 -100 0.0000 miss
-100 -100 -100 -100 0.0000 miss
-100 -100 -100 -100 0.0000 miss
-100 -100 -100 -100 0.0000 miss
-100 -100 -100 -100 0.0000 miss
-100 -100 -100 -100 0.0000 miss
-100 -100 -100 -100 0.0000 miss
-100 -100 -100 -100 0.0000 lost
-100 -100 -100 -100 0.0000 none
-100 -100 -100 -100 0.0000 none
-100 -100 -100 -100 0.0000 none
-100 -100 -100 -100 0.0000 none
-100 -100 -100 -100 0.0000 none
-100 -100 -100 -100 0.0000 none
-100 -100 -100 -100 0.0000 none
-100 -100 -100 -100 0.0000 none
-100 -100 -100 -100 0.0000 none
-100 -100 -100 -100 0.0000 none
1575.00 681.33 26.25 12.66 0.9187 init
1578.75 681.33 22.50 12.66 0.9319 high
1575.00 679.22 26.25 14.77 0.9512 high
1575.03 678.83 26.22 15.16 0.0000 coast
1574.34 678.06 26.91 15.92 0.0000 coast
1578.75 683.44 18.75 8.44 0.8909 high
1578.75 683.44 18.75 8.44 0.9321 high
-100 -100 -100 -100 0.0000 coast_none
-100 -100 -100 -100 0.0000 coast_none
1582.50 683.44 15.00 6.33 0.9564 high
-100 -100 -100 -100 0.0000 coast_none
-100 -100 -100 -100 0.0000 coast_none
-100 -100 -100 -100 0.0000 coast_none
-100 -100 -100 -100 0.0000 coast_none
-100 -100 -100 -100 0.0000 coast_none
-100 -100 -100 -100 0.0000 coast_none
-100 -100 -100 -100 0.0000 coast_none
1080.00 493.59 15.00 8.44 0.9255 reinit
1080.00 493.59 15.00 8.44 0.9388 high
-100 -100 -100 -100 0.0000 coast_none
-100 -100 -100 -100 0.0000 coast_none
-100 -100 -100 -100 0.0000 coast_none
-100 -100 -100 -100 0.0000 coast_none
-100 -100 -100 -100 0.0000 coast_none
-100 -100 -100 -100 0.0000 coast_none
-100 -100 -100 -100 0.0000 coast_none
-100 -100 -100 -100 0.0000 coast_none
-100 -100 -100 -100 0.0000 coast_none
1560.00 681.33 37.50 14.77 0.9244 reinit
1575.00 683.44 22.50 8.44 0.9285 high
1582.50 681.33 15.00 10.55 0.9312 high
1586.25 683.44 7.50 4.22 0.8402 high
-100 -100 -100 -100 0.0000 coast_none
-100 -100 -100 -100 0.0000 coast_none
-100 -100 -100 -100 0.0000 coast_none
-100 -100 -100 -100 0.0000 coast_none
-100 -100 -100 -100 0.0000 coast_none
-100 -100 -100 -100 0.0000 coast_none
-100 -100 -100 -100 0.0000 coast_none
-100 -100 -100 -100 0.0000 coast_none
-100 -100 -100 -100 0.0000 coast_none
-100 -100 -100 -100 0.0000 coast_none
-100 -100 -100 -100 0.0000 miss
-100 -100 -100 -100 0.0000 miss
-100 -100 -100 -100 0.0000 miss
-100 -100 -100 -100 0.0000 miss
-100 -100 -100 -100 0.0000 miss
-100 -100 -100 -100 0.0000 miss
-100 -100 -100 -100 0.0000 miss
-100 -100 -100 -100 0.0000 miss
1218.75 1031.48 15.00 6.33 0.9518 reinit
1218.75 1031.48 15.00 6.33 0.9636 high
1218.75 1031.48 11.25 6.33 0.9828 high
1218.75 1031.48 11.25 6.33 0.8417 high
1218.75 1031.48 10.11 6.33 0.0000 coast
-100 -100 -100 -100 0.0000 coast_none
1222.50 1033.59 3.75 2.11 0.7020 high
-100 -100 -100 -100 0.0000 coast_none
-100 -100 -100 -100 0.0000 coast_none
-100 -100 -100 -100 0.0000 coast_none
-100 -100 -100 -100 0.0000 coast_none
821.25 687.66 11.25 4.22 0.9522 reinit
821.25 687.66 11.25 4.22 0.8094 high
-100 -100 -100 -100 0.0000 coast_none
821.25 687.66 11.25 6.33 0.8324 high
-100 -100 -100 -100 0.0000 coast_none
-100 -100 -100 -100 0.0000 coast_none
-100 -100 -100 -100 0.0000 coast_none
-100 -100 -100 -100 0.0000 coast_none
-100 -100 -100 -100 0.0000 coast_none
-100 -100 -100 -100 0.0000 coast_none
-100 -100 -100 -100 0.0000 coast_none
-100 -100 -100 -100 0.0000 coast_none
-100 -100 -100 -100 0.0000 coast_none
-100 -100 -100 -100 0.0000 coast_none
-100 -100 -100 -100 0.0000 miss
-100 -100 -100 -100 0.0000 miss
-100 -100 -100 -100 0.0000 miss
-100 -100 -100 -100 0.0000 miss
-100 -100 -100 -100 0.0000 miss
-100 -100 -100 -100 0.0000 miss
-100 -100 -100 -100 0.0000 miss
-100 -100 -100 -100 0.0000 miss
-100 -100 -100 -100 0.0000 miss
-100 -100 -100 -100 0.0000 miss
-100 -100 -100 -100 0.0000 miss
-100 -100 -100 -100 0.0000 miss
-100 -100 -100 -100 0.0000 miss
-100 -100 -100 -100 0.0000 miss
-100 -100 -100 -100 0.0000 miss
-100 -100 -100 -100 0.0000 miss
-100 -100 -100 -100 0.0000 miss
-100 -100 -100 -100 0.0000 miss
-100 -100 -100 -100 0.0000 miss
-100 -100 -100 -100 0.0000 miss
-100 -100 -100 -100 0.0000 lost
-100 -100 -100 -100 0.0000 none
-100 -100 -100 -100 0.0000 none
-100 -100 -100 -100 0.0000 none
-100 -100 -100 -100 0.0000 none
-100 -100 -100 -100 0.0000 none
-100 -100 -100 -100 0.0000 none
-100 -100 -100 -100 0.0000 none
-100 -100 -100 -100 0.0000 none
-100 -100 -100 -100 0.0000 none
-100 -100 -100 -100 0.0000 none
-100 -100 -100 -100 0.0000 none
-100 -100 -100 -100 0.0000 none
-100 -100 -100 -100 0.0000 none
-100 -100 -100 -100 0.0000 none
-100 -100 -100 -100 0.0000 none
-100 -100 -100 -100 0.0000 none
-100 -100 -100 -100 0.0000 none
-100 -100 -100 -100 0.0000 none
-100 -100 -100 -100 0.0000 none
-100 -100 -100 -100 0.0000 none
-100 -100 -100 -100 0.0000 none
-100 -100 -100 -100 0.0000 none
-100 -100 -100 -100 0.0000 none
-100 -100 -100 -100 0.0000 none
-100 -100 -100 -100 0.0000 none
-100 -100 -100 -100 0.0000 none
-100 -100 -100 -100 0.0000 none
-100 -100 -100 -100 0.0000 none
-100 -100 -100 -100 0.0000 none
-100 -100 -100 -100 0.0000 none
-100 -100 -100 -100 0.0000 none
-100 -100 -100 -100 0.0000 none
-100 -100 -100 -100 0.0000 none
-100 -100 -100 -100 0.0000 none
-100 -100 -100 -100 0.0000 none
-100 -100 -100 -100 0.0000 none
-100 -100 -100 -100 0.0000 none
-100 -100 -100 -100 0.0000 none
-100 -100 -100 -100 0.0000 none
-100 -100 -100 -100 0.0000 none
-100 -100 -100 -100 0.0000 none
-100 -100 -100 -100 0.0000 none
-100 -100 -100 -100 0.0000 none
-100 -100 -100 -100 0.0000 none
-100 -100 -100 -100 0.0000 none
-100 -100 -100 -100 0.0000 none
-100 -100 -100 -100 0.0000 none
-100 -100 -100 -100 0.0000 none
-100 -100 -100 -100 0.0000 none
-100 -100 -100 -100 0.0000 none
-100 -100 -100 -100 0.0000 none
-100 -100 -100 -100 0.0000 none
-100 -100 -100 -100 0.0000 none
-100 -100 -100 -100 0.0000 none
-100 -100 -100 -100 0.0000 none
-100 -100 -100 -100 0.0000 none
-100 -100 -100 -100 0.0000 none
-100 -100 -100 -100 0.0000 none
-100 -100 -100 -100 0.0000 none
-100 -100 -100 -100 0.0000 none
1871.25 546.33 7.50 6.33 0.9118 init
1871.25 546.33 7.50 6.33 0.0000 coast
-100 -100 -100 -100 0.0000 coast_none
-100 -100 -100 -100 0.0000 coast_none
-100 -100 -100 -100 0.0000 coast_none
-100 -100 -100 -100 0.0000 coast_none
-100 -100 -100 -100 0.0000 coast_none
-100 -100 -100 -100 0.0000 coast_none
-100 -100 -100 -100 0.0000 coast_none
-100 -100 -100 -100 0.0000 coast_none
-100 -100 -100 -100 0.0000 coast_none
-100 -100 -100 -100 0.0000 miss
-100 -100 -100 -100 0.0000 miss
-100 -100 -100 -100 0.0000 miss
-100 -100 -100 -100 0.0000 miss
-100 -100 -100 -100 0.0000 miss
-100 -100 -100 -100 0.0000 miss
-100 -100 -100 -100 0.0000 miss
-100 -100 -100 -100 0.0000 miss
-100 -100 -100 -100 0.0000 miss
-100 -100 -100 -100 0.0000 miss
-100 -100 -100 -100 0.0000 miss
-100 -100 -100 -100 0.0000 miss
-100 -100 -100 -100 0.0000 miss
-100 -100 -100 -100 0.0000 miss
-100 -100 -100 -100 0.0000 miss
813.75 677.11 26.25 12.66 0.9788 reinit
813.75 677.11 26.25 12.66 0.0000 coast
