600.00 620.16 82.50 40.08 1.0000 init
603.75 620.16 78.75 40.08 1.0000 high
603.75 620.16 78.75 40.08 1.0000 high
603.75 620.16 78.75 40.08 1.0000 high
603.75 620.16 82.50 42.19 1.0000 high
603.75 620.16 82.50 42.19 1.0000 high
603.75 620.16 82.50 42.19 1.0000 high
607.50 622.27 78.75 40.08 1.0000 high
611.25 622.27 75.00 40.08 1.0000 high
611.25 622.27 78.75 42.19 1.0000 high
611.25 622.27 78.75 40.08 1.0000 high
611.25 622.27 82.50 40.08 1.0000 high
615.00 624.38 78.75 35.86 1.0000 high
615.00 624.38 82.50 37.97 1.0000 high
618.75 624.38 78.75 40.08 1.0000 high
618.75 624.38 78.75 40.08 1.0000 high
622.50 626.48 78.75 37.97 1.0000 high
622.50 626.48 82.50 37.97 1.0000 high
626.25 626.48 78.75 37.97 1.0000 high
626.25 626.48 78.75 37.97 1.0000 high
626.25 626.48 82.50 37.97 1.0000 high
626.25 624.38 82.50 40.08 1.0000 high
633.75 624.38 78.75 37.97 1.0000 high
633.75 622.27 78.75 40.08 1.0000 high
637.50 622.27 78.75 40.08 1.0000 high
637.50 620.16 78.75 40.08 1.0000 high
637.50 620.16 78.75 40.08 1.0000 high
641.25 615.94 78.75 42.19 1.0000 high
641.25 611.72 78.75 40.08 1.0000 high
641.25 609.61 82.50 42.19 1.0000 high
645.00 607.50 78.75 35.86 1.0000 high
645.00 603.28 82.50 40.08 1.0000 high
645.00 601.17 78.75 40.08 1.0000 high
648.75 596.95 78.75 40.08 1.0000 high
645.00 592.73 82.50 42.19 1.0000 high
648.75 590.62 78.75 37.97 1.0000 high
648.75 588.52 82.50 40.08 1.0000 high
648.75 586.41 82.50 37.97 1.0000 high
652.50 584.30 78.75 40.08 1.0000 high
652.50 582.19 78.75 37.97 1.0000 high
652.50 582.19 82.50 37.97 1.0000 high
652.50 580.08 78.75 40.08 1.0000 high
652.50 580.08 82.50 37.97 1.0000 high
656.25 577.97 78.75 40.08 1.0000 high
656.25 577.97 78.75 40.08 1.0000 high
656.25 575.86 78.75 40.08 1.0000 high
656.25 575.86 78.75 37.97 1.0000 high
656.25 573.75 82.50 37.97 1.0000 high
656.25 573.75 82.50 37.97 1.0000 high
656.25 571.64 82.50 40.08 1.0000 high
656.25 569.53 82.50 37.97 1.0000 high
656.25 567.42 82.50 33.75 1.0000 high
660.00 565.31 78.75 35.86 1.0000 high
660.00 561.09 78.75 37.97 1.0000 high
660.00 556.88 78.75 40.08 1.0000 high
660.00 552.66 78.75 40.08 1.0000 high
660.00 550.55 78.75 37.97 1.0000 high
663.75 546.33 78.75 37.97 1.0000 high
663.75 542.11 78.75 37.97 1.0000 high
663.75 537.89 78.75 37.97 1.0000 high
663.75 533.67 78.75 37.97 1.0000 high
663.75 527.34 78.75 40.08 1.0000 high
663.75 523.12 78.75 40.08 1.0000 high
663.75 518.91 78.75 40.08 1.0000 high
663.75 516.80 78.75 37.97 1.0000 high
667.50 510.47 75.00 40.08 1.0000 high
663.75 506.25 78.75 37.97 1.0000 high
667.50 504.14 75.00 40.08 1.0000 high
663.75 502.03 78.75 40.08 1.0000 high
663.75 502.03 78.75 37.97 1.0000 high
667.50 499.92 75.00 37.97 1.0000 high
667.50 497.81 78.75 37.97 1.0000 high
667.50 495.70 75.00 37.97 1.0000 high
667.50 495.70 78.75 37.97 1.0000 high
667.50 493.59 78.75 40.08 1.0000 high
667.50 493.59 78.75 37.97 1.0000 high
667.50 491.48 78.75 40.08 1.0000 high
667.50 491.48 78.75 40.08 1.0000 high
667.50 491.48 78.75 40.08 1.0000 high
667.50 491.48 78.75 40.08 1.0000 high
667.50 491.48 78.75 40.08 1.0000 high
667.50 491.48 78.75 40.08 1.0000 high
667.50 491.48 78.75 40.08 1.0000 high
667.50 491.48 78.75 40.08 1.0000 high
667.50 491.48 78.75 40.08 1.0000 high
667.50 491.48 78.75 40.08 1.0000 high
667.50 491.48 78.75 40.08 1.0000 high
667.50 491.48 82.50 40.08 1.0000 high
667.50 491.48 82.50 40.08 1.0000 high
667.50 491.48 82.50 40.08 1.0000 high
671.25 491.48 78.75 40.08 1.0000 high
671.25 491.48 78.75 40.08 1.0000 high
671.25 491.48 78.75 40.08 1.0000 high
671.25 491.48 78.75 40.08 1.0000 high
671.25 491.48 78.75 40.08 1.0000 high
671.25 491.48 78.75 42.19 1.0000 high
671.25 491.48 78.75 42.19 1.0000 high
671.25 491.48 78.75 42.19 1.0000 high
671.25 491.48 78.75 42.19 1.0000 high
671.25 491.48 78.75 42.19 1.0000 high
671.25 491.48 78.75 42.19 1.0000 high
671.25 491.48 78.75 40.08 1.0000 high
671.25 491.48 78.75 40.08 1.0000 high
671.25 491.48 78.75 40.08 1.0000 high
671.25 491.48 82.50 40.08 1.0000 high
671.25 491.48 82.50 40.08 1.0000 high
671.25 491.48 82.50 40.08 1.0000 high
671.25 491.48 82.50 40.08 1.0000 high
671.25 491.48 82.50 40.08 1.0000 high
671.25 491.48 82.50 40.08 1.0000 high
671.25 491.48 82.50 40.08 1.0000 high
671.25 491.48 82.50 40.08 1.0000 high
671.25 491.48 82.50 40.08 1.0000 high
671.25 491.48 86.25 40.08 1.0000 high
671.25 491.48 86.25 40.08 1.0000 high
671.25 491.48 86.25 40.08 1.0000 high
671.25 491.48 86.25 40.08 1.0000 high
675.00 493.59 82.50 37.97 1.0000 high
675.00 493.59 82.50 37.97 1.0000 high
675.00 491.48 82.50 40.08 1.0000 high
675.00 493.59 82.50 37.97 1.0000 high
671.25 491.48 90.00 40.08 1.0000 high
671.25 491.48 93.75 40.08 1.0000 high
671.25 491.48 93.75 40.08 1.0000 high
671.25 491.48 93.75 40.08 1.0000 high
671.25 491.48 93.75 40.08 1.0000 high
671.25 491.48 93.75 37.97 1.0000 high
671.25 491.48 93.75 37.97 1.0000 high
667.50 491.48 97.50 37.97 1.0000 high
667.50 491.48 97.50 37.97 1.0000 high
671.25 491.48 97.50 37.97 1.0000 high
671.25 489.38 97.50 40.08 1.0000 high
671.25 489.38 97.50 40.08 1.0000 high
671.25 489.38 101.25 40.08 1.0000 high
671.25 489.38 101.25 40.08 1.0000 high
675.00 489.38 97.50 40.08 1.0000 high
675.00 489.38 101.25 40.08 1.0000 high
675.00 489.38 101.25 40.08 1.0000 high
675.00 487.27 101.25 42.19 1.0000 high
678.75 487.27 101.25 40.08 1.0000 high
678.75 487.27 105.00 40.08 1.0000 high
678.75 487.27 105.00 42.19 1.0000 high
682.50 487.27 105.00 42.19 1.0000 high
686.25 487.27 101.25 42.19 1.0000 high
686.25 485.16 105.00 44.30 1.0000 high
686.25 485.16 108.75 42.19 1.0000 high
690.00 485.16 108.75 42.19 1.0000 high
693.75 485.16 105.00 42.19 1.0000 high
693.75 485.16 105.00 42.19 1.0000 high
693.75 483.05 108.75 44.30 1.0000 high
693.75 483.05 108.75 44.30 1.0000 high
701.25 483.05 105.00 44.30 1.0000 high
708.75 483.05 97.50 42.19 1.0000 high
708.75 483.05 105.00 42.19 1.0000 high
712.50 480.94 101.25 44.30 1.0000 high
712.50 480.94 105.00 44.30 1.0000 high
716.25 480.94 105.00 44.30 1.0000 high
723.75 480.94 97.50 44.30 1.0000 high
727.50 480.94 97.50 44.30 1.0000 high
731.25 478.83 97.50 44.30 1.0000 high
731.25 478.83 101.25 44.30 1.0000 high
735.00 478.83 101.25 44.30 1.0000 high
738.75 476.72 105.00 46.41 1.0000 high
746.25 478.83 101.25 42.19 1.0000 high
746.25 476.72 101.25 44.30 1.0000 high
746.25 476.72 105.00 42.19 1.0000 high
753.75 476.72 101.25 42.19 1.0000 high
757.50 476.72 101.25 42.19 1.0000 high
761.25 476.72 105.00 42.19 1.0000 high
768.75 476.72 105.00 42.19 1.0000 high
772.50 474.61 105.00 44.30 1.0000 high
776.25 474.61 105.00 42.19 1.0000 high
780.00 474.61 108.75 42.19 1.0000 high
787.50 474.61 101.25 42.19 1.0000 high
795.00 474.61 101.25 42.19 1.0000 high
802.50 474.61 101.25 42.19 1.0000 high
802.50 474.61 105.00 40.08 1.0000 high
813.75 474.61 101.25 40.08 1.0000 high
817.50 474.61 101.25 40.08 1.0000 high
821.25 474.61 105.00 40.08 1.0000 high
828.75 474.61 105.00 40.08 1.0000 high
836.25 472.50 101.25 40.08 1.0000 high
840.00 470.39 105.00 42.19 1.0000 high
843.75 470.39 108.75 42.19 1.0000 high
851.25 468.28 105.00 44.30 1.0000 high
855.00 468.28 105.00 44.30 1.0000 high
858.75 468.28 105.00 44.30 1.0000 high
862.50 468.28 112.50 44.30 1.0000 high
870.00 468.28 105.00 44.30 1.0000 high
873.75 468.28 105.00 44.30 1.0000 high
877.50 468.28 108.75 44.30 1.0000 high
881.25 468.28 105.00 44.30 1.0000 high
885.00 468.28 105.00 44.30 1.0000 high
892.50 468.28 101.25 44.30 1.0000 high
892.50 468.28 105.00 44.30 1.0000 high
892.50 468.28 112.50 46.41 1.0000 high
900.00 468.28 105.00 44.30 1.0000 high
900.00 470.39 108.75 44.30 1.0000 high
900.00 470.39 108.75 44.30 1.0000 high
903.75 472.50 108.75 42.19 1.0000 high
907.50 472.50 101.25 42.19 1.0000 high
907.50 472.50 101.25 42.19 1.0000 high
907.50 472.50 101.25 42.19 1.0000 high
907.50 474.61 105.00 40.08 1.0000 high
907.50 474.61 108.75 40.08 1.0000 high
911.25 474.61 105.00 40.08 1.0000 high
911.25 474.61 105.00 42.19 1.0000 high
911.25 474.61 105.00 42.19 1.0000 high
915.00 474.61 105.00 44.30 1.0000 high
915.00 476.72 105.00 42.19 1.0000 high
918.75 476.72 101.25 42.19 1.0000 high
918.75 476.72 101.25 42.19 1.0000 high
911.25 476.72 108.75 42.19 1.0000 high
911.25 476.72 108.75 44.30 1.0000 high
911.25 478.83 112.50 42.19 1.0000 high
911.25 476.72 108.75 42.19 1.0000 high
915.00 478.83 105.00 40.08 1.0000 high
915.00 478.83 108.75 42.19 1.0000 high
911.25 478.83 112.50 42.19 1.0000 high
911.25 478.83 112.50 44.30 1.0000 high
918.75 478.83 105.00 44.30 1.0000 high
915.00 478.83 108.75 44.30 1.0000 high
911.25 478.83 112.50 44.30 1.0000 high
915.00 478.83 108.75 44.30 1.0000 high
915.00 478.83 108.75 46.41 1.0000 high
918.75 478.83 105.00 46.41 1.0000 high
918.75 478.83 105.00 46.41 1.0000 high
915.00 480.94 108.75 44.30 1.0000 high
911.25 480.94 112.50 44.30 1.0000 high
915.00 480.94 108.75 44.30 1.0000 high
918.75 480.94 105.00 44.30 1.0000 high
915.00 480.94 105.00 44.30 1.0000 high
918.75 480.94 101.25 44.30 1.0000 high
922.50 480.94 101.25 44.30 1.0000 high
918.75 480.94 105.00 44.30 1.0000 high
922.50 483.05 101.25 42.19 1.0000 high
915.00 483.05 108.75 42.19 1.0000 high
918.75 483.05 101.25 42.19 1.0000 high
918.75 483.05 101.25 44.30 1.0000 high
918.75 483.05 101.25 44.30 1.0000 high
918.75 483.05 101.25 44.30 1.0000 high
918.75 483.05 97.50 44.30 1.0000 high
918.75 483.05 97.50 44.30 1.0000 high
918.75 483.05 97.50 44.30 1.0000 high
918.75 483.05 93.75 44.30 1.0000 high
918.75 483.05 93.75 44.30 1.0000 high
915.00 483.05 97.50 44.30 1.0000 high
915.00 483.05 93.75 44.30 1.0000 high
915.00 483.05 93.75 44.30 1.0000 high
915.00 483.05 93.75 44.30 1.0000 high
911.25 483.05 93.75 44.30 1.0000 high
907.50 483.05 97.50 44.30 1.0000 high
907.50 483.05 97.50 44.30 1.0000 high
907.50 483.05 93.75 44.30 1.0000 high
911.25 483.05 86.25 44.30 1.0000 high
911.25 483.05 82.50 44.30 1.0000 high
907.50 483.05 86.25 44.30 1.0000 high
907.50 483.05 82.50 44.30 1.0000 high
903.75 483.05 86.25 44.30 1.0000 high
903.75 483.05 82.50 44.30 1.0000 high
903.75 483.05 82.50 44.30 1.0000 high
903.75 483.05 78.75 42.19 1.0000 high
900.00 483.05 78.75 42.19 1.0000 high
900.00 483.05 78.75 44.30 1.0000 high
896.25 483.05 78.75 44.30 1.0000 high
896.25 483.05 78.75 44.30 1.0000 high
896.25 483.05 75.00 44.30 1.0000 high
892.50 483.05 78.75 44.30 1.0000 high
892.50 483.05 78.75 44.30 1.0000 high
892.50 483.05 78.75 44.30 1.0000 high
888.75 483.05 82.50 46.41 1.0000 high
885.00 483.05 82.50 48.52 1.0000 high
881.25 483.05 90.00 48.52 1.0000 high
881.25 483.05 86.25 48.52 1.0000 high
881.25 485.16 86.25 46.41 1.0000 high
881.25 485.16 86.25 46.41 1.0000 high
877.50 485.16 90.00 46.41 1.0000 high
877.50 485.16 90.00 46.41 1.0000 high
873.75 485.16 93.75 48.52 1.0000 high
873.75 485.16 93.75 48.52 1.0000 high
873.75 485.16 93.75 48.52 1.0000 high
870.00 485.16 97.50 48.52 1.0000 high
870.00 487.27 97.50 46.41 1.0000 high
870.00 487.27 97.50 48.52 1.0000 high
870.00 487.27 97.50 48.52 1.0000 high
866.25 487.27 101.25 48.52 1.0000 high
870.00 487.27 93.75 48.52 1.0000 high
870.00 487.27 93.75 48.52 1.0000 high
870.00 487.27 97.50 50.62 1.0000 high
870.00 487.27 101.25 50.62 1.0000 high
870.00 489.38 101.25 48.52 1.0000 high
870.00 489.38 101.25 48.52 1.0000 high
873.75 489.38 97.50 48.52 1.0000 high
873.75 491.48 101.25 46.41 1.0000 high
877.50 491.48 93.75 48.52 1.0000 high
873.75 491.48 101.25 48.52 1.0000 high
877.50 493.59 101.25 46.41 1.0000 high
881.25 493.59 97.50 46.41 1.0000 high
881.25 493.59 101.25 46.41 1.0000 high
881.25 493.59 101.25 46.41 1.0000 high
885.00 495.70 97.50 46.41 1.0000 high
885.00 495.70 101.25 46.41 1.0000 high
888.75 495.70 101.25 46.41 1.0000 high
892.50 497.81 101.25 44.30 1.0000 high
892.50 497.81 101.25 44.30 1.0000 high
896.25 499.92 101.25 44.30 1.0000 high
900.00 499.92 101.25 44.30 1.0000 high
907.50 502.03 97.50 42.19 1.0000 high
903.75 502.03 105.00 42.19 1.0000 high
907.50 502.03 101.25 42.19 1.0000 high
911.25 504.14 101.25 40.08 1.0000 high
915.00 506.25 101.25 37.97 1.0000 high
915.00 506.25 101.25 40.08 1.0000 high
918.75 508.36 93.75 37.97 1.0000 high
918.75 508.36 93.75 37.97 1.0000 high
922.50 508.36 97.50 37.97 1.0000 high
922.50 510.47 101.25 35.86 1.0000 high
926.25 510.47 101.25 37.97 1.0000 high
930.00 510.47 101.25 37.97 1.0000 high
933.75 510.47 101.25 37.97 1.0000 high
933.75 510.47 101.25 37.97 1.0000 high
937.50 510.47 101.25 37.97 1.0000 high
937.50 510.47 101.25 37.97 1.0000 high
937.50 510.47 101.25 40.08 1.0000 high
941.25 510.47 97.50 37.97 1.0000 high
941.25 510.47 97.50 37.97 1.0000 high
941.25 512.58 97.50 35.86 1.0000 high
941.25 510.47 97.50 37.97 1.0000 high
941.25 510.47 97.50 37.97 1.0000 high
941.25 510.47 97.50 37.97 1.0000 high
941.25 510.47 97.50 37.97 1.0000 high
945.00 510.47 93.75 37.97 1.0000 high
945.00 510.47 90.00 37.97 1.0000 high
945.00 508.36 90.00 40.08 1.0000 high
948.75 508.36 86.25 40.08 1.0000 high
948.75 508.36 86.25 40.08 1.0000 high
948.75 508.36 86.25 37.97 1.0000 high
945.00 508.36 90.00 37.97 1.0000 high
945.00 508.36 90.00 37.97 1.0000 high
945.00 508.36 86.25 37.97 1.0000 high
948.75 508.36 82.50 37.97 1.0000 high
948.75 508.36 82.50 37.97 1.0000 high
948.75 508.36 78.75 37.97 1.0000 high
948.75 506.25 82.50 37.97 1.0000 high
948.75 506.25 78.75 37.97 1.0000 high
948.75 506.25 82.50 37.97 1.0000 high
948.75 506.25 78.75 37.97 1.0000 high
948.75 504.14 82.50 40.08 1.0000 high
948.75 504.14 78.75 40.08 1.0000 high
948.75 504.14 78.75 37.97 1.0000 high
948.75 506.25 78.75 35.86 1.0000 high
945.00 504.14 82.50 37.97 1.0000 high
945.00 504.14 78.75 37.97 1.0000 high
941.25 504.14 82.50 37.97 1.0000 high
945.00 504.14 75.00 37.97 1.0000 high
945.00 504.14 75.00 35.86 1.0000 high
945.00 504.14 78.75 35.86 1.0000 high
945.00 504.14 75.00 35.86 1.0000 high
941.25 502.03 75.00 37.97 1.0000 high
941.25 502.03 71.25 37.97 1.0000 high
941.25 504.14 71.25 35.86 1.0000 high
941.25 502.03 67.50 35.86 1.0000 high
941.25 502.03 67.50 35.86 1.0000 high
937.50 502.03 71.25 35.86 1.0000 high
937.50 502.03 71.25 35.86 1.0000 high
937.50 502.03 71.25 35.86 1.0000 high
937.50 502.03 71.25 33.75 1.0000 high
933.75 502.03 75.00 33.75 1.0000 high
933.75 499.92 75.00 35.86 1.0000 high
930.00 499.92 78.75 35.86 1.0000 high
926.25 499.92 78.75 33.75 1.0000 high
926.25 497.81 78.75 33.75 1.0000 high
926.25 497.81 78.75 33.75 1.0000 high
922.50 497.81 82.50 33.75 1.0000 high
926.25 495.70 78.75 35.86 1.0000 high
922.50 495.70 82.50 35.86 1.0000 high
922.50 493.59 82.50 37.97 1.0000 high
918.75 493.59 86.25 37.97 1.0000 high
918.75 493.59 86.25 37.97 1.0000 high
918.75 493.59 86.25 37.97 1.0000 high
915.00 491.48 90.00 37.97 1.0000 high
915.00 491.48 90.00 37.97 1.0000 high
918.75 491.48 86.25 35.86 1.0000 high
915.00 491.48 90.00 35.86 1.0000 high
918.75 489.38 86.25 37.97 1.0000 high
918.75 489.38 90.00 37.97 1.0000 high
918.75 489.38 90.00 37.97 1.0000 high
918.75 489.38 90.00 37.97 1.0000 high
918.75 487.27 93.75 40.08 1.0000 high
918.75 487.27 93.75 40.08 1.0000 high
918.75 487.27 93.75 37.97 1.0000 high
922.50 485.16 90.00 40.08 1.0000 high
922.50 485.16 93.75 37.97 1.0000 high
922.50 485.16 93.75 37.97 1.0000 high
922.50 483.05 93.75 40.08 1.0000 high
922.50 483.05 93.75 40.08 1.0000 high
930.00 483.05 90.00 40.08 1.0000 high
930.00 483.05 93.75 37.97 1.0000 high
933.75 480.94 93.75 40.08 1.0000 high
933.75 480.94 93.75 40.08 1.0000 high
937.50 480.94 86.25 40.08 1.0000 high
937.50 478.83 93.75 40.08 1.0000 high
941.25 478.83 90.00 40.08 1.0000 high
945.00 478.83 90.00 40.08 1.0000 high
948.75 478.83 90.00 37.97 1.0000 high
952.50 476.72 90.00 40.08 1.0000 high
952.50 476.72 90.00 40.08 1.0000 high
956.25 476.72 86.25 40.08 1.0000 high
952.50 476.72 93.75 37.97 1.0000 high
960.00 474.61 86.25 40.08 1.0000 high
960.00 474.61 93.75 40.08 1.0000 high
967.50 474.61 90.00 37.97 1.0000 high
971.25 474.61 93.75 37.97 1.0000 high
975.00 474.61 97.50 37.97 1.0000 high
978.75 474.61 93.75 37.97 1.0000 high
982.50 472.50 93.75 37.97 1.0000 high
990.00 472.50 90.00 37.97 1.0000 high
993.75 472.50 93.75 37.97 1.0000 high
1001.25 472.50 97.50 37.97 1.0000 high
1001.25 472.50 97.50 35.86 1.0000 high
1008.75 470.39 93.75 37.97 1.0000 high
1012.50 470.39 93.75 37.97 1.0000 high
1020.00 470.39 93.75 37.97 1.0000 high
1023.75 470.39 93.75 42.19 1.0000 high
1031.25 470.39 93.75 44.30 1.0000 high
1035.00 470.39 97.50 44.30 1.0000 high
1042.50 470.39 93.75 40.08 1.0000 high
1046.25 470.39 97.50 37.97 1.0000 high
1053.75 470.39 97.50 40.08 1.0000 high
1061.25 470.39 93.75 42.19 1.0000 high
1065.00 470.39 93.75 42.19 1.0000 high
1072.50 470.39 93.75 44.30 1.0000 high
1076.25 472.50 97.50 40.08 1.0000 high
1083.75 472.50 97.50 40.08 1.0000 high
1087.50 470.39 97.50 37.97 1.0000 high
1098.75 470.39 93.75 37.97 1.0000 high
1102.50 470.39 93.75 37.97 1.0000 high
1106.25 470.39 93.75 37.97 1.0000 high
1110.00 470.39 93.75 37.97 1.0000 high
1117.50 468.28 93.75 37.97 1.0000 high
1121.25 466.17 93.75 40.08 1.0000 high
1125.00 466.17 97.50 37.97 1.0000 high
1132.50 459.84 93.75 42.19 1.0000 high
1136.25 457.73 97.50 40.08 1.0000 high
1136.25 453.52 101.25 42.19 1.0000 high
1143.75 451.41 97.50 40.08 1.0000 high
1147.50 447.19 93.75 40.08 1.0000 high
1147.50 442.97 97.50 40.08 1.0000 high
1151.25 436.64 97.50 42.19 1.0000 high
1155.00 434.53 93.75 37.97 1.0000 high
1155.00 428.20 97.50 42.19 1.0000 high
1155.00 423.98 97.50 40.08 1.0000 high
1158.75 419.77 93.75 40.08 1.0000 high
1158.75 417.66 97.50 37.97 1.0000 high
1162.50 415.55 93.75 37.97 1.0000 high
1162.50 411.33 93.75 37.97 1.0000 high
1166.25 409.22 93.75 37.97 1.0000 high
1166.25 407.11 93.75 37.97 1.0000 high
1170.00 405.00 93.75 37.97 1.0000 high
1170.00 405.00 93.75 37.97 1.0000 high
1170.00 402.89 97.50 37.97 1.0000 high
1170.00 402.89 97.50 35.86 1.0000 high
1170.00 400.78 97.50 37.97 1.0000 high
1173.75 400.78 93.75 35.86 1.0000 high
1173.75 400.78 93.75 35.86 1.0000 high
1173.75 400.78 93.75 35.86 1.0000 high
1173.75 400.78 93.75 35.86 1.0000 high
1173.75 400.78 93.75 33.75 1.0000 high
1173.75 400.78 93.75 33.75 1.0000 high
1173.75 398.67 93.75 35.86 1.0000 high
1173.75 398.67 93.75 35.86 1.0000 high
1177.50 400.78 90.00 33.75 1.0000 high
1177.50 400.78 90.00 33.75 1.0000 high
1177.50 400.78 90.00 33.75 1.0000 high
1173.75 400.78 93.75 33.75 1.0000 high
1173.75 400.78 97.50 33.75 1.0000 high
1177.50 400.78 93.75 33.75 1.0000 high
1177.50 400.78 93.75 33.75 1.0000 high
1177.50 398.67 93.75 35.86 1.0000 high
1177.50 398.67 93.75 35.86 1.0000 high
1181.25 398.67 90.00 37.97 1.0000 high
1181.25 398.67 90.00 37.97 1.0000 high
1181.25 398.67 90.00 37.97 1.0000 high
1181.25 400.78 90.00 35.86 1.0000 high
1181.25 400.78 93.75 35.86 1.0000 high
1185.00 400.78 90.00 35.86 1.0000 high
1185.00 400.78 90.00 35.86 1.0000 high
1188.75 400.78 90.00 35.86 1.0000 high
1192.50 400.78 86.25 35.86 1.0000 high
1188.75 402.89 93.75 33.75 1.0000 high
1192.50 400.78 90.00 35.86 1.0000 high
1192.50 402.89 93.75 35.86 1.0000 high
1196.25 402.89 90.00 35.86 1.0000 high
1196.25 402.89 93.75 35.86 1.0000 high
1196.25 402.89 97.50 35.86 1.0000 high
1200.00 402.89 93.75 35.86 1.0000 high
1203.75 402.89 93.75 35.86 1.0000 high
1207.50 402.89 93.75 35.86 1.0000 high
1211.25 405.00 93.75 33.75 1.0000 high
1211.25 405.00 97.50 33.75 1.0000 high
1215.00 405.00 93.75 33.75 1.0000 high
1218.75 405.00 93.75 33.75 1.0000 high
1222.50 405.00 93.75 33.75 1.0000 high
1226.25 405.00 97.50 33.75 1.0000 high
1230.00 402.89 93.75 35.86 1.0000 high
1233.75 405.00 93.75 33.75 1.0000 high
1237.50 402.89 90.00 35.86 1.0000 high
1241.25 402.89 93.75 35.86 1.0000 high
1241.25 400.78 97.50 37.97 1.0000 high
1245.00 400.78 93.75 37.97 1.0000 high
1245.00 400.78 97.50 37.97 1.0000 high
1248.75 400.78 93.75 37.97 1.0000 high
1248.75 400.78 97.50 37.97 1.0000 high
1252.50 400.78 93.75 37.97 1.0000 high
1256.25 400.78 93.75 37.97 1.0000 high
1256.25 400.78 97.50 40.08 1.0000 high
1260.00 402.89 93.75 37.97 1.0000 high
1260.00 402.89 97.50 40.08 1.0000 high
1263.75 402.89 93.75 40.08 1.0000 high
1263.75 402.89 97.50 40.08 1.0000 high
1263.75 405.00 97.50 40.08 1.0000 high
1267.50 407.11 93.75 37.97 1.0000 high
1267.50 407.11 93.75 40.08 1.0000 high
1267.50 409.22 97.50 37.97 1.0000 high
1271.25 411.33 93.75 37.97 1.0000 high
1271.25 413.44 90.00 37.97 1.0000 high
1271.25 415.55 93.75 37.97 1.0000 high
1271.25 417.66 90.00 35.86 1.0000 high
1271.25 417.66 93.75 37.97 1.0000 high
1271.25 419.77 93.75 35.86 1.0000 high
1271.25 421.88 93.75 35.86 1.0000 high
1271.25 421.88 93.75 37.97 1.0000 high
1271.25 423.98 93.75 37.97 1.0000 high
1271.25 426.09 93.75 35.86 1.0000 high
1271.25 426.09 93.75 37.97 1.0000 high
1271.25 428.20 93.75 37.97 1.0000 high
1271.25 430.31 93.75 37.97 1.0000 high
1271.25 432.42 93.75 37.97 1.0000 high
1271.25 434.53 93.75 37.97 1.0000 high
1271.25 436.64 93.75 37.97 1.0000 high
1271.25 438.75 93.75 35.86 1.0000 high
1271.25 440.86 93.75 35.86 1.0000 high
1271.25 442.97 93.75 35.86 1.0000 high
1271.25 442.97 93.75 37.97 1.0000 high
1267.50 445.08 93.75 37.97 1.0000 high
1267.50 447.19 93.75 35.86 1.0000 high
1271.25 449.30 90.00 35.86 1.0000 high
1271.25 451.41 90.00 35.86 1.0000 high
1267.50 453.52 93.75 35.86 1.0000 high
1267.50 453.52 93.75 35.86 1.0000 high
1267.50 457.73 90.00 33.75 1.0000 high
1267.50 457.73 86.25 35.86 1.0000 high
1263.75 459.84 93.75 35.86 1.0000 high
1263.75 459.84 90.00 35.86 1.0000 high
1263.75 461.95 86.25 35.86 1.0000 high
1263.75 464.06 82.50 35.86 1.0000 high
1263.75 464.06 82.50 37.97 1.0000 high
1263.75 466.17 82.50 37.97 1.0000 high
1263.75 468.28 82.50 37.97 1.0000 high
1263.75 470.39 86.25 37.97 1.0000 high
1263.75 472.50 82.50 35.86 1.0000 high
1263.75 474.61 82.50 35.86 1.0000 high
1260.00 476.72 90.00 33.75 1.0000 high
1263.75 478.83 82.50 23.20 1.0000 high
1263.75 480.94 75.00 27.42 1.0000 high
1263.75 483.05 71.25 29.53 1.0000 high
1271.25 485.16 75.00 25.31 1.0000 high
1269.41 486.97 72.89 25.23 0.0000 coast
1270.00 488.89 71.81 24.38 0.0000 coast
1563.75 683.44 37.50 16.88 1.0000 reinit
1563.75 683.44 37.50 16.88 1.0000 high
1563.75 683.44 30.00 14.77 1.0000 high
1563.75 681.33 37.50 18.98 1.0000 high
1563.75 681.33 33.75 16.88 1.0000 high
1560.00 677.11 41.25 23.20 1.0000 high
1563.75 679.22 33.75 18.98 1.0000 high
1563.75 683.44 30.00 14.77 1.0000 high
-100 -100 -100 -100 0.0000 coast_none
1563.75 683.44 30.00 8.44 1.0000 high
1563.65 683.12 29.45 8.76 0.0000 coast
1563.64 683.19 28.78 7.70 0.0000 coast
1567.50 681.33 26.25 14.77 1.0000 high
1571.25 683.44 22.50 10.55 1.0000 high
1571.08 682.93 22.13 10.97 0.0000 coast
1571.92 682.99 20.92 10.53 0.0000 coast
1563.75 681.33 33.75 16.88 1.0000 reinit
1563.75 681.33 33.75 16.88 1.0000 high
1560.00 677.11 37.50 23.20 1.0000 high
1560.00 677.11 41.25 25.31 1.0000 high
1560.00 681.33 37.50 16.88 1.0000 high
1563.75 683.44 30.00 14.77 1.0000 high
1563.75 683.44 30.00 14.77 1.0000 high
-100 -100 -100 -100 0.0000 coast_none
1563.46 684.04 29.34 14.25 0.0000 coast
1563.75 683.44 30.00 14.77 1.0000 high
-100 -100 -100 -100 0.0000 coast_none
-100 -100 -100 -100 0.0000 coast_none
1256.25 554.77 78.75 23.20 1.0000 reinit
1256.25 558.98 86.25 25.31 1.0000 high
1256.25 559.30 86.81 25.47 0.0000 coast
1256.25 565.31 97.50 27.42 1.0000 high
1260.00 567.42 93.75 29.53 1.0000 high
1260.00 569.53 90.00 31.64 1.0000 high
1260.00 573.75 93.75 33.75 1.0000 high
1260.00 575.86 93.75 31.64 1.0000 high
1256.25 575.86 97.50 33.75 1.0000 high
1260.00 577.97 93.75 35.86 1.0000 high
1260.00 580.08 93.75 35.86 1.0000 high
1263.75 582.19 90.00 35.86 1.0000 high
1260.00 584.30 90.00 33.75 1.0000 high
1256.25 584.30 97.50 35.86 1.0000 high
1256.25 586.41 93.75 37.97 1.0000 high
1256.25 588.52 93.75 37.97 1.0000 high
1256.25 588.52 93.75 40.08 1.0000 high
1256.25 588.52 93.75 40.08 1.0000 high
1256.25 588.52 93.75 40.08 1.0000 high
1256.25 590.62 93.75 40.08 1.0000 high
1256.25 592.73 93.75 37.97 1.0000 high
1256.25 592.73 93.75 40.08 1.0000 high
1252.50 592.73 97.50 40.08 1.0000 high
1256.25 592.73 93.75 40.08 1.0000 high
1256.25 592.73 93.75 40.08 1.0000 high
1256.25 592.73 97.50 40.08 1.0000 high
1256.25 594.84 97.50 37.97 1.0000 high
1256.25 594.84 97.50 37.97 1.0000 high
1256.25 594.84 93.75 37.97 1.0000 high
1256.25 594.84 93.75 40.08 1.0000 high
1256.25 594.84 93.75 37.97 1.0000 high
1256.25 596.95 93.75 37.97 1.0000 high
1252.50 596.95 97.50 37.97 1.0000 high
1256.25 596.95 93.75 37.97 1.0000 high
1256.25 596.95 93.75 37.97 1.0000 high
1256.25 596.95 93.75 37.97 1.0000 high
1256.25 596.95 93.75 37.97 1.0000 high
1248.75 596.95 97.50 37.97 1.0000 high
1248.75 599.06 97.50 33.75 1.0000 high
1252.50 599.06 93.75 33.75 1.0000 high
1248.75 599.06 97.50 33.75 1.0000 high
1248.75 599.06 97.50 33.75 1.0000 high
1248.75 601.17 97.50 31.64 1.0000 high
1248.75 601.17 97.50 31.64 1.0000 high
1248.75 601.17 97.50 33.75 1.0000 high
1248.75 601.17 97.50 33.75 1.0000 high
1248.75 603.28 97.50 29.53 1.0000 high
1248.75 603.28 97.50 29.53 1.0000 high
1248.75 603.28 97.50 31.64 1.0000 high
1248.75 605.39 97.50 31.64 1.0000 high
1245.00 605.39 101.25 29.53 1.0000 high
1245.00 605.39 101.25 29.53 1.0000 high
1245.00 607.50 101.25 27.42 1.0000 high
1245.00 607.50 101.25 27.42 1.0000 high
1245.00 607.50 105.00 29.53 1.0000 high
1245.00 607.50 105.00 31.64 1.0000 high
1241.25 607.50 108.75 33.75 1.0000 high
1241.25 609.61 108.75 29.53 1.0000 high
1241.25 609.61 108.75 29.53 1.0000 high
1241.25 609.61 108.75 31.64 1.0000 high
1241.25 609.61 105.00 31.64 1.0000 high
1241.25 609.61 108.75 31.64 1.0000 high
1245.00 609.61 105.00 33.75 1.0000 high
1245.00 609.61 108.75 33.75 1.0000 high
1245.00 609.61 108.75 33.75 1.0000 high
1245.00 611.72 108.75 31.64 1.0000 high
1245.00 609.61 108.75 33.75 1.0000 high
1256.25 611.72 97.50 25.31 1.0000 high
1260.00 611.72 93.75 25.31 1.0000 high
1256.25 611.72 97.50 31.64 1.0000 high
1260.00 611.72 93.75 31.64 1.0000 high
1256.25 611.72 97.50 33.75 1.0000 high
1252.50 611.72 101.25 33.75 1.0000 high
1252.50 611.72 97.50 33.75 1.0000 high
1248.75 611.72 105.00 35.86 1.0000 high
1248.75 611.72 105.00 35.86 1.0000 high
1252.50 611.72 97.50 33.75 1.0000 high
1252.50 611.72 97.50 33.75 1.0000 high
1256.25 611.72 93.75 33.75 1.0000 high
1256.25 611.72 97.50 33.75 1.0000 high
1263.75 611.72 90.00 33.75 1.0000 high
1263.75 613.83 90.00 33.75 1.0000 high
1271.25 613.83 82.50 29.53 1.0000 high
1271.25 613.83 86.25 31.64 1.0000 high
1271.25 613.83 82.50 31.64 1.0000 high
1271.25 613.83 82.50 31.64 1.0000 high
1271.25 613.83 82.50 29.53 1.0000 high
1271.25 613.83 82.50 29.53 1.0000 high
1267.50 613.83 86.25 31.64 1.0000 high
1256.25 613.83 97.50 31.64 1.0000 high
1263.75 613.83 90.00 31.64 1.0000 high
1271.25 611.72 82.50 31.64 1.0000 high
1256.25 611.72 97.50 31.64 1.0000 high
1267.50 611.72 86.25 29.53 1.0000 high
1267.50 611.72 86.25 29.53 1.0000 high
1267.50 611.72 86.25 31.64 1.0000 high
1260.00 611.72 93.75 31.64 1.0000 high
1260.00 611.72 93.75 31.64 1.0000 high
1260.00 611.72 93.75 33.75 1.0000 high
1260.00 611.72 93.75 33.75 1.0000 high
1260.00 611.72 93.75 33.75 1.0000 high
1267.50 611.72 86.25 31.64 1.0000 high
1267.50 611.72 86.25 33.75 1.0000 high
1267.50 611.72 86.25 35.86 1.0000 high
1263.75 613.83 90.00 33.75 1.0000 high
1267.50 613.83 82.50 31.64 1.0000 high
1260.00 613.83 90.00 33.75 1.0000 high
1263.75 613.83 86.25 33.75 1.0000 high
1267.50 613.83 82.50 35.86 1.0000 high
1267.50 613.83 82.50 35.86 1.0000 high
1267.50 613.83 78.75 27.42 1.0000 high
1271.25 613.83 71.25 27.42 1.0000 high
1275.00 615.94 71.25 23.20 1.0000 high
1278.75 615.94 67.50 21.09 1.0000 high
1278.75 618.05 67.50 18.98 1.0000 high
1271.25 618.05 75.00 23.20 1.0000 high
1271.25 618.05 75.00 21.09 1.0000 high
1267.50 618.05 60.00 14.77 1.0000 high
1263.75 618.05 75.00 27.42 1.0000 high
1264.71 618.59 70.98 23.61 0.0000 coast
1263.75 620.16 75.00 31.64 1.0000 high
1252.50 620.16 93.75 35.86 1.0000 high
1245.00 622.27 97.50 35.86 1.0000 high
1241.25 622.27 101.25 37.97 1.0000 high
1248.75 622.27 93.75 40.08 1.0000 high
1256.25 624.38 86.25 37.97 1.0000 high
1260.00 624.38 82.50 37.97 1.0000 high
1241.25 626.48 101.25 33.75 1.0000 high
1226.25 626.48 101.25 33.75 1.0000 high
1241.25 626.48 97.50 35.86 1.0000 high
1260.00 628.59 82.50 31.64 1.0000 high
1263.75 628.59 78.75 37.97 1.0000 high
1263.75 630.70 78.75 33.75 1.0000 high
1260.00 630.70 78.75 33.75 1.0000 high
1256.25 632.81 82.50 33.75 1.0000 high
1263.75 632.81 75.00 31.64 1.0000 high
1271.25 634.92 67.50 25.31 1.0000 high
1271.25 634.92 67.50 27.42 1.0000 high
1267.50 634.92 75.00 27.42 1.0000 high
1256.25 634.92 82.50 29.53 1.0000 high
1248.75 634.92 90.00 33.75 1.0000 high
1263.75 637.03 71.25 29.53 1.0000 high
1267.50 637.03 71.25 33.75 1.0000 high
1267.50 637.03 75.00 35.86 1.0000 high
1267.50 637.03 75.00 33.75 1.0000 high
1267.50 639.14 75.00 31.64 1.0000 high
1263.75 639.14 78.75 29.53 1.0000 high
1260.00 639.14 86.25 29.53 1.0000 high
1252.50 639.14 93.75 33.75 1.0000 high
1256.25 639.14 93.75 29.53 1.0000 high
1260.00 639.14 86.25 29.53 1.0000 high
1260.00 639.14 82.50 29.53 1.0000 high
1256.25 639.14 86.25 33.75 1.0000 high
1252.50 639.14 90.00 35.86 1.0000 high
1256.25 639.14 82.50 33.75 1.0000 high
1256.25 639.14 86.25 31.64 1.0000 high
1260.00 639.14 82.50 31.64 1.0000 high
1252.50 639.14 90.00 33.75 1.0000 high
1252.50 639.14 90.00 31.64 1.0000 high
1256.25 639.14 86.25 29.53 1.0000 high
1256.25 641.25 82.50 27.42 1.0000 high
1252.50 641.25 82.50 27.42 1.0000 high
1245.00 641.25 90.00 31.64 1.0000 high
1245.00 641.25 93.75 31.64 1.0000 high
1241.25 641.25 97.50 31.64 1.0000 high
1245.00 641.25 86.25 33.75 1.0000 high
1245.00 641.25 86.25 31.64 1.0000 high
1245.00 641.25 82.50 31.64 1.0000 high
1245.00 641.25 86.25 29.53 1.0000 high
1248.75 643.36 86.25 27.42 1.0000 high
1248.75 643.36 86.25 27.42 1.0000 high
1248.75 643.36 90.00 29.53 1.0000 high
1245.00 643.36 97.50 37.97 1.0000 high
1245.00 643.36 97.50 37.97 1.0000 high
1245.00 643.36 97.50 37.97 1.0000 high
1245.00 643.36 97.50 40.08 1.0000 high
1248.75 643.36 93.75 40.08 1.0000 high
1248.75 643.36 93.75 40.08 1.0000 high
1248.75 643.36 93.75 40.08 1.0000 high
1248.75 643.36 93.75 33.75 1.0000 high
1248.75 643.36 93.75 33.75 1.0000 high
1248.75 643.36 90.00 37.97 1.0000 high
1248.75 643.36 90.00 40.08 1.0000 high
1248.75 645.47 90.00 37.97 1.0000 high
1252.50 645.47 86.25 37.97 1.0000 high
1252.50 645.47 86.25 40.08 1.0000 high
1256.25 645.47 86.25 40.08 1.0000 high
1256.25 645.47 86.25 40.08 1.0000 high
1256.25 645.47 86.25 40.08 1.0000 high
1256.25 645.47 86.25 42.19 1.0000 high
1256.25 645.47 90.00 42.19 1.0000 high
1256.25 645.47 90.00 40.08 1.0000 high
1260.00 645.47 86.25 37.97 1.0000 high
1260.00 647.58 90.00 33.75 1.0000 high
1260.00 647.58 90.00 35.86 1.0000 high
1260.00 647.58 90.00 35.86 1.0000 high
1260.00 647.58 93.75 35.86 1.0000 high
1256.25 647.58 97.50 37.97 1.0000 high
1256.25 647.58 97.50 40.08 1.0000 high
1260.00 649.69 97.50 37.97 1.0000 high
1260.00 649.69 97.50 37.97 1.0000 high
1267.50 649.69 90.00 37.97 1.0000 high
1275.00 649.69 82.50 35.86 1.0000 high
1267.50 649.69 93.75 35.86 1.0000 high
1275.00 649.69 86.25 35.86 1.0000 high
1275.00 649.69 86.25 33.75 1.0000 high
1275.00 649.69 86.25 33.75 1.0000 high
1278.75 649.69 82.50 33.75 1.0000 high
1282.50 649.69 82.50 33.75 1.0000 high
1282.50 649.69 82.50 37.97 1.0000 high
1282.50 649.69 82.50 40.08 1.0000 high
1290.00 649.69 75.00 40.08 1.0000 high
1290.00 649.69 75.00 40.08 1.0000 high
1293.75 649.69 75.00 40.08 1.0000 high
1286.25 649.69 82.50 42.19 1.0000 high
1282.50 649.69 86.25 42.19 1.0000 high
1282.50 651.80 86.25 42.19 1.0000 high
1282.50 651.80 86.25 42.19 1.0000 high
1282.50 651.80 86.25 42.19 1.0000 high
1282.50 651.80 86.25 42.19 1.0000 high
1282.50 653.91 86.25 40.08 1.0000 high
1286.25 653.91 82.50 42.19 1.0000 high
1282.50 653.91 86.25 44.30 1.0000 high
1290.00 653.91 82.50 44.30 1.0000 high
1282.50 656.02 90.00 42.19 1.0000 high
1293.75 656.02 78.75 40.08 1.0000 high
1293.75 656.02 78.75 42.19 1.0000 high
1293.75 658.12 78.75 40.08 1.0000 high
1293.75 658.12 78.75 40.08 1.0000 high
1282.50 658.12 90.00 40.08 1.0000 high
1282.50 658.12 90.00 42.19 1.0000 high
1278.75 658.12 93.75 42.19 1.0000 high
1271.25 658.12 97.50 42.19 1.0000 high
1271.25 658.12 97.50 42.19 1.0000 high
1271.25 658.12 97.50 42.19 1.0000 high
1271.25 660.23 97.50 40.08 1.0000 high
1267.50 660.23 101.25 40.08 1.0000 high
1267.50 660.23 101.25 42.19 1.0000 high
1271.25 660.23 97.50 40.08 1.0000 high
1271.25 660.23 97.50 42.19 1.0000 high
1271.25 660.23 97.50 42.19 1.0000 high
1271.25 660.23 97.50 42.19 1.0000 high
1271.25 660.23 93.75 42.19 1.0000 high
1263.75 660.23 101.25 42.19 1.0000 high
1263.75 662.34 101.25 40.08 1.0000 high
1263.75 662.34 97.50 40.08 1.0000 high
1260.00 662.34 101.25 40.08 1.0000 high
1256.25 662.34 105.00 40.08 1.0000 high
1260.00 662.34 101.25 40.08 1.0000 high
1263.75 664.45 97.50 37.97 1.0000 high
1263.75 664.45 97.50 35.86 1.0000 high
1267.50 664.45 93.75 37.97 1.0000 high
1267.50 666.56 93.75 35.86 1.0000 high
1267.50 666.56 93.75 35.86 1.0000 high
1267.50 666.56 93.75 37.97 1.0000 high
1267.50 666.56 93.75 37.97 1.0000 high
1263.75 666.56 97.50 37.97 1.0000 high
1263.75 666.56 97.50 37.97 1.0000 high
1260.00 668.67 101.25 35.86 1.0000 high
1263.75 668.67 101.25 37.97 1.0000 high
1263.75 668.67 97.50 37.97 1.0000 high
1263.75 668.67 97.50 40.08 1.0000 high
1260.00 670.78 101.25 37.97 1.0000 high
1256.25 668.67 105.00 42.19 1.0000 high
1260.00 670.78 101.25 40.08 1.0000 high
1260.00 670.78 101.25 40.08 1.0000 high
1260.00 670.78 101.25 40.08 1.0000 high
1263.75 670.78 97.50 42.19 1.0000 high
1267.50 670.78 93.75 42.19 1.0000 high
1267.50 670.78 93.75 42.19 1.0000 high
1267.50 672.89 93.75 40.08 1.0000 high
1267.50 672.89 93.75 40.08 1.0000 high
1263.75 672.89 93.75 40.08 1.0000 high
1260.00 672.89 93.75 40.08 1.0000 high
1260.00 670.78 97.50 42.19 1.0000 high
1256.25 672.89 97.50 40.08 1.0000 high
1256.25 672.89 93.75 40.08 1.0000 high
1248.75 672.89 101.25 40.08 1.0000 high
1248.75 672.89 97.50 37.97 1.0000 high
1252.50 672.89 93.75 42.19 1.0000 high
1248.75 672.89 93.75 35.86 1.0000 high
1245.00 672.89 90.00 42.19 1.0000 high
1252.50 672.89 78.75 35.86 1.0000 high
-100 -100 -100 -100 0.0000 coast_none
1248.52 673.21 79.74 36.82 0.0000 coast
-100 -100 -100 -100 0.0000 coast_none
1222.50 672.89 90.00 31.64 1.0000 high
1221.60 673.01 88.62 31.30 0.0000 coast
1218.44 673.08 88.45 30.55 0.0000 coast
1215.29 673.14 88.28 29.79 0.0000 coast
1192.50 687.66 45.00 16.88 1.0000 reinit
1192.50 683.44 48.75 18.98 1.0000 high
1192.50 683.12 49.03 19.14 0.0000 coast
1192.50 682.25 49.80 19.58 0.0000 coast
1147.50 687.66 56.25 18.98 1.0000 reinit
1140.00 687.66 71.25 33.75 1.0000 high
1132.50 687.66 67.50 33.75 1.0000 high
1131.19 687.66 70.76 36.84 0.0000 coast
1110.00 687.66 67.50 29.53 1.0000 high
1102.50 685.55 82.50 31.64 1.0000 high
1087.50 685.55 93.75 33.75 1.0000 high
1076.25 685.55 86.25 37.97 1.0000 high
1076.25 685.55 78.75 25.31 1.0000 high
1053.75 687.66 97.50 37.97 1.0000 high
1046.25 687.66 101.25 35.86 1.0000 high
1038.75 685.55 86.25 37.97 1.0000 high
1035.00 685.55 90.00 35.86 1.0000 high
1027.50 685.55 90.00 37.97 1.0000 high
1017.69 685.38 93.39 38.59 0.0000 coast
1009.04 685.21 95.39 39.38 0.0000 coast
1023.75 691.88 33.75 14.77 1.0000 reinit
1023.75 691.88 30.00 14.77 1.0000 high
1023.75 691.88 29.72 14.77 0.0000 coast
1020.00 693.98 33.75 14.77 1.0000 high
-100 -100 -100 -100 0.0000 coast_none
-100 -100 -100 -100 0.0000 coast_none
1005.00 696.09 7.50 2.11 0.8627 reinit
1005.00 696.09 7.50 2.11 0.0000 coast
-100 -100 -100 -100 0.0000 coast_none
1586.25 683.44 7.50 4.22 0.9804 reinit
-100 -100 -100 -100 0.0000 coast_none
-100 -100 -100 -100 0.0000 coast_none
1582.50 683.44 11.25 6.33 1.0000 high
1582.50 683.44 11.25 6.33 1.0000 high
1581.55 683.44 12.20 6.86 0.0000 coast
1580.84 683.44 12.91 7.26 0.0000 coast
1582.50 683.44 11.25 6.33 1.0000 high
1582.50 683.44 11.25 6.33 1.0000 high
1581.88 683.44 11.87 6.68 0.0000 coast
1581.50 683.44 12.25 6.89 0.0000 coast
802.50 677.11 3.75 4.22 0.9490 reinit
-100 -100 -100 -100 0.0000 coast_none
-100 -100 -100 -100 0.0000 coast_none
915.00 700.31 33.75 18.98 1.0000 reinit
915.00 700.31 33.75 18.98 0.0000 coast
907.50 698.20 52.50 18.98 1.0000 high
903.75 698.20 56.25 21.09 1.0000 high
900.00 693.98 67.50 31.64 1.0000 high
900.00 693.98 71.25 35.86 1.0000 high
896.25 693.98 78.75 35.86 1.0000 high
896.25 693.98 78.75 35.86 1.0000 high
896.25 691.88 78.75 37.97 1.0000 high
896.25 691.88 75.00 37.97 1.0000 high
896.25 691.88 78.75 37.97 1.0000 high
896.25 691.88 78.75 37.97 1.0000 high
896.25 691.88 78.75 37.97 1.0000 high
896.25 691.88 78.75 37.97 1.0000 high
896.25 691.88 78.75 35.86 1.0000 high
896.25 691.88 78.75 37.97 1.0000 high
896.25 691.88 78.75 33.75 1.0000 high
900.00 693.98 71.25 29.53 1.0000 high
900.00 693.98 71.25 31.64 1.0000 high
900.00 693.98 67.50 37.97 1.0000 high
903.75 693.98 63.75 37.97 1.0000 high
902.49 693.87 65.62 38.22 0.0000 coast
902.63 693.82 65.47 38.94 0.0000 coast
930.00 700.31 18.75 12.66 0.9922 reinit
-100 -100 -100 -100 0.0000 coast_none
930.00 700.31 18.75 12.66 0.0000 coast
941.25 704.53 30.00 18.98 1.0000 reinit
-100 -100 -100 -100 0.0000 coast_none
-100 -100 -100 -100 0.0000 coast_none
-100 -100 -100 -100 0.0000 coast_none
-100 -100 -100 -100 0.0000 coast_none
-100 -100 -100 -100 0.0000 coast_none
1582.50 683.44 11.25 6.33 1.0000 reinit
1582.50 683.44 11.25 6.33 1.0000 high
-100 -100 -100 -100 0.0000 coast_none
-100 -100 -100 -100 0.0000 coast_none
-100 -100 -100 -100 0.0000 coast_none
-100 -100 -100 -100 0.0000 coast_none
-100 -100 -100 -100 0.0000 coast_none
-100 -100 -100 -100 0.0000 coast_none
-100 -100 -100 -100 0.0000 coast_none
-100 -100 -100 -100 0.0000 coast_none
-100 -100 -100 -100 0.0000 coast_none
-100 -100 -100 -100 0.0000 coast_none
-100 -100 -100 -100 0.0000 miss
-100 -100 -100 -100 0.0000 miss
-100 -100 -100 -100 0.0000 miss
-100 -100 -100 -100 0.0000 miss
-100 -100 -100 -100 0.0000 miss
-100 -100 -100 -100 0.0000 miss
-100 -100 -100 -100 0.0000 miss
-100 -100 -100 -100 0.0000 miss
-100 -100 -100 -100 0.0000 miss
-100 -100 -100 -100 0.0000 miss
-100 -100 -100 -100 0.0000 miss
-100 -100 -100 -100 0.0000 miss
-100 -100 -100 -100 0.0000 miss
-100 -100 -100 -100 0.0000 miss
967.50 689.77 18.75 6.33 1.0000 reinit
963.75 687.66 26.25 10.55 1.0000 high
963.47 687.50 26.81 10.86 0.0000 coast
960.00 687.66 30.00 12.66 1.0000 high
959.13 687.24 31.61 13.56 0.0000 coast
-100 -100 -100 -100 0.0000 coast_none
978.75 691.88 7.50 2.11 0.9451 reinit
-100 -100 -100 -100 0.0000 coast_none
-100 -100 -100 -100 0.0000 coast_none
-100 -100 -100 -100 0.0000 coast_none
960.00 683.44 37.50 14.77 1.0000 reinit
956.25 679.22 41.25 18.98 1.0000 high
955.97 678.90 41.53 19.30 0.0000 coast
955.20 678.03 42.30 20.17 0.0000 coast
960.00 677.11 41.25 18.98 1.0000 high
960.04 676.23 41.76 19.55 0.0000 coast
960.48 675.35 42.13 19.98 0.0000 coast
967.50 675.00 3.75 2.11 0.9294 reinit
967.50 675.00 3.75 2.11 0.0000 coast
967.50 675.00 3.75 2.11 0.0000 coast
-100 -100 -100 -100 0.0000 coast_none
971.25 672.89 3.75 2.11 0.8392 high
-100 -100 -100 -100 0.0000 coast_none
-100 -100 -100 -100 0.0000 coast_none
-100 -100 -100 -100 0.0000 coast_none
-100 -100 -100 -100 0.0000 coast_none
986.25 670.78 30.00 6.33 1.0000 reinit
990.00 668.67 30.00 8.44 1.0000 high
990.28 668.51 30.00 8.59 0.0000 coast
986.25 666.56 45.00 12.66 1.0000 high
-100 -100 -100 -100 0.0000 coast_none
985.60 664.99 51.88 15.19 0.0000 coast
1038.75 660.23 22.50 10.55 1.0000 reinit
-100 -100 -100 -100 0.0000 coast_none
-100 -100 -100 -100 0.0000 coast_none
1042.50 656.02 33.75 12.66 1.0000 high
1043.13 655.30 35.65 13.01 0.0000 coast
-100 -100 -100 -100 0.0000 coast_none
1031.25 651.80 56.25 16.88 1.0000 high
1032.87 651.00 57.70 17.15 0.0000 coast
1032.13 649.90 61.90 17.94 0.0000 coast
1020.00 647.58 78.75 33.75 1.0000 high
1027.50 649.69 71.25 23.20 1.0000 high
1031.25 647.58 75.00 25.31 1.0000 high
1035.00 647.58 75.00 27.42 1.0000 high
1038.75 645.47 71.25 33.75 1.0000 high
1038.75 645.47 75.00 35.86 1.0000 high
1038.75 647.58 71.25 29.53 1.0000 high
1038.75 645.47 75.00 31.64 1.0000 high
1038.75 645.47 75.00 29.53 1.0000 high
1038.75 645.47 75.00 35.86 1.0000 high
1050.00 645.47 67.50 27.42 1.0000 high
1050.00 645.47 71.25 33.75 1.0000 high
1053.75 645.47 71.25 25.31 1.0000 high
1053.75 645.47 71.25 25.31 1.0000 high
1057.50 645.47 63.75 23.20 1.0000 high
1057.50 645.47 63.75 23.20 1.0000 high
1059.09 644.94 65.17 23.14 0.0000 coast
1053.75 647.58 63.75 23.20 1.0000 high
1053.75 647.58 71.25 27.42 1.0000 high
1057.50 647.58 71.25 27.42 1.0000 high
1057.50 647.58 75.00 25.31 1.0000 high
1057.50 647.58 75.00 27.42 1.0000 high
1061.25 647.58 67.50 27.42 1.0000 high
1061.25 647.58 75.00 27.42 1.0000 high
1057.50 647.58 78.75 27.42 1.0000 high
1057.50 647.58 78.75 25.31 1.0000 high
1061.25 647.58 75.00 23.20 1.0000 high
1061.25 647.58 71.25 23.20 1.0000 high
1061.25 647.58 75.00 25.31 1.0000 high
1061.25 647.58 78.75 27.42 1.0000 high
1061.25 647.58 78.75 29.53 1.0000 high
1061.25 647.58 78.75 27.42 1.0000 high
1065.00 649.69 75.00 21.09 1.0000 high
1065.00 647.58 71.25 23.20 1.0000 high
1061.25 649.69 60.00 21.09 1.0000 high
1061.25 649.69 52.50 21.09 1.0000 high
1061.25 649.69 48.75 21.09 1.0000 high
1061.25 649.69 48.75 21.09 1.0000 high
1061.25 649.69 52.50 23.20 1.0000 high
1061.25 647.58 48.75 25.31 1.0000 high
1061.32 648.20 47.19 24.69 0.0000 coast
1061.35 648.09 45.54 24.99 0.0000 coast
1061.25 647.58 71.25 25.31 1.0000 reinit
1061.25 647.58 75.00 25.31 1.0000 high
1061.25 647.58 78.75 25.31 1.0000 high
1061.25 647.58 75.00 23.20 1.0000 high
1065.00 647.58 71.25 21.09 1.0000 high
1061.25 647.58 82.50 29.53 1.0000 high
1061.25 647.58 82.50 29.53 1.0000 high
1061.25 645.47 86.25 31.64 1.0000 high
1061.25 647.58 90.00 33.75 1.0000 high
1061.25 645.47 82.50 33.75 1.0000 high
1061.25 645.47 86.25 35.86 1.0000 high
1065.00 645.47 75.00 31.64 1.0000 high
1065.00 645.47 75.00 31.64 1.0000 high
1061.25 645.47 78.75 33.75 1.0000 high
1061.25 645.47 82.50 33.75 1.0000 high
1061.25 645.47 86.25 33.75 1.0000 high
1061.25 645.47 93.75 33.75 1.0000 high
1065.00 645.47 93.75 33.75 1.0000 high
1065.00 643.36 93.75 35.86 1.0000 high
1065.00 643.36 90.00 31.64 1.0000 high
1068.75 643.36 82.50 31.64 1.0000 high
1068.75 643.36 86.25 31.64 1.0000 high
1065.00 641.25 90.00 31.64 1.0000 high
1065.00 641.25 93.75 33.75 1.0000 high
1065.00 641.25 93.75 33.75 1.0000 high
1065.00 641.25 93.75 35.86 1.0000 high
1065.00 641.25 97.50 35.86 1.0000 high
1065.00 641.25 101.25 35.86 1.0000 high
1065.00 641.25 101.25 35.86 1.0000 high
1065.00 641.25 101.25 35.86 1.0000 high
1065.00 641.25 101.25 35.86 1.0000 high
1065.00 641.25 101.25 37.97 1.0000 high
1065.00 641.25 101.25 37.97 1.0000 high
1065.00 641.25 101.25 37.97 1.0000 high
1065.00 639.14 101.25 35.86 1.0000 high
1065.00 639.14 101.25 35.86 1.0000 high
1065.00 639.14 101.25 37.97 1.0000 high
1065.00 639.14 101.25 37.97 1.0000 high
1065.00 639.14 101.25 37.97 1.0000 high
1065.00 639.14 101.25 37.97 1.0000 high
1065.00 639.14 101.25 37.97 1.0000 high
1065.00 639.14 93.75 35.86 1.0000 high
1065.00 639.14 93.75 37.97 1.0000 high
1065.00 639.14 93.75 40.08 1.0000 high
1065.00 639.14 93.75 40.08 1.0000 high
1065.00 639.14 93.75 37.97 1.0000 high
1065.00 639.14 93.75 37.97 1.0000 high
1068.75 639.14 90.00 37.97 1.0000 high
1068.75 637.03 93.75 40.08 1.0000 high
1068.75 637.03 101.25 33.75 1.0000 high
1072.50 634.92 105.00 37.97 1.0000 high
1072.50 634.92 101.25 35.86 1.0000 high
1072.50 632.81 97.50 33.75 1.0000 high
1076.25 630.70 93.75 33.75 1.0000 high
1076.25 628.59 90.00 37.97 1.0000 high
1072.50 628.59 93.75 35.86 1.0000 high
1080.00 624.38 86.25 35.86 1.0000 high
1080.00 622.27 93.75 33.75 1.0000 high
1080.00 620.16 90.00 35.86 1.0000 high
1080.00 620.16 90.00 31.64 1.0000 high
1080.00 618.05 90.00 33.75 1.0000 high
1080.00 618.05 93.75 31.64 1.0000 high
1083.75 615.94 86.25 33.75 1.0000 high
1083.75 615.94 86.25 33.75 1.0000 high
1080.00 613.83 90.00 35.86 1.0000 high
1080.00 613.83 93.75 35.86 1.0000 high
1080.00 613.83 93.75 35.86 1.0000 high
1083.75 613.83 90.00 35.86 1.0000 high
1080.00 613.83 90.00 35.86 1.0000 high
1080.00 613.83 90.00 33.75 1.0000 high
1083.75 613.83 82.50 33.75 1.0000 high
1083.75 613.83 82.50 29.53 1.0000 high
1083.75 613.83 82.50 29.53 1.0000 high
1083.75 611.72 82.50 31.64 1.0000 high
1083.75 613.83 82.50 29.53 1.0000 high
1083.75 611.72 82.50 33.75 1.0000 high
1083.75 611.72 82.50 33.75 1.0000 high
1083.75 611.72 82.50 33.75 1.0000 high
1083.75 611.72 82.50 33.75 1.0000 high
1083.75 611.72 86.25 33.75 1.0000 high
1083.75 611.72 90.00 33.75 1.0000 high
1083.75 611.72 86.25 35.86 1.0000 high
1083.75 613.83 86.25 31.64 1.0000 high
1083.75 613.83 82.50 31.64 1.0000 high
1083.75 613.83 86.25 33.75 1.0000 high
1083.75 615.94 82.50 31.64 1.0000 high
1083.75 615.94 86.25 31.64 1.0000 high
1083.75 615.94 86.25 33.75 1.0000 high
1080.00 618.05 93.75 33.75 1.0000 high
1080.00 618.05 93.75 35.86 1.0000 high
1080.00 618.05 90.00 35.86 1.0000 high
1080.00 620.16 90.00 33.75 1.0000 high
1080.00 620.16 90.00 35.86 1.0000 high
1080.00 620.16 90.00 37.97 1.0000 high
1080.00 620.16 90.00 37.97 1.0000 high
1080.00 622.27 90.00 37.97 1.0000 high
1080.00 622.27 90.00 35.86 1.0000 high
1080.00 622.27 93.75 37.97 1.0000 high
1080.00 622.27 93.75 37.97 1.0000 high
1080.00 622.27 93.75 40.08 1.0000 high
1080.00 622.27 93.75 40.08 1.0000 high
1080.00 622.27 93.75 35.86 1.0000 high
1080.00 622.27 93.75 35.86 1.0000 high
1080.00 622.27 93.75 37.97 1.0000 high
1080.00 622.27 93.75 37.97 1.0000 high
1080.00 622.27 93.75 37.97 1.0000 high
1080.00 622.27 93.75 37.97 1.0000 high
1080.00 622.27 90.00 37.97 1.0000 high
1080.00 622.27 90.00 37.97 1.0000 high
1080.00 622.27 93.75 35.86 1.0000 high
1080.00 624.38 93.75 33.75 1.0000 high
1083.75 624.38 93.75 35.86 1.0000 high
1083.75 622.27 97.50 37.97 1.0000 high
1083.75 622.27 93.75 33.75 1.0000 high
1087.50 622.27 90.00 31.64 1.0000 high
1087.50 622.27 90.00 31.64 1.0000 high
1083.75 620.16 93.75 33.75 1.0000 high
1080.00 620.16 93.75 33.75 1.0000 high
1080.00 620.16 93.75 33.75 1.0000 high
1080.00 620.16 90.00 33.75 1.0000 high
1080.00 620.16 90.00 31.64 1.0000 high
1080.00 620.16 90.00 31.64 1.0000 high
1076.25 620.16 90.00 33.75 1.0000 high
1076.25 618.05 90.00 35.86 1.0000 high
1076.25 618.05 90.00 33.75 1.0000 high
1076.25 618.05 86.25 37.97 1.0000 high
1072.50 618.05 90.00 37.97 1.0000 high
1068.75 615.94 90.00 40.08 1.0000 high
1068.75 615.94 90.00 37.97 1.0000 high
1072.50 613.83 86.25 37.97 1.0000 high
1076.25 613.83 82.50 33.75 1.0000 high
1072.50 613.83 82.50 31.64 1.0000 high
1068.75 613.83 82.50 33.75 1.0000 high
1065.00 611.72 86.25 37.97 1.0000 high
1065.00 611.72 82.50 35.86 1.0000 high
1061.25 611.72 82.50 33.75 1.0000 high
1057.50 609.61 86.25 29.53 1.0000 high
1057.50 609.61 86.25 29.53 1.0000 high
1053.75 609.61 86.25 29.53 1.0000 high
1053.75 607.50 86.25 31.64 1.0000 high
1050.00 603.28 86.25 33.75 1.0000 high
1050.00 603.28 82.50 35.86 1.0000 high
1046.25 601.17 82.50 35.86 1.0000 high
1042.50 603.28 86.25 35.86 1.0000 high
1038.75 605.39 78.75 31.64 1.0000 high
1035.00 601.17 86.25 35.86 1.0000 high
1035.00 601.17 78.75 33.75 1.0000 high
1032.23 600.42 80.21 34.22 0.0000 coast
1029.98 599.66 79.76 34.24 0.0000 coast
1567.50 691.88 3.75 4.22 0.8000 reinit
1567.50 691.88 3.75 4.22 0.0000 coast
1567.50 691.88 3.75 4.22 0.0000 coast
1563.75 683.44 30.00 14.77 1.0000 reinit
1563.75 683.44 26.25 14.77 1.0000 high
1563.75 683.44 25.97 14.77 0.0000 coast
-100 -100 -100 -100 0.0000 coast_none
1008.75 601.17 48.75 18.98 1.0000 reinit
1001.25 594.84 71.25 27.42 1.0000 high
1000.69 594.37 72.92 28.05 0.0000 coast
999.14 593.07 77.57 29.79 0.0000 coast
1008.75 599.06 60.00 21.09 1.0000 high
1007.79 598.14 63.47 22.28 0.0000 coast
1008.20 598.12 64.21 22.19 0.0000 coast
1012.50 599.06 37.50 14.77 1.0000 high
1013.07 599.08 37.13 14.38 0.0000 coast
1014.02 599.19 34.10 13.28 0.0000 coast
986.25 586.41 7.50 8.44 1.0000 reinit
986.25 586.41 7.50 8.44 0.0000 coast
986.25 586.41 7.50 8.44 0.0000 coast
982.50 586.41 86.25 37.97 1.0000 reinit
978.75 580.08 93.75 46.41 1.0000 high
982.50 588.52 71.25 31.64 1.0000 high
978.75 586.41 63.75 29.53 1.0000 high
971.25 586.41 71.25 31.64 1.0000 high
967.50 586.41 75.00 31.64 1.0000 high
971.25 586.41 71.25 31.64 1.0000 high
967.50 586.41 75.00 31.64 1.0000 high
967.50 586.41 75.00 33.75 1.0000 high
967.50 586.41 82.50 33.75 1.0000 high
967.50 586.41 78.75 31.64 1.0000 high
971.25 586.41 82.50 33.75 1.0000 high
971.25 586.41 82.50 35.86 1.0000 high
971.25 586.41 78.75 31.64 1.0000 high
970.03 586.60 80.26 32.37 0.0000 coast
969.42 586.71 80.42 32.06 0.0000 coast
971.25 586.41 75.00 31.64 1.0000 high
975.00 586.41 82.50 31.64 1.0000 high
975.00 586.41 71.25 31.64 1.0000 high
975.00 584.30 78.75 33.75 1.0000 high
975.00 584.30 97.50 37.97 1.0000 high
975.00 582.19 101.25 46.41 1.0000 high
978.75 582.19 101.25 46.41 1.0000 high
978.75 582.19 101.25 46.41 1.0000 high
978.75 582.19 101.25 46.41 1.0000 high
978.75 586.41 97.50 46.41 1.0000 high
986.25 588.52 82.50 40.08 1.0000 high
982.50 586.41 93.75 35.86 1.0000 high
982.50 580.08 101.25 46.41 1.0000 high
986.25 580.08 97.50 48.52 1.0000 high
982.50 580.08 101.25 50.62 1.0000 high
990.00 580.08 97.50 52.73 1.0000 high
990.00 582.19 93.75 44.30 1.0000 high
997.50 582.19 86.25 37.97 1.0000 high
997.50 582.19 86.25 37.97 1.0000 high
997.50 582.19 86.25 40.08 1.0000 high
1001.25 582.19 82.50 42.19 1.0000 high
1001.25 584.30 75.00 37.97 1.0000 high
1005.00 584.30 75.00 40.08 1.0000 high
1008.75 584.30 75.00 37.97 1.0000 high
1009.83 584.44 73.16 38.09 0.0000 coast
1012.50 584.30 63.75 35.86 1.0000 high
1016.25 588.52 56.25 35.86 1.0000 high
1017.92 587.93 55.19 35.30 0.0000 coast
1020.11 588.46 52.24 34.78 0.0000 coast
1020.00 584.30 75.00 42.19 1.0000 reinit
1012.50 584.30 78.75 44.30 1.0000 high
1011.94 584.30 79.03 44.45 0.0000 coast
1023.75 590.62 56.25 37.97 1.0000 high
1024.33 591.63 53.28 37.30 0.0000 coast
1016.25 590.62 60.00 25.31 1.0000 high
1012.50 588.52 63.75 37.97 1.0000 high
1012.50 586.41 67.50 42.19 1.0000 high
1008.75 586.41 71.25 44.30 1.0000 high
1012.50 588.52 75.00 42.19 1.0000 high
1012.50 586.41 82.50 44.30 1.0000 high
1012.50 590.62 67.50 40.08 1.0000 high
1012.50 590.62 78.75 42.19 1.0000 high
1035.00 586.41 63.75 46.41 1.0000 high
1038.75 588.52 52.50 42.19 1.0000 high
1038.75 592.73 41.25 37.97 1.0000 high
1035.00 596.95 48.75 35.86 1.0000 high
1031.25 592.73 52.50 42.19 1.0000 high
1033.74 594.66 49.18 40.35 0.0000 coast
1034.29 595.32 48.06 40.40 0.0000 coast
1046.25 620.16 33.75 10.55 1.0000 reinit
1046.25 620.16 33.75 10.55 0.0000 coast
1046.25 601.17 30.00 29.53 1.0000 high
1046.25 598.11 29.39 32.59 0.0000 coast
-100 -100 -100 -100 0.0000 coast_none
-100 -100 -100 -100 0.0000 coast_none
-100 -100 -100 -100 0.0000 coast_none
-100 -100 -100 -100 0.0000 coast_none
-100 -100 -100 -100 0.0000 coast_none
-100 -100 -100 -100 0.0000 coast_none
1083.75 590.62 3.75 2.11 0.6039 reinit
-100 -100 -100 -100 0.0000 coast_none
-100 -100 -100 -100 0.0000 coast_none
-100 -100 -100 -100 0.0000 coast_none
1080.00 588.52 7.50 4.22 0.8078 high
-100 -100 -100 -100 0.0000 coast_none
-100 -100 -100 -100 0.0000 coast_none
-100 -100 -100 -100 0.0000 coast_none
-100 -100 -100 -100 0.0000 coast_none
-100 -100 -100 -100 0.0000 coast_none
1076.25 586.41 22.50 8.44 1.0000 reinit
1076.25 586.41 22.50 8.44 0.0000 coast
1076.25 586.41 22.50 8.44 0.0000 coast
1072.50 584.30 26.25 10.55 1.0000 high
1071.87 583.94 26.88 10.90 0.0000 coast
-100 -100 -100 -100 0.0000 coast_none
1563.75 681.33 30.00 16.88 1.0000 reinit
1563.75 683.44 30.00 14.77 1.0000 high
1563.75 683.59 30.00 14.61 0.0000 coast
-100 -100 -100 -100 0.0000 coast_none
1057.50 582.19 41.25 16.88 1.0000 reinit
1057.50 582.19 41.25 16.88 0.0000 coast
-100 -100 -100 -100 0.0000 coast_none
1080.00 586.41 18.75 8.44 1.0000 high
-100 -100 -100 -100 0.0000 coast_none
1088.61 588.02 10.14 5.21 0.0000 coast
-100 -100 -100 -100 0.0000 coast_none
1087.50 584.30 11.25 6.33 1.0000 high
-100 -100 -100 -100 0.0000 coast_none
-100 -100 -100 -100 0.0000 coast_none
1563.75 677.11 37.50 23.20 1.0000 reinit
1563.75 679.22 37.50 18.98 1.0000 high
1563.75 683.44 30.00 12.66 1.0000 high
1563.75 681.33 37.50 16.88 1.0000 high
1563.75 681.33 37.50 16.88 1.0000 high
1563.75 682.25 37.59 15.69 0.0000 coast
1563.75 681.33 33.75 16.88 1.0000 high
-100 -100 -100 -100 0.0000 coast_none
1563.75 682.23 34.10 15.89 0.0000 coast
997.50 622.27 3.75 2.11 0.6471 reinit
-100 -100 -100 -100 0.0000 coast_none
997.50 622.27 3.75 2.11 0.0000 coast
933.75 592.73 60.00 23.20 1.0000 reinit
926.25 592.73 67.50 33.75 1.0000 high
925.69 592.73 68.06 34.53 0.0000 coast
924.14 592.73 69.61 36.71 0.0000 coast
911.25 586.41 105.00 37.97 1.0000 high
907.50 586.41 108.75 37.97 1.0000 high
900.00 588.52 108.75 29.53 1.0000 high
892.50 588.52 116.25 35.86 1.0000 high
885.00 588.52 112.50 37.97 1.0000 high
881.25 588.52 105.00 37.97 1.0000 high
881.25 588.52 108.75 40.08 1.0000 high
877.50 588.52 105.00 40.08 1.0000 high
873.75 590.62 108.75 37.97 1.0000 high
866.25 590.62 105.00 37.97 1.0000 high
862.50 590.62 105.00 40.08 1.0000 high
858.75 592.73 105.00 37.97 1.0000 high
855.00 590.62 105.00 40.08 1.0000 high
851.25 590.62 105.00 40.08 1.0000 high
847.50 590.62 101.25 40.08 1.0000 high
843.75 590.62 101.25 40.08 1.0000 high
840.00 590.62 97.50 40.08 1.0000 high
836.25 590.62 93.75 40.08 1.0000 high
840.00 590.62 86.25 40.08 1.0000 high
832.50 592.73 93.75 37.97 1.0000 high
832.50 590.62 86.25 40.08 1.0000 high
828.75 592.73 90.00 37.97 1.0000 high
825.00 592.73 93.75 37.97 1.0000 high
821.25 590.62 97.50 40.08 1.0000 high
821.25 590.62 101.25 40.08 1.0000 high
817.50 590.62 101.25 40.08 1.0000 high
817.50 590.62 101.25 40.08 1.0000 high
813.75 592.73 105.00 37.97 1.0000 high
806.25 590.62 108.75 40.08 1.0000 high
802.50 590.62 108.75 40.08 1.0000 high
798.75 592.73 108.75 37.97 1.0000 high
798.75 592.73 108.75 37.97 1.0000 high
798.75 592.73 112.50 37.97 1.0000 high
798.75 592.73 112.50 37.97 1.0000 high
798.75 592.73 112.50 37.97 1.0000 high
798.75 592.73 108.75 37.97 1.0000 high
795.00 590.62 108.75 40.08 1.0000 high
798.75 590.62 105.00 40.08 1.0000 high
795.00 590.62 105.00 40.08 1.0000 high
795.00 590.62 108.75 40.08 1.0000 high
795.00 590.62 105.00 37.97 1.0000 high
791.25 590.62 112.50 37.97 1.0000 high
795.00 590.62 108.75 37.97 1.0000 high
791.25 590.62 112.50 37.97 1.0000 high
795.00 590.62 105.00 37.97 1.0000 high
791.25 590.62 112.50 37.97 1.0000 high
791.25 590.62 108.75 37.97 1.0000 high
791.25 590.62 108.75 37.97 1.0000 high
791.25 590.62 108.75 37.97 1.0000 high
791.25 590.62 108.75 37.97 1.0000 high
791.25 590.62 108.75 37.97 1.0000 high
791.25 590.62 108.75 37.97 1.0000 high
791.25 590.62 108.75 37.97 1.0000 high
791.25 590.62 108.75 37.97 1.0000 high
791.25 590.62 108.75 37.97 1.0000 high
791.25 590.62 108.75 37.97 1.0000 high
791.25 590.62 108.75 37.97 1.0000 high
791.25 590.62 105.00 37.97 1.0000 high
791.25 588.52 105.00 40.08 1.0000 high
791.25 590.62 105.00 37.97 1.0000 high
787.50 588.52 108.75 40.08 1.0000 high
787.50 590.62 108.75 37.97 1.0000 high
787.50 588.52 108.75 40.08 1.0000 high
787.50 590.62 108.75 37.97 1.0000 high
787.50 590.62 108.75 37.97 1.0000 high
787.50 590.62 108.75 37.97 1.0000 high
791.25 590.62 105.00 37.97 1.0000 high
787.50 590.62 108.75 37.97 1.0000 high
787.50 590.62 108.75 37.97 1.0000 high
787.50 590.62 108.75 37.97 1.0000 high
787.50 590.62 108.75 37.97 1.0000 high
787.50 590.62 108.75 37.97 1.0000 high
787.50 590.62 105.00 37.97 1.0000 high
787.50 590.62 105.00 37.97 1.0000 high
787.50 590.62 105.00 37.97 1.0000 high
787.50 590.62 105.00 37.97 1.0000 high
787.50 590.62 105.00 37.97 1.0000 high
787.50 590.62 105.00 40.08 1.0000 high
787.50 590.62 105.00 40.08 1.0000 high
787.50 590.62 105.00 40.08 1.0000 high
787.50 590.62 105.00 40.08 1.0000 high
787.50 590.62 105.00 40.08 1.0000 high
787.50 590.62 105.00 40.08 1.0000 high
787.50 590.62 105.00 40.08 1.0000 high
787.50 590.62 105.00 40.08 1.0000 high
787.50 590.62 105.00 40.08 1.0000 high
783.75 590.62 108.75 40.08 1.0000 high
783.75 590.62 108.75 37.97 1.0000 high
783.75 590.62 108.75 37.97 1.0000 high
780.00 590.62 112.50 40.08 1.0000 high
780.00 590.62 108.75 37.97 1.0000 high
783.75 590.62 105.00 37.97 1.0000 high
780.00 590.62 112.50 37.97 1.0000 high
780.00 590.62 108.75 37.97 1.0000 high
780.00 590.62 108.75 37.97 1.0000 high
783.75 590.62 105.00 37.97 1.0000 high
780.00 590.62 108.75 37.97 1.0000 high
783.75 590.62 105.00 37.97 1.0000 high
780.00 590.62 108.75 37.97 1.0000 high
780.00 590.62 108.75 37.97 1.0000 high
780.00 590.62 108.75 37.97 1.0000 high
780.00 590.62 108.75 37.97 1.0000 high
776.25 590.62 112.50 37.97 1.0000 high
776.25 590.62 108.75 37.97 1.0000 high
776.25 590.62 108.75 37.97 1.0000 high
776.25 590.62 108.75 37.97 1.0000 high
780.00 590.62 105.00 37.97 1.0000 high
776.25 590.62 108.75 37.97 1.0000 high
776.25 590.62 112.50 37.97 1.0000 high
780.00 590.62 105.00 37.97 1.0000 high
780.00 590.62 105.00 37.97 1.0000 high
780.00 590.62 108.75 37.97 1.0000 high
780.00 590.62 108.75 37.97 1.0000 high
776.25 590.62 108.75 37.97 1.0000 high
776.25 590.62 108.75 37.97 1.0000 high
776.25 590.62 108.75 37.97 1.0000 high
776.25 590.62 108.75 37.97 1.0000 high
776.25 590.62 108.75 37.97 1.0000 high
776.25 590.62 108.75 37.97 1.0000 high
776.25 590.62 108.75 37.97 1.0000 high
776.25 590.62 108.75 37.97 1.0000 high
776.25 590.62 108.75 37.97 1.0000 high
776.25 590.62 108.75 37.97 1.0000 high
776.25 590.62 108.75 37.97 1.0000 high
776.25 590.62 108.75 37.97 1.0000 high
776.25 590.62 108.75 37.97 1.0000 high
776.25 590.62 108.75 37.97 1.0000 high
776.25 590.62 108.75 37.97 1.0000 high
776.25 590.62 108.75 37.97 1.0000 high
776.25 590.62 108.75 37.97 1.0000 high
776.25 590.62 108.75 40.08 1.0000 high
776.25 590.62 108.75 40.08 1.0000 high
772.50 590.62 112.50 40.08 1.0000 high
772.50 590.62 112.50 40.08 1.0000 high
772.50 590.62 112.50 40.08 1.0000 high
776.25 590.62 108.75 40.08 1.0000 high
776.25 590.62 108.75 40.08 1.0000 high
772.50 590.62 112.50 40.08 1.0000 high
772.50 590.62 112.50 40.08 1.0000 high
772.50 590.62 112.50 37.97 1.0000 high
772.50 590.62 112.50 37.97 1.0000 high
776.25 590.62 108.75 37.97 1.0000 high
776.25 590.62 108.75 37.97 1.0000 high
776.25 590.62 108.75 37.97 1.0000 high
776.25 590.62 108.75 37.97 1.0000 high
772.50 590.62 112.50 40.08 1.0000 high
776.25 590.62 108.75 40.08 1.0000 high
776.25 590.62 108.75 40.08 1.0000 high
776.25 590.62 108.75 40.08 1.0000 high
776.25 590.62 108.75 40.08 1.0000 high
776.25 590.62 108.75 40.08 1.0000 high
776.25 590.62 108.75 40.08 1.0000 high
776.25 590.62 105.00 40.08 1.0000 high
776.25 590.62 105.00 40.08 1.0000 high
776.25 590.62 105.00 37.97 1.0000 high
776.25 590.62 105.00 37.97 1.0000 high
776.25 590.62 105.00 37.97 1.0000 high
776.25 590.62 105.00 37.97 1.0000 high
776.25 590.62 101.25 37.97 1.0000 high
776.25 590.62 101.25 37.97 1.0000 high
776.25 590.62 101.25 37.97 1.0000 high
776.25 590.62 101.25 37.97 1.0000 high
776.25 590.62 101.25 37.97 1.0000 high
776.25 590.62 101.25 37.97 1.0000 high
776.25 590.62 101.25 37.97 1.0000 high
776.25 592.73 101.25 35.86 1.0000 high
776.25 592.73 101.25 35.86 1.0000 high
776.25 592.73 101.25 35.86 1.0000 high
776.25 592.73 101.25 35.86 1.0000 high
776.25 592.73 101.25 35.86 1.0000 high
776.25 592.73 101.25 35.86 1.0000 high
776.25 590.62 101.25 37.97 1.0000 high
776.25 590.62 101.25 40.08 1.0000 high
776.25 592.73 101.25 37.97 1.0000 high
776.25 592.73 101.25 37.97 1.0000 high
776.25 592.73 105.00 37.97 1.0000 high
776.25 592.73 105.00 37.97 1.0000 high
776.25 590.62 105.00 40.08 1.0000 high
776.25 590.62 105.00 40.08 1.0000 high
776.25 592.73 105.00 40.08 1.0000 high
776.25 592.73 105.00 40.08 1.0000 high
776.25 592.73 105.00 40.08 1.0000 high
776.25 592.73 105.00 40.08 1.0000 high
776.25 592.73 105.00 40.08 1.0000 high
776.25 592.73 105.00 40.08 1.0000 high
776.25 592.73 105.00 40.08 1.0000 high
772.50 592.73 112.50 40.08 1.0000 high
772.50 592.73 112.50 40.08 1.0000 high
772.50 592.73 112.50 40.08 1.0000 high
772.50 592.73 112.50 40.08 1.0000 high
772.50 592.73 112.50 42.19 1.0000 high
772.50 592.73 112.50 42.19 1.0000 high
772.50 592.73 112.50 42.19 1.0000 high
772.50 592.73 112.50 42.19 1.0000 high
772.50 592.73 112.50 42.19 1.0000 high
768.75 592.73 120.00 42.19 1.0000 high
768.75 592.73 120.00 42.19 1.0000 high
768.75 592.73 120.00 44.30 1.0000 high
768.75 592.73 120.00 44.30 1.0000 high
768.75 592.73 116.25 44.30 1.0000 high
768.75 592.73 116.25 44.30 1.0000 high
768.75 592.73 116.25 44.30 1.0000 high
768.75 592.73 116.25 44.30 1.0000 high
768.75 592.73 116.25 44.30 1.0000 high
768.75 592.73 116.25 44.30 1.0000 high
768.75 592.73 116.25 44.30 1.0000 high
768.75 592.73 116.25 44.30 1.0000 high
768.75 592.73 116.25 44.30 1.0000 high
768.75 592.73 116.25 44.30 1.0000 high
768.75 592.73 116.25 44.30 1.0000 high
768.75 592.73 116.25 44.30 1.0000 high
765.00 592.73 120.00 44.30 1.0000 high
765.00 592.73 120.00 44.30 1.0000 high
768.75 592.73 116.25 44.30 1.0000 high
765.00 592.73 120.00 44.30 1.0000 high
765.00 592.73 120.00 44.30 1.0000 high
765.00 592.73 120.00 44.30 1.0000 high
765.00 592.73 120.00 44.30 1.0000 high
765.00 592.73 120.00 44.30 1.0000 high
765.00 592.73 116.25 44.30 1.0000 high
765.00 592.73 120.00 44.30 1.0000 high
765.00 592.73 120.00 44.30 1.0000 high
765.00 592.73 120.00 44.30 1.0000 high
765.00 592.73 120.00 44.30 1.0000 high
765.00 592.73 120.00 44.30 1.0000 high
765.00 592.73 120.00 44.30 1.0000 high
765.00 592.73 123.75 44.30 1.0000 high
765.00 592.73 120.00 44.30 1.0000 high
765.00 590.62 120.00 46.41 1.0000 high
765.00 590.62 120.00 46.41 1.0000 high
765.00 590.62 120.00 46.41 1.0000 high
765.00 588.52 120.00 48.52 1.0000 high
768.75 588.52 116.25 48.52 1.0000 high
768.75 588.52 116.25 50.62 1.0000 high
768.75 586.41 120.00 50.62 1.0000 high
768.75 586.41 120.00 52.73 1.0000 high
772.50 586.41 116.25 52.73 1.0000 high
772.50 586.41 120.00 52.73 1.0000 high
776.25 586.41 116.25 54.84 1.0000 high
776.25 586.41 120.00 54.84 1.0000 high
780.00 586.41 116.25 54.84 1.0000 high
783.75 586.41 116.25 54.84 1.0000 high
787.50 586.41 116.25 54.84 1.0000 high
791.25 586.41 112.50 54.84 1.0000 high
791.25 586.41 116.25 54.84 1.0000 high
795.00 588.52 116.25 52.73 1.0000 high
798.75 588.52 116.25 52.73 1.0000 high
802.50 588.52 112.50 52.73 1.0000 high
813.75 590.62 105.00 50.62 1.0000 high
817.50 592.73 105.00 50.62 1.0000 high
821.25 592.73 101.25 48.52 1.0000 high
825.00 592.73 105.00 46.41 1.0000 high
832.50 594.84 101.25 48.52 1.0000 high
840.00 594.84 108.75 44.30 1.0000 high
847.50 596.95 112.50 44.30 1.0000 high
847.50 596.95 116.25 44.30 1.0000 high
855.00 599.06 101.25 42.19 1.0000 high
858.75 601.17 97.50 40.08 1.0000 high
862.50 603.28 86.25 33.75 1.0000 high
867.30 603.75 88.30 34.32 0.0000 coast
871.82 604.80 86.24 32.95 0.0000 coast
885.00 605.39 37.50 14.77 1.0000 reinit
888.75 607.50 45.00 14.77 1.0000 high
896.25 607.50 52.50 18.98 1.0000 high
903.75 607.50 41.25 14.77 1.0000 high
905.68 607.95 46.21 16.41 0.0000 coast
909.71 608.25 47.18 16.75 0.0000 coast
918.75 615.94 7.50 4.22 0.9529 reinit
918.75 615.94 7.50 4.22 0.0000 coast
918.75 615.94 7.50 4.22 0.0000 coast
922.50 609.61 52.50 14.77 1.0000 reinit
922.50 611.72 30.00 8.44 1.0000 high
922.50 611.88 28.33 7.97 0.0000 coast
933.75 611.72 15.00 6.33 1.0000 high
-100 -100 -100 -100 0.0000 coast_none
-100 -100 -100 -100 0.0000 coast_none
-100 -100 -100 -100 0.0000 coast_none
-100 -100 -100 -100 0.0000 coast_none
-100 -100 -100 -100 0.0000 coast_none
-100 -100 -100 -100 0.0000 coast_none
-100 -100 -100 -100 0.0000 coast_none
-100 -100 -100 -100 0.0000 coast_none
-100 -100 -100 -100 0.0000 coast_none
-100 -100 -100 -100 0.0000 coast_none
-100 -100 -100 -100 0.0000 miss
-100 -100 -100 -100 0.0000 miss
-100 -100 -100 -100 0.0000 miss
825.00 685.55 7.50 4.22 0.7451 reinit
825.00 683.44 7.50 6.33 0.8118 high
825.00 685.55 7.50 4.22 0.7294 high
825.00 685.55 7.50 4.22 0.8353 high
-100 -100 -100 -100 0.0000 coast_none
-100 -100 -100 -100 0.0000 coast_none
-100 -100 -100 -100 0.0000 coast_none
-100 -100 -100 -100 0.0000 coast_none
-100 -100 -100 -100 0.0000 coast_none
-100 -100 -100 -100 0.0000 coast_none
-100 -100 -100 -100 0.0000 coast_none
-100 -100 -100 -100 0.0000 coast_none
-100 -100 -100 -100 0.0000 coast_none
-100 -100 -100 -100 0.0000 coast_none
-100 -100 -100 -100 0.0000 miss
-100 -100 -100 -100 0.0000 miss
-100 -100 -100 -100 0.0000 miss
-100 -100 -100 -100 0.0000 miss
-100 -100 -100 -100 0.0000 miss
-100 -100 -100 -100 0.0000 miss
-100 -100 -100 -100 0.0000 miss
-100 -100 -100 -100 0.0000 miss
-100 -100 -100 -100 0.0000 miss
-100 -100 -100 -100 0.0000 miss
-100 -100 -100 -100 0.0000 miss
-100 -100 -100 -100 0.0000 miss
-100 -100 -100 -100 0.0000 miss
-100 -100 -100 -100 0.0000 miss
-100 -100 -100 -100 0.0000 miss
990.00 622.27 15.00 8.44 1.0000 reinit
986.25 620.16 18.75 10.55 1.0000 high
986.25 618.05 18.75 12.66 1.0000 high
985.47 617.66 19.53 13.04 0.0000 coast
984.77 616.72 20.23 13.98 0.0000 coast
986.25 620.16 15.00 8.44 0.9961 high
986.25 618.05 15.00 12.66 1.0000 high
-100 -100 -100 -100 0.0000 coast_none
985.64 617.49 14.37 12.72 0.0000 coast
948.75 594.84 22.50 8.44 1.0000 reinit
-100 -100 -100 -100 0.0000 coast_none
948.75 592.73 26.25 8.44 1.0000 high
948.75 592.39 26.86 8.44 0.0000 coast
948.75 590.62 22.50 8.44 1.0000 high
948.75 590.07 23.15 8.44 0.0000 coast
945.00 586.41 30.00 10.55 1.0000 high
944.87 585.54 30.06 10.62 0.0000 coast
944.23 584.29 31.08 10.98 0.0000 coast
941.25 575.86 75.00 42.19 1.0000 reinit
941.25 577.97 71.25 35.86 1.0000 high
941.25 575.86 67.50 37.97 1.0000 high
941.25 575.86 71.25 37.97 1.0000 high
941.25 571.64 75.00 42.19 1.0000 high
941.25 569.53 78.75 42.19 1.0000 high
941.25 569.53 82.50 44.30 1.0000 high
941.25 565.31 97.50 46.41 1.0000 high
941.25 565.31 71.25 42.19 1.0000 high
941.25 563.20 67.50 42.19 1.0000 high
941.25 561.09 71.25 44.30 1.0000 high
941.25 558.98 82.50 44.30 1.0000 high
941.25 556.88 75.00 46.41 1.0000 high
941.25 554.77 82.50 48.52 1.0000 high
941.25 554.77 90.00 48.52 1.0000 high
941.25 552.66 93.75 48.52 1.0000 high
941.25 552.66 101.25 48.52 1.0000 high
941.25 552.66 86.25 46.41 1.0000 high
941.25 552.66 90.00 46.41 1.0000 high
941.25 542.11 97.50 56.95 1.0000 high
941.25 542.11 101.25 56.95 1.0000 high
941.25 542.11 97.50 56.95 1.0000 high
941.25 542.11 97.50 56.95 1.0000 high
941.25 542.11 101.25 56.95 1.0000 high
941.25 542.11 101.25 56.95 1.0000 high
941.25 540.00 101.25 59.06 1.0000 high
941.25 552.66 86.25 46.41 1.0000 high
941.25 550.55 86.25 48.52 1.0000 high
941.25 550.55 90.00 48.52 1.0000 high
941.25 550.55 86.25 46.41 1.0000 high
941.25 552.66 90.00 46.41 1.0000 high
941.25 552.66 86.25 46.41 1.0000 high
941.25 552.66 86.25 44.30 1.0000 high
941.25 554.77 82.50 44.30 1.0000 high
941.25 554.77 82.50 44.30 1.0000 high
941.25 554.77 86.25 44.30 1.0000 high
941.25 554.77 86.25 44.30 1.0000 high
941.25 554.77 86.25 44.30 1.0000 high
945.00 542.11 101.25 56.95 1.0000 high
945.00 542.11 101.25 56.95 1.0000 high
945.00 554.77 93.75 44.30 1.0000 high
948.75 554.77 82.50 44.30 1.0000 high
948.75 554.77 82.50 44.30 1.0000 high
948.75 554.77 78.75 44.30 1.0000 high
952.50 554.77 67.50 42.19 1.0000 high
952.50 554.77 67.50 40.08 1.0000 high
952.50 554.77 67.50 40.08 1.0000 high
956.25 552.66 82.50 42.19 1.0000 high
960.00 542.11 82.50 52.73 1.0000 high
960.00 540.00 90.00 50.62 1.0000 high
960.00 540.00 90.00 50.62 1.0000 high
963.75 540.00 86.25 52.73 1.0000 high
967.50 540.00 82.50 42.19 1.0000 high
967.98 538.24 85.03 45.97 0.0000 coast
969.53 537.07 85.48 46.03 0.0000 coast
978.75 540.00 75.00 31.64 1.0000 high
982.50 540.00 71.25 31.64 1.0000 high
982.50 540.00 67.50 29.53 1.0000 high
986.25 540.00 63.75 31.64 1.0000 high
993.75 540.00 56.25 27.42 1.0000 high
997.50 540.00 52.50 33.75 1.0000 high
1001.25 540.00 48.75 27.42 1.0000 high
1004.20 539.54 46.41 27.57 0.0000 coast
1007.53 539.23 43.47 26.63 0.0000 coast
1031.25 544.22 7.50 4.22 0.8824 reinit
-100 -100 -100 -100 0.0000 coast_none
-100 -100 -100 -100 0.0000 coast_none
825.00 685.55 11.25 6.33 0.9765 reinit
-100 -100 -100 -100 0.0000 coast_none
-100 -100 -100 -100 0.0000 coast_none
-100 -100 -100 -100 0.0000 coast_none
-100 -100 -100 -100 0.0000 coast_none
-100 -100 -100 -100 0.0000 coast_none
1076.25 550.55 26.25 8.44 1.0000 reinit
1076.25 550.55 26.25 8.44 0.0000 coast
1076.25 550.55 26.25 8.44 0.0000 coast
1080.00 548.44 60.00 27.42 1.0000 reinit
1080.00 546.33 71.25 40.08 1.0000 high
1080.00 544.22 75.00 44.30 1.0000 high
1083.75 546.33 71.25 40.08 1.0000 high
1083.75 544.22 78.75 40.08 1.0000 high
1091.25 546.33 71.25 35.86 1.0000 high
1095.00 544.22 75.00 29.53 1.0000 high
1102.50 544.22 75.00 29.53 1.0000 high
1103.36 543.80 76.58 29.33 0.0000 coast
-100 -100 -100 -100 0.0000 coast_none
1132.50 542.11 63.75 27.42 1.0000 high
1143.75 550.55 45.00 16.88 1.0000 high
1140.00 544.22 60.00 29.53 1.0000 high
1140.00 542.11 63.75 18.98 1.0000 high
1151.25 542.11 67.50 27.42 1.0000 high
1154.61 541.70 65.93 24.61 0.0000 coast
1155.00 540.00 56.25 31.64 1.0000 high
1160.51 539.59 58.24 30.19 0.0000 coast
-100 -100 -100 -100 0.0000 coast_none
1563.75 683.44 37.50 16.88 1.0000 reinit
1560.00 683.44 41.25 18.98 1.0000 high
1560.00 683.44 41.25 18.98 1.0000 high
1560.00 681.33 41.25 21.09 1.0000 high
1560.00 681.33 41.25 21.09 1.0000 high
1560.00 681.33 45.00 23.20 1.0000 high
1560.00 683.44 41.25 16.88 1.0000 high
1560.00 681.33 41.25 21.09 1.0000 high
1563.75 683.44 37.50 16.88 1.0000 high
1563.75 683.44 37.50 16.88 1.0000 high
1563.75 683.44 33.75 16.88 1.0000 high
1563.75 683.44 33.75 14.77 1.0000 high
1564.16 683.49 33.09 14.89 0.0000 coast
1564.46 683.55 32.30 14.45 0.0000 coast
-100 -100 -100 -100 0.0000 coast_none
-100 -100 -100 -100 0.0000 coast_none
-100 -100 -100 -100 0.0000 coast_none
-100 -100 -100 -100 0.0000 coast_none
-100 -100 -100 -100 0.0000 coast_none
-100 -100 -100 -100 0.0000 coast_none
-100 -100 -100 -100 0.0000 coast_none
-100 -100 -100 -100 0.0000 coast_none
-100 -100 -100 -100 0.0000 miss
-100 -100 -100 -100 0.0000 miss
-100 -100 -100 -100 0.0000 miss
1357.50 525.23 15.00 6.33 1.0000 reinit
1357.50 525.23 15.00 6.33 0.0000 coast
1357.50 525.23 15.00 6.33 0.0000 coast
1316.25 518.91 63.75 35.86 1.0000 reinit
1320.00 518.91 60.00 37.97 1.0000 high
1323.75 521.02 52.50 18.98 1.0000 high
1323.75 521.02 52.50 21.09 1.0000 high
1320.00 518.91 56.25 29.53 1.0000 high
1323.75 521.02 56.25 21.09 1.0000 high
1323.75 521.02 56.25 21.09 1.0000 high
1331.25 521.02 45.00 14.77 1.0000 high
1330.57 521.29 46.59 13.68 0.0000 coast
1331.25 525.23 33.75 10.55 1.0000 high
1332.72 525.39 32.31 8.18 0.0000 coast
1334.06 526.12 29.12 5.70 0.0000 coast
1331.25 518.91 56.25 18.98 1.0000 reinit
1335.00 518.91 52.50 18.98 1.0000 high
1338.75 518.91 45.00 14.77 1.0000 high
1335.00 518.91 48.75 14.77 1.0000 high
1336.24 518.91 46.30 13.41 0.0000 coast
1331.25 516.80 60.00 21.09 1.0000 high
1338.75 516.80 52.50 16.88 1.0000 high
1342.50 518.91 48.75 12.66 1.0000 high
1335.00 514.69 63.75 18.98 1.0000 high
1342.50 516.80 48.75 14.77 1.0000 high
1342.50 514.69 52.50 16.88 1.0000 high
1342.66 514.57 53.34 16.54 0.0000 coast
1342.50 512.58 48.75 16.88 1.0000 high
1343.24 512.28 49.73 16.86 0.0000 coast
-100 -100 -100 -100 0.0000 coast_none
1563.75 683.44 33.75 14.77 1.0000 reinit
1560.00 681.33 41.25 18.98 1.0000 high
1563.75 683.44 37.50 14.77 1.0000 high
1563.75 683.44 33.75 14.77 1.0000 high
1563.75 681.33 37.50 18.98 1.0000 high
1563.75 683.44 37.50 16.88 1.0000 high
1560.00 679.22 45.00 25.31 1.0000 high
1560.00 681.33 45.00 21.09 1.0000 high
1560.00 681.33 41.25 21.09 1.0000 high
1560.00 681.33 41.25 21.09 1.0000 high
1560.00 681.33 41.25 23.20 1.0000 high
1560.00 681.33 41.25 21.09 1.0000 high
1560.00 681.33 41.25 21.09 1.0000 high
1560.00 681.33 41.25 21.09 1.0000 high
1560.00 683.44 37.50 18.98 1.0000 high
1560.00 683.44 37.50 18.98 1.0000 high
1560.00 683.44 37.50 18.98 1.0000 high
1560.00 683.44 37.50 18.98 1.0000 high
1563.75 683.44 33.75 18.98 1.0000 high
1563.75 683.44 30.00 14.77 1.0000 high
1563.74 683.59 30.54 15.71 0.0000 coast
1564.06 683.70 29.68 15.32 0.0000 coast
1342.50 491.48 60.00 37.97 1.0000 reinit
1338.75 489.38 75.00 42.19 1.0000 high
1342.50 491.48 67.50 37.97 1.0000 high
1350.00 491.48 56.25 37.97 1.0000 high
1342.50 491.48 75.00 37.97 1.0000 high
1346.25 491.48 75.00 35.86 1.0000 high
1342.50 491.48 78.75 33.75 1.0000 high
1338.75 489.38 82.50 35.86 1.0000 high
1342.50 489.38 78.75 35.86 1.0000 high
1342.50 489.38 75.00 33.75 1.0000 high
1342.25 489.29 78.81 33.45 0.0000 coast
1342.27 489.16 80.10 32.80 0.0000 coast
1361.25 497.81 63.75 18.98 1.0000 high
1361.25 493.59 67.50 25.31 1.0000 high
1380.00 497.81 48.75 14.77 1.0000 high
1383.75 499.92 41.25 12.66 1.0000 high
1386.29 500.16 41.12 11.08 0.0000 coast
1376.25 499.92 33.75 14.77 1.0000 high
1379.91 500.78 30.41 12.68 0.0000 coast
1381.77 501.49 26.54 11.36 0.0000 coast
1376.25 497.81 56.25 18.98 1.0000 reinit
1376.25 497.81 56.25 18.98 0.0000 coast
1383.75 502.03 22.50 10.55 1.0000 high
1383.75 502.03 22.50 10.55 1.0000 high
1383.75 499.92 22.50 12.66 1.0000 high
1391.25 502.03 15.00 10.55 1.0000 high
1395.00 504.14 7.50 6.33 0.9843 high
-100 -100 -100 -100 0.0000 coast_none
-100 -100 -100 -100 0.0000 coast_none
1560.00 683.44 33.75 18.98 1.0000 reinit
1560.00 683.44 37.50 18.98 1.0000 high
1560.00 683.44 33.75 18.98 1.0000 high
1563.75 683.44 30.00 14.77 1.0000 high
1563.75 683.44 30.00 18.98 1.0000 high
1564.73 683.44 28.46 17.95 0.0000 coast
1567.50 687.66 22.50 8.44 0.9765 high
1568.56 687.90 20.82 7.81 0.0000 coast
1569.85 688.69 18.56 5.96 0.0000 coast
1560.00 683.44 33.75 18.98 1.0000 reinit
1560.00 683.44 33.75 18.98 1.0000 high
1560.00 683.44 33.75 18.98 1.0000 high
1560.00 683.44 33.75 18.98 1.0000 high
1560.00 683.44 33.75 18.98 1.0000 high
1560.00 683.44 33.75 18.98 1.0000 high
1560.00 681.33 33.75 23.20 1.0000 high
1560.00 681.33 37.50 23.20 1.0000 high
1560.00 681.33 33.75 21.09 1.0000 high
1560.00 681.33 37.50 21.09 1.0000 high
1560.00 681.33 37.50 21.09 1.0000 high
1560.00 683.44 33.75 18.98 1.0000 high
1560.00 683.44 33.75 16.88 1.0000 high
1563.75 685.55 26.25 12.66 1.0000 high
1560.00 685.55 30.00 12.66 1.0000 high
1563.75 687.66 26.25 10.55 1.0000 high
1563.75 685.55 26.25 12.66 1.0000 high
1563.75 687.66 26.25 6.33 1.0000 high
1563.75 687.66 26.25 10.55 1.0000 high
1563.75 687.66 22.50 6.33 0.9922 high
1567.50 687.66 15.00 6.33 0.9725 high
1567.14 688.11 15.55 5.30 0.0000 coast
1567.76 688.42 13.90 4.34 0.0000 coast
1342.50 577.97 45.00 23.20 1.0000 reinit
1342.50 577.97 45.00 23.20 0.0000 coast
1342.50 577.97 45.00 23.20 0.0000 coast
1346.25 590.62 37.50 18.98 1.0000 high
1346.88 592.76 36.24 18.27 0.0000 coast
1346.25 599.06 30.00 14.77 1.0000 high
1342.50 601.17 33.75 18.98 1.0000 high
1342.87 604.68 31.22 17.61 0.0000 coast
1342.38 607.98 29.87 17.32 0.0000 coast
1342.50 607.50 30.00 21.09 1.0000 high
1342.50 609.61 33.75 21.09 1.0000 high
1342.04 612.45 31.83 21.44 0.0000 coast
1341.70 615.04 31.32 21.80 0.0000 coast
1323.75 594.84 78.75 48.52 1.0000 reinit
1323.75 594.84 82.50 50.62 1.0000 high
1323.75 599.06 86.25 48.52 1.0000 high
1323.75 603.28 86.25 48.52 1.0000 high
1316.25 605.39 86.25 50.62 1.0000 high
1316.25 607.50 90.00 52.73 1.0000 high
1297.50 609.61 101.25 50.62 1.0000 high
1316.25 611.72 82.50 52.73 1.0000 high
1308.32 614.18 89.93 52.72 0.0000 coast
1312.50 624.38 75.00 48.52 1.0000 high
1312.50 624.38 90.00 50.62 1.0000 high
1320.00 628.59 93.75 50.62 1.0000 high
1338.75 634.92 71.25 48.52 1.0000 high
1327.50 639.14 71.25 50.62 1.0000 high
1329.95 642.05 72.30 50.24 0.0000 coast
1323.75 641.25 82.50 52.73 1.0000 high
1323.75 645.47 78.75 50.62 1.0000 high
1312.50 647.58 86.25 52.73 1.0000 high
1316.25 651.80 82.50 52.73 1.0000 high
1312.50 653.91 97.50 50.62 1.0000 high
1308.75 658.12 101.25 50.62 1.0000 high
1308.75 662.34 97.50 50.62 1.0000 high
1307.56 664.98 100.25 50.80 0.0000 coast
1312.50 675.00 78.75 48.52 1.0000 high
1308.75 677.11 93.75 48.52 1.0000 high
1305.00 677.11 97.50 52.73 1.0000 high
1312.50 681.33 90.00 50.62 1.0000 high
1316.25 685.55 105.00 50.62 1.0000 high
1308.75 687.66 101.25 50.62 1.0000 high
1293.75 691.88 105.00 50.62 1.0000 high
1297.50 693.98 105.00 50.62 1.0000 high
1297.50 698.20 120.00 48.52 1.0000 high
1312.50 702.42 105.00 48.52 1.0000 high
1308.75 704.53 105.00 52.73 1.0000 high
1305.00 708.75 116.25 50.62 1.0000 high
1290.00 710.86 93.75 50.62 1.0000 high
1294.08 714.56 101.95 50.80 0.0000 coast
1292.65 717.87 102.38 50.84 0.0000 coast
1293.75 727.73 48.75 21.09 1.0000 reinit
1297.50 734.06 37.50 8.44 1.0000 high
1297.78 734.53 36.66 7.50 0.0000 coast
1293.75 742.50 37.50 8.44 1.0000 high
1301.25 744.61 33.75 8.44 1.0000 high
1300.49 748.07 32.44 6.98 0.0000 coast
-100 -100 -100 -100 0.0000 coast_none
1563.75 687.66 26.25 12.66 0.9961 reinit
1563.75 687.66 26.25 14.77 1.0000 high
1563.75 685.55 30.00 16.88 1.0000 high
-100 -100 -100 -100 0.0000 coast_none
1560.00 685.55 33.75 16.88 1.0000 high
1560.00 681.33 37.50 23.20 1.0000 high
1560.00 681.33 37.50 23.20 1.0000 high
1560.00 681.33 37.50 25.31 1.0000 high
1559.07 680.11 39.97 26.54 0.0000 coast
1558.47 679.21 41.63 28.04 0.0000 coast
1560.00 683.44 33.75 18.98 1.0000 high
1563.75 683.44 30.00 12.66 1.0000 high
-100 -100 -100 -100 0.0000 coast_none
-100 -100 -100 -100 0.0000 coast_none
1308.75 793.12 116.25 48.52 1.0000 reinit
1316.25 793.12 97.50 50.62 1.0000 high
1293.75 795.23 123.75 48.52 1.0000 high
1297.50 795.23 123.75 42.19 1.0000 high
1301.25 797.34 120.00 46.41 1.0000 high
1301.25 797.34 116.25 46.41 1.0000 high
1297.50 797.34 116.25 44.30 1.0000 high
1293.75 799.45 120.00 44.30 1.0000 high
1293.75 799.45 120.00 44.30 1.0000 high
1293.75 799.45 123.75 46.41 1.0000 high
1297.50 799.45 123.75 46.41 1.0000 high
1297.50 799.45 123.75 46.41 1.0000 high
1297.50 797.34 123.75 48.52 1.0000 high
1301.25 797.34 112.50 46.41 1.0000 high
1301.25 797.34 112.50 46.41 1.0000 high
1297.50 797.34 116.25 46.41 1.0000 high
1305.00 797.34 108.75 46.41 1.0000 high
1301.25 795.23 112.50 48.52 1.0000 high
1305.00 795.23 112.50 48.52 1.0000 high
1301.25 795.23 116.25 48.52 1.0000 high
1301.25 795.23 108.75 50.62 1.0000 high
1293.75 793.12 120.00 52.73 1.0000 high
1290.00 793.12 108.75 54.84 1.0000 high
1286.25 791.02 120.00 54.84 1.0000 high
1293.75 788.91 120.00 56.95 1.0000 high
1286.25 788.91 120.00 59.06 1.0000 high
1282.50 788.91 127.50 59.06 1.0000 high
1278.75 788.91 120.00 59.06 1.0000 high
1275.00 788.91 127.50 59.06 1.0000 high
1274.21 788.14 126.92 60.21 0.0000 coast
1297.50 788.91 93.75 61.17 1.0000 high
1291.63 788.22 100.10 61.89 0.0000 coast
1301.25 788.91 82.50 59.06 1.0000 high
1297.50 791.02 86.25 48.52 1.0000 high
1275.00 793.12 101.25 50.62 1.0000 high
1260.00 793.12 112.50 52.73 1.0000 high
1263.75 795.23 101.25 46.41 1.0000 high
1259.84 795.01 103.87 47.16 0.0000 coast
1256.25 797.34 93.75 42.19 1.0000 high
1252.48 797.57 95.70 41.81 0.0000 coast
1248.75 798.21 95.30 40.54 0.0000 coast
1260.00 797.34 75.00 33.75 1.0000 high
1255.52 798.05 75.59 32.76 0.0000 coast
1253.14 798.55 73.40 30.99 0.0000 coast
821.25 683.44 15.00 8.44 1.0000 reinit
821.25 683.44 15.00 8.44 1.0000 high
-100 -100 -100 -100 0.0000 coast_none
-100 -100 -100 -100 0.0000 coast_none
1563.75 683.44 33.75 18.98 1.0000 reinit
1563.75 683.44 33.75 18.98 1.0000 high
1563.75 683.44 33.75 18.98 1.0000 high
1563.75 683.44 30.00 18.98 1.0000 high
1563.75 683.44 30.00 18.98 1.0000 high
1563.75 683.44 29.00 18.98 0.0000 coast
1563.75 683.44 28.03 18.98 0.0000 coast
1151.25 801.56 3.75 2.11 0.7490 reinit
1151.25 801.56 3.75 2.11 0.0000 coast
1151.25 801.56 3.75 2.11 0.0000 coast
1132.50 801.56 52.50 12.66 1.0000 reinit
-100 -100 -100 -100 0.0000 coast_none
-100 -100 -100 -100 0.0000 coast_none
-100 -100 -100 -100 0.0000 coast_none
-100 -100 -100 -100 0.0000 coast_none
-100 -100 -100 -100 0.0000 coast_none
-100 -100 -100 -100 0.0000 coast_none
1132.50 810.00 33.75 8.44 1.0000 high
1132.50 810.96 31.61 7.96 0.0000 coast
-100 -100 -100 -100 0.0000 coast_none
1563.75 683.44 33.75 18.98 1.0000 reinit
1563.75 683.44 33.75 18.98 1.0000 high
1563.75 683.44 33.75 18.98 1.0000 high
1560.00 683.44 37.50 18.98 1.0000 high
1560.00 683.44 37.50 18.98 1.0000 high
1560.00 683.44 37.50 18.98 1.0000 high
1560.00 683.44 37.50 18.98 1.0000 high
1560.00 683.44 37.50 16.88 1.0000 high
1559.09 683.44 38.41 17.33 0.0000 coast
1563.75 683.44 30.00 16.88 1.0000 high
1560.00 683.44 37.50 18.98 1.0000 high
1560.00 681.33 41.25 21.09 1.0000 high
1560.00 683.44 37.50 16.88 1.0000 high
1560.00 681.33 41.25 25.31 1.0000 high
1560.00 681.33 41.25 25.31 1.0000 high
1559.57 681.24 41.93 25.28 0.0000 coast
1560.00 681.33 41.25 21.09 1.0000 high
1560.00 681.33 41.25 23.20 1.0000 high
1560.00 681.33 41.25 23.20 1.0000 high
1559.72 681.10 42.02 23.56 0.0000 coast
1560.00 683.44 37.50 18.98 1.0000 high
1559.76 682.92 38.73 20.05 0.0000 coast
1559.62 682.96 38.82 19.99 0.0000 coast
1080.00 807.89 86.25 35.86 1.0000 reinit
1068.75 810.00 93.75 37.97 1.0000 high
1091.25 810.00 67.50 23.20 1.0000 high
1087.50 807.89 71.25 25.31 1.0000 high
1091.74 807.89 65.34 21.66 0.0000 coast
1095.55 807.49 60.02 18.42 0.0000 coast
1035.00 807.89 105.00 35.86 1.0000 reinit
1050.00 807.89 82.50 31.64 1.0000 high
1051.12 807.89 80.83 31.33 0.0000 coast
993.75 810.00 105.00 27.42 1.0000 high
986.25 810.00 123.75 42.19 1.0000 high
1001.25 810.00 105.00 29.53 1.0000 high
971.25 810.00 123.75 35.86 1.0000 high
967.50 810.00 120.00 48.52 1.0000 high
960.00 810.00 120.00 46.41 1.0000 high
952.50 812.11 120.00 48.52 1.0000 high
948.75 812.11 105.00 50.62 1.0000 high
937.50 812.11 116.25 48.52 1.0000 high
930.00 812.11 123.75 50.62 1.0000 high
922.50 812.11 123.75 50.62 1.0000 high
915.00 812.11 123.75 50.62 1.0000 high
915.00 812.11 112.50 52.73 1.0000 high
900.00 812.11 120.00 50.62 1.0000 high
900.00 812.11 112.50 50.62 1.0000 high
888.75 812.11 108.75 46.41 1.0000 high
881.25 812.11 112.50 48.52 1.0000 high
881.25 812.11 105.00 46.41 1.0000 high
877.50 812.11 101.25 46.41 1.0000 high
866.25 814.22 101.25 44.30 1.0000 high
866.25 814.22 93.75 42.19 1.0000 high
858.75 814.22 93.75 42.19 1.0000 high
836.25 814.22 108.75 48.52 1.0000 high
832.50 814.22 97.50 48.52 1.0000 high
821.25 814.22 105.00 44.30 1.0000 high
798.75 814.22 116.25 44.30 1.0000 high
802.50 814.22 105.00 35.86 1.0000 high
795.00 814.22 105.00 31.64 1.0000 high
795.00 816.33 97.50 44.30 1.0000 high
783.75 816.33 93.75 44.30 1.0000 high
791.25 816.33 78.75 40.08 1.0000 high
791.25 814.22 78.75 31.64 1.0000 high
783.75 818.44 78.75 25.31 1.0000 high
778.02 817.80 75.90 25.75 0.0000 coast
772.69 818.20 73.54 23.82 0.0000 coast
1563.75 683.44 37.50 21.09 1.0000 reinit
1563.75 683.44 37.50 21.09 1.0000 high
1563.75 683.44 37.50 21.09 0.0000 coast
-100 -100 -100 -100 0.0000 coast_none
697.50 824.77 86.25 40.08 1.0000 reinit
697.50 824.77 90.00 40.08 1.0000 high
690.00 822.66 90.00 42.19 1.0000 high
690.00 824.77 86.25 35.86 1.0000 high
697.50 826.88 71.25 25.31 1.0000 high
678.75 826.88 86.25 25.31 1.0000 high
686.25 824.77 78.75 29.53 1.0000 high
682.50 826.88 75.00 35.86 1.0000 high
663.75 826.88 86.25 33.75 1.0000 high
637.50 824.77 97.50 35.86 1.0000 high
641.25 826.88 90.00 40.08 1.0000 high
637.50 826.88 93.75 40.08 1.0000 high
629.85 826.97 94.28 39.84 0.0000 coast
626.25 824.77 93.75 37.97 1.0000 high
619.37 825.31 95.03 38.66 0.0000 coast
613.14 825.31 95.95 38.84 0.0000 coast
603.75 826.88 90.00 40.08 1.0000 high
607.50 828.98 82.50 33.75 1.0000 high
615.00 831.09 78.75 29.53 1.0000 high
592.50 826.88 97.50 40.08 1.0000 high
590.99 828.26 92.70 37.26 0.0000 coast
596.25 828.98 82.50 35.86 1.0000 high
585.00 828.98 86.25 37.97 1.0000 high
581.25 828.98 90.00 35.86 1.0000 high
573.75 828.98 90.00 35.86 1.0000 high
577.50 828.98 86.25 37.97 1.0000 high
562.50 828.98 90.00 37.97 1.0000 high
555.00 828.98 101.25 37.97 1.0000 high
547.50 826.88 105.00 40.08 1.0000 high
543.75 828.98 108.75 42.19 1.0000 high
540.00 828.98 105.00 42.19 1.0000 high
543.75 828.98 97.50 42.19 1.0000 high
543.75 828.98 101.25 44.30 1.0000 high
536.25 828.98 101.25 40.08 1.0000 high
536.25 828.98 75.00 33.75 1.0000 high
536.25 828.98 97.50 40.08 1.0000 high
540.00 831.09 90.00 37.97 1.0000 high
532.50 831.09 93.75 37.97 1.0000 high
528.75 831.09 97.50 40.08 1.0000 high
528.75 831.09 97.50 40.08 1.0000 high
528.75 833.20 97.50 37.97 1.0000 high
525.00 833.20 97.50 37.97 1.0000 high
525.00 833.20 97.50 37.97 1.0000 high
521.25 833.20 101.25 40.08 1.0000 high
525.00 835.31 97.50 37.97 1.0000 high
525.00 835.31 97.50 37.97 1.0000 high
525.00 835.31 97.50 37.97 1.0000 high
525.00 835.31 97.50 40.08 1.0000 high
517.50 835.31 105.00 37.97 1.0000 high
517.50 835.31 101.25 37.97 1.0000 high
513.75 835.31 105.00 37.97 1.0000 high
513.75 835.31 101.25 35.86 1.0000 high
513.75 835.31 101.25 35.86 1.0000 high
513.75 835.31 101.25 37.97 1.0000 high
513.75 835.31 101.25 35.86 1.0000 high
513.75 835.31 101.25 35.86 1.0000 high
517.50 835.31 97.50 35.86 1.0000 high
510.00 837.42 105.00 33.75 1.0000 high
513.75 837.42 97.50 33.75 1.0000 high
513.75 837.42 97.50 35.86 1.0000 high
513.75 837.42 97.50 35.86 1.0000 high
513.75 837.42 101.25 37.97 1.0000 high
517.50 837.42 97.50 35.86 1.0000 high
517.50 837.42 97.50 37.97 1.0000 high
517.50 837.42 97.50 35.86 1.0000 high
517.50 837.42 97.50 35.86 1.0000 high
510.00 837.42 105.00 37.97 1.0000 high
510.00 837.42 101.25 40.08 1.0000 high
510.00 837.42 101.25 35.86 1.0000 high
510.00 837.42 101.25 37.97 1.0000 high
510.00 837.42 101.25 37.97 1.0000 high
510.00 837.42 101.25 37.97 1.0000 high
510.00 837.42 101.25 35.86 1.0000 high
510.00 839.53 101.25 33.75 1.0000 high
506.25 839.53 105.00 33.75 1.0000 high
510.00 839.53 97.50 31.64 1.0000 high
506.25 839.53 101.25 29.53 1.0000 high
502.50 839.53 105.00 33.75 1.0000 high
502.50 839.53 101.25 33.75 1.0000 high
502.50 841.64 101.25 31.64 1.0000 high
502.50 841.64 93.75 31.64 1.0000 high
498.75 841.64 93.75 31.64 1.0000 high
498.75 841.64 101.25 31.64 1.0000 high
495.00 841.64 93.75 33.75 1.0000 high
495.00 841.64 101.25 33.75 1.0000 high
495.00 841.64 105.00 33.75 1.0000 high
491.25 841.64 108.75 33.75 1.0000 high
495.00 841.64 105.00 35.86 1.0000 high
495.00 841.64 105.00 35.86 1.0000 high
495.00 841.64 105.00 33.75 1.0000 high
495.00 841.64 105.00 33.75 1.0000 high
495.00 841.64 105.00 33.75 1.0000 high
498.75 841.64 101.25 33.75 1.0000 high
498.75 841.64 101.25 35.86 1.0000 high
495.00 841.64 105.00 35.86 1.0000 high
495.00 841.64 105.00 37.97 1.0000 high
495.00 841.64 101.25 35.86 1.0000 high
495.00 841.64 101.25 35.86 1.0000 high
495.00 843.75 97.50 33.75 1.0000 high
495.00 843.75 97.50 35.86 1.0000 high
495.00 843.75 93.75 37.97 1.0000 high
498.75 843.75 93.75 40.08 1.0000 high
495.00 845.86 101.25 40.08 1.0000 high
498.75 845.86 97.50 37.97 1.0000 high
498.75 845.86 101.25 37.97 1.0000 high
495.00 847.97 105.00 42.19 1.0000 high
495.00 847.97 105.00 44.30 1.0000 high
498.75 850.08 101.25 40.08 1.0000 high
498.75 852.19 101.25 37.97 1.0000 high
495.00 852.19 101.25 40.08 1.0000 high
498.75 854.30 97.50 42.19 1.0000 high
491.25 856.41 105.00 44.30 1.0000 high
495.00 858.52 101.25 42.19 1.0000 high
498.75 862.73 97.50 40.08 1.0000 high
502.50 864.84 93.75 40.08 1.0000 high
502.50 866.95 78.75 35.86 1.0000 high
498.75 871.17 93.75 37.97 1.0000 high
502.50 873.28 67.50 31.64 1.0000 high
495.00 875.39 82.50 37.97 1.0000 high
495.00 879.61 93.75 35.86 1.0000 high
495.00 883.83 101.25 31.64 1.0000 high
495.00 888.05 97.50 33.75 1.0000 high
491.25 890.16 90.00 42.19 1.0000 high
495.00 894.38 97.50 40.08 1.0000 high
498.75 896.48 93.75 35.86 1.0000 high
496.82 899.30 95.21 37.21 0.0000 coast
513.75 907.03 78.75 33.75 1.0000 high
502.50 907.03 93.75 37.97 1.0000 high
506.25 911.25 93.75 29.53 1.0000 high
502.50 913.36 93.75 29.53 1.0000 high
495.00 915.47 101.25 33.75 1.0000 high
498.75 919.69 97.50 33.75 1.0000 high
498.75 919.69 101.25 37.97 1.0000 high
483.75 928.12 105.00 35.86 1.0000 high
491.25 930.23 105.00 40.08 1.0000 high
488.99 933.14 106.17 38.93 0.0000 coast
487.50 938.67 108.75 35.86 1.0000 high
487.50 942.89 105.00 27.42 1.0000 high
491.25 947.11 97.50 37.97 1.0000 high
502.50 949.22 90.00 37.97 1.0000 high
502.50 953.44 86.25 33.75 1.0000 high
502.50 955.55 71.25 31.64 1.0000 high
491.25 959.77 71.25 37.97 1.0000 high
487.50 961.88 82.50 40.08 1.0000 high
-100 -100 -100 -100 0.0000 coast_none
-100 -100 -100 -100 0.0000 coast_none
1560.00 693.98 26.25 14.77 1.0000 reinit
-100 -100 -100 -100 0.0000 coast_none
-100 -100 -100 -100 0.0000 coast_none
-100 -100 -100 -100 0.0000 coast_none
-100 -100 -100 -100 0.0000 coast_none
-100 -100 -100 -100 0.0000 coast_none
-100 -100 -100 -100 0.0000 coast_none
-100 -100 -100 -100 0.0000 coast_none
-100 -100 -100 -100 0.0000 coast_none
-100 -100 -100 -100 0.0000 coast_none
1590.00 687.66 3.75 2.11 0.5176 high
1592.62 687.10 1.79 1.01 0.0000 coast
1594.75 685.93 1.00 1.00 0.0000 coast
-100 -100 -100 -100 0.0000 coast_none
547.50 1031.48 22.50 8.44 1.0000 reinit
-100 -100 -100 -100 0.0000 coast_none
-100 -100 -100 -100 0.0000 coast_none
-100 -100 -100 -100 0.0000 coast_none
-100 -100 -100 -100 0.0000 coast_none
-100 -100 -100 -100 0.0000 coast_none
-100 -100 -100 -100 0.0000 coast_none
-100 -100 -100 -100 0.0000 coast_none
-100 -100 -100 -100 0.0000 coast_none
-100 -100 -100 -100 0.0000 coast_none
-100 -100 -100 -100 0.0000 coast_none
-100 -100 -100 -100 0.0000 miss
-100 -100 -100 -100 0.0000 miss
-100 -100 -100 -100 0.0000 miss
-100 -100 -100 -100 0.0000 miss
-100 -100 -100 -100 0.0000 miss
-100 -100 -100 -100 0.0000 miss
-100 -100 -100 -100 0.0000 miss
-100 -100 -100 -100 0.0000 miss
-100 -100 -100 -100 0.0000 miss
-100 -100 -100 -100 0.0000 miss
-100 -100 -100 -100 0.0000 miss
1582.50 685.55 7.50 4.22 0.9176 reinit
-100 -100 -100 -100 0.0000 coast_none
-100 -100 -100 -100 0.0000 coast_none
-100 -100 -100 -100 0.0000 coast_none
-100 -100 -100 -100 0.0000 coast_none
-100 -100 -100 -100 0.0000 coast_none
-100 -100 -100 -100 0.0000 coast_none
-100 -100 -100 -100 0.0000 coast_none
-100 -100 -100 -100 0.0000 coast_none
-100 -100 -100 -100 0.0000 coast_none
-100 -100 -100 -100 0.0000 coast_none
-100 -100 -100 -100 0.0000 miss
-100 -100 -100 -100 0.0000 miss
-100 -100 -100 -100 0.0000 miss
-100 -100 -100 -100 0.0000 miss
1586.25 685.55 7.50 4.22 0.7412 high
1586.48 685.55 7.50 4.22 0.0000 coast
1586.73 685.55 7.50 4.22 0.0000 coast
1578.75 683.44 18.75 10.55 1.0000 reinit
1578.75 683.44 18.75 10.55 0.0000 coast
-100 -100 -100 -100 0.0000 coast_none
-100 -100 -100 -100 0.0000 coast_none
-100 -100 -100 -100 0.0000 coast_none
1586.25 685.55 3.75 4.22 0.4745 low
1586.25 685.55 3.75 4.22 0.3882 low
1587.28 685.84 1.69 3.35 0.0000 coast
1587.62 686.10 1.00 2.56 0.0000 coast
-100 -100 -100 -100 0.0000 coast_none
1575.00 685.55 18.75 8.44 1.0000 reinit
-100 -100 -100 -100 0.0000 coast_none
-100 -100 -100 -100 0.0000 coast_none
-100 -100 -100 -100 0.0000 coast_none
-100 -100 -100 -100 0.0000 coast_none
-100 -100 -100 -100 0.0000 coast_none
1563.75 685.55 26.25 16.88 1.0000 high
1560.00 683.44 33.75 21.09 1.0000 high
-100 -100 -100 -100 0.0000 coast_none
-100 -100 -100 -100 0.0000 coast_none
1578.75 685.55 15.00 8.44 0.9922 reinit
1578.75 685.55 15.00 8.44 0.0000 coast
1578.75 685.55 15.00 8.44 0.0000 coast
1563.75 685.55 30.00 18.98 1.0000 reinit
1560.00 683.44 37.50 21.09 1.0000 high
1559.72 683.28 38.06 21.25 0.0000 coast
-100 -100 -100 -100 0.0000 coast_none
1567.50 696.09 15.00 6.33 0.9843 reinit
1567.50 696.09 11.25 6.33 0.9255 high
1567.50 696.09 10.97 6.33 0.0000 coast
1567.50 696.09 10.20 6.33 0.0000 coast
1563.75 683.44 33.75 18.98 1.0000 reinit
1563.75 683.44 33.75 18.98 1.0000 high
1563.75 683.44 33.75 18.98 1.0000 high
1563.75 683.44 33.75 18.98 1.0000 high
1563.75 683.44 33.75 18.98 0.0000 coast
1563.75 683.44 33.75 18.98 0.0000 coast
-100 -100 -100 -100 0.0000 coast_none
-100 -100 -100 -100 0.0000 coast_none
-100 -100 -100 -100 0.0000 coast_none
-100 -100 -100 -100 0.0000 coast_none
-100 -100 -100 -100 0.0000 coast_none
-100 -100 -100 -100 0.0000 coast_none
-100 -100 -100 -100 0.0000 coast_none
-100 -100 -100 -100 0.0000 coast_none
-100 -100 -100 -100 0.0000 miss
-100 -100 -100 -100 0.0000 miss
-100 -100 -100 -100 0.0000 miss
-100 -100 -100 -100 0.0000 miss
-100 -100 -100 -100 0.0000 miss
-100 -100 -100 -100 0.0000 miss
-100 -100 -100 -100 0.0000 miss
-100 -100 -100 -100 0.0000 miss
-100 -100 -100 -100 0.0000 miss
-100 -100 -100 -100 0.0000 miss
-100 -100 -100 -100 0.0000 miss
-100 -100 -100 -100 0.0000 miss
-100 -100 -100 -100 0.0000 miss
1586.25 685.55 11.25 4.22 0.9725 high
-100 -100 -100 -100 0.0000 coast_none
1582.50 685.55 15.00 6.33 0.9961 high
1582.62 685.61 14.88 6.20 0.0000 coast
1582.53 685.67 14.97 6.19 0.0000 coast
1578.75 683.44 22.50 10.55 1.0000 reinit
1578.75 683.44 22.50 10.55 1.0000 high
1578.75 683.44 22.50 10.55 0.0000 coast
1578.75 683.44 22.50 10.55 1.0000 high
1575.00 683.44 26.25 10.55 1.0000 high
1575.19 683.44 26.06 10.55 0.0000 coast
-100 -100 -100 -100 0.0000 coast_none
1586.25 685.55 7.50 4.22 0.9765 reinit
-100 -100 -100 -100 0.0000 coast_none
-100 -100 -100 -100 0.0000 coast_none
-100 -100 -100 -100 0.0000 coast_none
-100 -100 -100 -100 0.0000 coast_none
-100 -100 -100 -100 0.0000 coast_none
-100 -100 -100 -100 0.0000 coast_none
-100 -100 -100 -100 0.0000 coast_none
-100 -100 -100 -100 0.0000 coast_none
-100 -100 -100 -100 0.0000 coast_none
-100 -100 -100 -100 0.0000 coast_none
-100 -100 -100 -100 0.0000 miss
-100 -100 -100 -100 0.0000 miss
-100 -100 -100 -100 0.0000 miss
-100 -100 -100 -100 0.0000 miss
-100 -100 -100 -100 0.0000 miss
-100 -100 -100 -100 0.0000 miss
-100 -100 -100 -100 0.0000 miss
-100 -100 -100 -100 0.0000 miss
-100 -100 -100 -100 0.0000 miss
-100 -100 -100 -100 0.0000 miss
-100 -100 -100 -100 0.0000 miss
-100 -100 -100 -100 0.0000 miss
-100 -100 -100 -100 0.0000 miss
-100 -100 -100 -100 0.0000 miss
-100 -100 -100 -100 0.0000 miss
-100 -100 -100 -100 0.0000 miss
-100 -100 -100 -100 0.0000 miss
-100 -100 -100 -100 0.0000 miss
-100 -100 -100 -100 0.0000 miss
-100 -100 -100 -100 0.0000 miss
-100 -100 -100 -100 0.0000 lost
1586.25 685.55 7.50 2.11 0.9216 init
1586.25 685.55 7.50 2.11 0.0000 coast
1586.25 685.55 7.50 4.22 0.9608 high
1586.25 685.55 7.50 4.22 0.9843 high
-100 -100 -100 -100 0.0000 coast_none
-100 -100 -100 -100 0.0000 coast_none
-100 -100 -100 -100 0.0000 coast_none
1586.25 685.55 3.75 2.11 0.7176 high
1586.25 685.55 3.38 2.15 0.0000 coast
-100 -100 -100 -100 0.0000 coast_none
1575.00 681.33 26.25 12.66 1.0000 reinit
1578.75 681.33 22.50 12.66 1.0000 high
1575.00 679.22 26.25 14.77 1.0000 high
1575.03 678.83 26.22 15.16 0.0000 coast
1574.34 678.06 26.91 15.92 0.0000 coast
1578.75 683.44 18.75 8.44 1.0000 high
1578.75 683.44 18.75 8.44 1.0000 high
-100 -100 -100 -100 0.0000 coast_none
-100 -100 -100 -100 0.0000 coast_none
1582.50 683.44 15.00 6.33 1.0000 high
-100 -100 -100 -100 0.0000 coast_none
-100 -100 -100 -100 0.0000 coast_none
-100 -100 -100 -100 0.0000 coast_none
-100 -100 -100 -100 0.0000 coast_none
-100 -100 -100 -100 0.0000 coast_none
-100 -100 -100 -100 0.0000 coast_none
-100 -100 -100 -100 0.0000 coast_none
1080.00 493.59 15.00 8.44 1.0000 reinit
1080.00 493.59 15.00 8.44 1.0000 high
-100 -100 -100 -100 0.0000 coast_none
-100 -100 -100 -100 0.0000 coast_none
-100 -100 -100 -100 0.0000 coast_none
-100 -100 -100 -100 0.0000 coast_none
-100 -100 -100 -100 0.0000 coast_none
-100 -100 -100 -100 0.0000 coast_none
1586.25 685.55 3.75 2.11 0.5843 reinit
1586.25 685.55 3.75 2.11 0.0000 coast
1586.25 685.55 3.75 2.11 0.0000 coast
1560.00 681.33 37.50 14.77 1.0000 reinit
1575.00 683.44 22.50 8.44 1.0000 high
1582.50 681.33 15.00 10.55 1.0000 high
1586.25 683.44 7.50 4.22 0.9804 high
-100 -100 -100 -100 0.0000 coast_none
-100 -100 -100 -100 0.0000 coast_none
-100 -100 -100 -100 0.0000 coast_none
-100 -100 -100 -100 0.0000 coast_none
-100 -100 -100 -100 0.0000 coast_none
-100 -100 -100 -100 0.0000 coast_none
-100 -100 -100 -100 0.0000 coast_none
-100 -100 -100 -100 0.0000 coast_none
-100 -100 -100 -100 0.0000 coast_none
-100 -100 -100 -100 0.0000 coast_none
-100 -100 -100 -100 0.0000 miss
-100 -100 -100 -100 0.0000 miss
-100 -100 -100 -100 0.0000 miss
-100 -100 -100 -100 0.0000 miss
-100 -100 -100 -100 0.0000 miss
-100 -100 -100 -100 0.0000 miss
-100 -100 -100 -100 0.0000 miss
-100 -100 -100 -100 0.0000 miss
1218.75 1031.48 15.00 6.33 1.0000 reinit
1218.75 1031.48 15.00 6.33 1.0000 high
1218.75 1031.48 11.25 6.33 1.0000 high
1218.75 1031.48 11.25 6.33 1.0000 high
1218.75 1031.48 10.11 6.33 0.0000 coast
-100 -100 -100 -100 0.0000 coast_none
1222.50 1033.59 3.75 2.11 0.7020 high
-100 -100 -100 -100 0.0000 coast_none
-100 -100 -100 -100 0.0000 coast_none
-100 -100 -100 -100 0.0000 coast_none
-100 -100 -100 -100 0.0000 coast_none
821.25 687.66 11.25 4.22 1.0000 reinit
821.25 687.66 11.25 4.22 0.9843 high
-100 -100 -100 -100 0.0000 coast_none
821.25 687.66 11.25 6.33 1.0000 high
-100 -100 -100 -100 0.0000 coast_none
-100 -100 -100 -100 0.0000 coast_none
-100 -100 -100 -100 0.0000 coast_none
-100 -100 -100 -100 0.0000 coast_none
-100 -100 -100 -100 0.0000 coast_none
-100 -100 -100 -100 0.0000 coast_none
-100 -100 -100 -100 0.0000 coast_none
-100 -100 -100 -100 0.0000 coast_none
-100 -100 -100 -100 0.0000 coast_none
-100 -100 -100 -100 0.0000 coast_none
-100 -100 -100 -100 0.0000 miss
-100 -100 -100 -100 0.0000 miss
-100 -100 -100 -100 0.0000 miss
-100 -100 -100 -100 0.0000 miss
-100 -100 -100 -100 0.0000 miss
-100 -100 -100 -100 0.0000 miss
-100 -100 -100 -100 0.0000 miss
-100 -100 -100 -100 0.0000 miss
-100 -100 -100 -100 0.0000 miss
-100 -100 -100 -100 0.0000 miss
-100 -100 -100 -100 0.0000 miss
-100 -100 -100 -100 0.0000 miss
-100 -100 -100 -100 0.0000 miss
-100 -100 -100 -100 0.0000 miss
-100 -100 -100 -100 0.0000 miss
-100 -100 -100 -100 0.0000 miss
-100 -100 -100 -100 0.0000 miss
-100 -100 -100 -100 0.0000 miss
-100 -100 -100 -100 0.0000 miss
-100 -100 -100 -100 0.0000 miss
-100 -100 -100 -100 0.0000 lost
-100 -100 -100 -100 0.0000 none
-100 -100 -100 -100 0.0000 none
-100 -100 -100 -100 0.0000 none
-100 -100 -100 -100 0.0000 none
-100 -100 -100 -100 0.0000 none
-100 -100 -100 -100 0.0000 none
-100 -100 -100 -100 0.0000 none
-100 -100 -100 -100 0.0000 none
-100 -100 -100 -100 0.0000 none
-100 -100 -100 -100 0.0000 none
-100 -100 -100 -100 0.0000 none
-100 -100 -100 -100 0.0000 none
-100 -100 -100 -100 0.0000 none
-100 -100 -100 -100 0.0000 none
-100 -100 -100 -100 0.0000 none
-100 -100 -100 -100 0.0000 none
-100 -100 -100 -100 0.0000 none
-100 -100 -100 -100 0.0000 none
-100 -100 -100 -100 0.0000 none
-100 -100 -100 -100 0.0000 none
-100 -100 -100 -100 0.0000 none
-100 -100 -100 -100 0.0000 none
-100 -100 -100 -100 0.0000 none
-100 -100 -100 -100 0.0000 none
-100 -100 -100 -100 0.0000 none
-100 -100 -100 -100 0.0000 none
-100 -100 -100 -100 0.0000 none
-100 -100 -100 -100 0.0000 none
-100 -100 -100 -100 0.0000 none
-100 -100 -100 -100 0.0000 none
-100 -100 -100 -100 0.0000 none
-100 -100 -100 -100 0.0000 none
-100 -100 -100 -100 0.0000 none
-100 -100 -100 -100 0.0000 none
-100 -100 -100 -100 0.0000 none
-100 -100 -100 -100 0.0000 none
-100 -100 -100 -100 0.0000 none
-100 -100 -100 -100 0.0000 none
-100 -100 -100 -100 0.0000 none
-100 -100 -100 -100 0.0000 none
-100 -100 -100 -100 0.0000 none
-100 -100 -100 -100 0.0000 none
-100 -100 -100 -100 0.0000 none
-100 -100 -100 -100 0.0000 none
-100 -100 -100 -100 0.0000 none
-100 -100 -100 -100 0.0000 none
-100 -100 -100 -100 0.0000 none
-100 -100 -100 -100 0.0000 none
-100 -100 -100 -100 0.0000 none
-100 -100 -100 -100 0.0000 none
-100 -100 -100 -100 0.0000 none
-100 -100 -100 -100 0.0000 none
-100 -100 -100 -100 0.0000 none
-100 -100 -100 -100 0.0000 none
-100 -100 -100 -100 0.0000 none
-100 -100 -100 -100 0.0000 none
-100 -100 -100 -100 0.0000 none
-100 -100 -100 -100 0.0000 none
-100 -100 -100 -100 0.0000 none
-100 -100 -100 -100 0.0000 none
1871.25 546.33 7.50 6.33 0.9961 init
1871.25 546.33 7.50 6.33 0.0000 coast
-100 -100 -100 -100 0.0000 coast_none
-100 -100 -100 -100 0.0000 coast_none
-100 -100 -100 -100 0.0000 coast_none
-100 -100 -100 -100 0.0000 coast_none
-100 -100 -100 -100 0.0000 coast_none
-100 -100 -100 -100 0.0000 coast_none
-100 -100 -100 -100 0.0000 coast_none
-100 -100 -100 -100 0.0000 coast_none
-100 -100 -100 -100 0.0000 coast_none
-100 -100 -100 -100 0.0000 miss
-100 -100 -100 -100 0.0000 miss
-100 -100 -100 -100 0.0000 miss
-100 -100 -100 -100 0.0000 miss
-100 -100 -100 -100 0.0000 miss
-100 -100 -100 -100 0.0000 miss
-100 -100 -100 -100 0.0000 miss
-100 -100 -100 -100 0.0000 miss
-100 -100 -100 -100 0.0000 miss
-100 -100 -100 -100 0.0000 miss
-100 -100 -100 -100 0.0000 miss
-100 -100 -100 -100 0.0000 miss
-100 -100 -100 -100 0.0000 miss
-100 -100 -100 -100 0.0000 miss
-100 -100 -100 -100 0.0000 miss
813.75 677.11 26.25 12.66 1.0000 reinit
813.75 677.11 26.25 12.66 0.0000 coast
