600.00 620.16 82.50 40.08 1.0000 per_frame
603.75 620.16 78.75 40.08 1.0000 per_frame
603.75 620.16 78.75 40.08 1.0000 per_frame
603.75 620.16 78.75 40.08 1.0000 per_frame
603.75 620.16 82.50 42.19 1.0000 per_frame
603.75 620.16 82.50 42.19 1.0000 per_frame
603.75 620.16 82.50 42.19 1.0000 per_frame
607.50 622.27 78.75 40.08 1.0000 per_frame
611.25 622.27 75.00 40.08 1.0000 per_frame
611.25 622.27 78.75 42.19 1.0000 per_frame
611.25 622.27 78.75 40.08 1.0000 per_frame
611.25 622.27 82.50 40.08 1.0000 per_frame
615.00 624.38 78.75 35.86 1.0000 per_frame
615.00 624.38 82.50 37.97 1.0000 per_frame
618.75 624.38 78.75 40.08 1.0000 per_frame
618.75 624.38 78.75 40.08 1.0000 per_frame
622.50 626.48 78.75 37.97 1.0000 per_frame
622.50 626.48 82.50 37.97 1.0000 per_frame
626.25 626.48 78.75 37.97 1.0000 per_frame
626.25 626.48 78.75 37.97 1.0000 per_frame
626.25 626.48 82.50 37.97 1.0000 per_frame
626.25 624.38 82.50 40.08 1.0000 per_frame
633.75 624.38 78.75 37.97 1.0000 per_frame
633.75 622.27 78.75 40.08 1.0000 per_frame
637.50 622.27 78.75 40.08 1.0000 per_frame
637.50 620.16 78.75 40.08 1.0000 per_frame
637.50 620.16 78.75 40.08 1.0000 per_frame
641.25 615.94 78.75 42.19 1.0000 per_frame
641.25 611.72 78.75 40.08 1.0000 per_frame
641.25 609.61 82.50 42.19 1.0000 per_frame
645.00 607.50 78.75 35.86 1.0000 per_frame
645.00 603.28 82.50 40.08 1.0000 per_frame
645.00 601.17 78.75 40.08 1.0000 per_frame
648.75 596.95 78.75 40.08 1.0000 per_frame
645.00 592.73 82.50 42.19 1.0000 per_frame
648.75 590.62 78.75 37.97 1.0000 per_frame
648.75 588.52 82.50 40.08 1.0000 per_frame
648.75 586.41 82.50 37.97 1.0000 per_frame
652.50 584.30 78.75 40.08 1.0000 per_frame
652.50 582.19 78.75 37.97 1.0000 per_frame
652.50 582.19 82.50 37.97 1.0000 per_frame
652.50 580.08 78.75 40.08 1.0000 per_frame
652.50 580.08 82.50 37.97 1.0000 per_frame
656.25 577.97 78.75 40.08 1.0000 per_frame
656.25 577.97 78.75 40.08 1.0000 per_frame
656.25 575.86 78.75 40.08 1.0000 per_frame
656.25 575.86 78.75 37.97 1.0000 per_frame
656.25 573.75 82.50 37.97 1.0000 per_frame
656.25 573.75 82.50 37.97 1.0000 per_frame
656.25 571.64 82.50 40.08 1.0000 per_frame
656.25 569.53 82.50 37.97 1.0000 per_frame
656.25 567.42 82.50 33.75 1.0000 per_frame
660.00 565.31 78.75 35.86 1.0000 per_frame
660.00 561.09 78.75 37.97 1.0000 per_frame
660.00 556.88 78.75 40.08 1.0000 per_frame
660.00 552.66 78.75 40.08 1.0000 per_frame
660.00 550.55 78.75 37.97 1.0000 per_frame
663.75 546.33 78.75 37.97 1.0000 per_frame
663.75 542.11 78.75 37.97 1.0000 per_frame
663.75 537.89 78.75 37.97 1.0000 per_frame
663.75 533.67 78.75 37.97 1.0000 per_frame
663.75 527.34 78.75 40.08 1.0000 per_frame
663.75 523.12 78.75 40.08 1.0000 per_frame
663.75 518.91 78.75 40.08 1.0000 per_frame
663.75 516.80 78.75 37.97 1.0000 per_frame
667.50 510.47 75.00 40.08 1.0000 per_frame
663.75 506.25 78.75 37.97 1.0000 per_frame
667.50 504.14 75.00 40.08 1.0000 per_frame
663.75 502.03 78.75 40.08 1.0000 per_frame
663.75 502.03 78.75 37.97 1.0000 per_frame
667.50 499.92 75.00 37.97 1.0000 per_frame
667.50 497.81 78.75 37.97 1.0000 per_frame
667.50 495.70 75.00 37.97 1.0000 per_frame
667.50 495.70 78.75 37.97 1.0000 per_frame
667.50 493.59 78.75 40.08 1.0000 per_frame
667.50 493.59 78.75 37.97 1.0000 per_frame
667.50 491.48 78.75 40.08 1.0000 per_frame
667.50 491.48 78.75 40.08 1.0000 per_frame
667.50 491.48 78.75 40.08 1.0000 per_frame
667.50 491.48 78.75 40.08 1.0000 per_frame
667.50 491.48 78.75 40.08 1.0000 per_frame
667.50 491.48 78.75 40.08 1.0000 per_frame
667.50 491.48 78.75 40.08 1.0000 per_frame
667.50 491.48 78.75 40.08 1.0000 per_frame
667.50 491.48 78.75 40.08 1.0000 per_frame
667.50 491.48 78.75 40.08 1.0000 per_frame
667.50 491.48 78.75 40.08 1.0000 per_frame
667.50 491.48 82.50 40.08 1.0000 per_frame
667.50 491.48 82.50 40.08 1.0000 per_frame
667.50 491.48 82.50 40.08 1.0000 per_frame
671.25 491.48 78.75 40.08 1.0000 per_frame
671.25 491.48 78.75 40.08 1.0000 per_frame
671.25 491.48 78.75 40.08 1.0000 per_frame
671.25 491.48 78.75 40.08 1.0000 per_frame
671.25 491.48 78.75 40.08 1.0000 per_frame
671.25 491.48 78.75 42.19 1.0000 per_frame
671.25 491.48 78.75 42.19 1.0000 per_frame
671.25 491.48 78.75 42.19 1.0000 per_frame
671.25 491.48 78.75 42.19 1.0000 per_frame
671.25 491.48 78.75 42.19 1.0000 per_frame
671.25 491.48 78.75 42.19 1.0000 per_frame
671.25 491.48 78.75 40.08 1.0000 per_frame
671.25 491.48 78.75 40.08 1.0000 per_frame
671.25 491.48 78.75 40.08 1.0000 per_frame
671.25 491.48 82.50 40.08 1.0000 per_frame
671.25 491.48 82.50 40.08 1.0000 per_frame
671.25 491.48 82.50 40.08 1.0000 per_frame
671.25 491.48 82.50 40.08 1.0000 per_frame
671.25 491.48 82.50 40.08 1.0000 per_frame
671.25 491.48 82.50 40.08 1.0000 per_frame
671.25 491.48 82.50 40.08 1.0000 per_frame
671.25 491.48 82.50 40.08 1.0000 per_frame
671.25 491.48 82.50 40.08 1.0000 per_frame
671.25 491.48 86.25 40.08 1.0000 per_frame
671.25 491.48 86.25 40.08 1.0000 per_frame
671.25 491.48 86.25 40.08 1.0000 per_frame
671.25 491.48 86.25 40.08 1.0000 per_frame
675.00 493.59 82.50 37.97 1.0000 per_frame
675.00 493.59 82.50 37.97 1.0000 per_frame
675.00 491.48 82.50 40.08 1.0000 per_frame
675.00 493.59 82.50 37.97 1.0000 per_frame
671.25 491.48 90.00 40.08 1.0000 per_frame
671.25 491.48 93.75 40.08 1.0000 per_frame
671.25 491.48 93.75 40.08 1.0000 per_frame
671.25 491.48 93.75 40.08 1.0000 per_frame
671.25 491.48 93.75 40.08 1.0000 per_frame
671.25 491.48 93.75 37.97 1.0000 per_frame
671.25 491.48 93.75 37.97 1.0000 per_frame
667.50 491.48 97.50 37.97 1.0000 per_frame
667.50 491.48 97.50 37.97 1.0000 per_frame
671.25 491.48 97.50 37.97 1.0000 per_frame
671.25 489.38 97.50 40.08 1.0000 per_frame
671.25 489.38 97.50 40.08 1.0000 per_frame
671.25 489.38 101.25 40.08 1.0000 per_frame
671.25 489.38 101.25 40.08 1.0000 per_frame
675.00 489.38 97.50 40.08 1.0000 per_frame
675.00 489.38 101.25 40.08 1.0000 per_frame
675.00 489.38 101.25 40.08 1.0000 per_frame
675.00 487.27 101.25 42.19 1.0000 per_frame
678.75 487.27 101.25 40.08 1.0000 per_frame
678.75 487.27 105.00 40.08 1.0000 per_frame
678.75 487.27 105.00 42.19 1.0000 per_frame
682.50 487.27 105.00 42.19 1.0000 per_frame
686.25 487.27 101.25 42.19 1.0000 per_frame
686.25 485.16 105.00 44.30 1.0000 per_frame
686.25 485.16 108.75 42.19 1.0000 per_frame
690.00 485.16 108.75 42.19 1.0000 per_frame
693.75 485.16 105.00 42.19 1.0000 per_frame
693.75 485.16 105.00 42.19 1.0000 per_frame
693.75 483.05 108.75 44.30 1.0000 per_frame
693.75 483.05 108.75 44.30 1.0000 per_frame
701.25 483.05 105.00 44.30 1.0000 per_frame
708.75 483.05 97.50 42.19 1.0000 per_frame
708.75 483.05 105.00 42.19 1.0000 per_frame
712.50 480.94 101.25 44.30 1.0000 per_frame
712.50 480.94 105.00 44.30 1.0000 per_frame
716.25 480.94 105.00 44.30 1.0000 per_frame
723.75 480.94 97.50 44.30 1.0000 per_frame
727.50 480.94 97.50 44.30 1.0000 per_frame
731.25 478.83 97.50 44.30 1.0000 per_frame
731.25 478.83 101.25 44.30 1.0000 per_frame
735.00 478.83 101.25 44.30 1.0000 per_frame
738.75 476.72 105.00 46.41 1.0000 per_frame
746.25 478.83 101.25 42.19 1.0000 per_frame
746.25 476.72 101.25 44.30 1.0000 per_frame
746.25 476.72 105.00 42.19 1.0000 per_frame
753.75 476.72 101.25 42.19 1.0000 per_frame
757.50 476.72 101.25 42.19 1.0000 per_frame
761.25 476.72 105.00 42.19 1.0000 per_frame
768.75 476.72 105.00 42.19 1.0000 per_frame
772.50 474.61 105.00 44.30 1.0000 per_frame
776.25 474.61 105.00 42.19 1.0000 per_frame
780.00 474.61 108.75 42.19 1.0000 per_frame
787.50 474.61 101.25 42.19 1.0000 per_frame
795.00 474.61 101.25 42.19 1.0000 per_frame
802.50 474.61 101.25 42.19 1.0000 per_frame
802.50 474.61 105.00 40.08 1.0000 per_frame
813.75 474.61 101.25 40.08 1.0000 per_frame
817.50 474.61 101.25 40.08 1.0000 per_frame
821.25 474.61 105.00 40.08 1.0000 per_frame
828.75 474.61 105.00 40.08 1.0000 per_frame
836.25 472.50 101.25 40.08 1.0000 per_frame
840.00 470.39 105.00 42.19 1.0000 per_frame
843.75 470.39 108.75 42.19 1.0000 per_frame
851.25 468.28 105.00 44.30 1.0000 per_frame
855.00 468.28 105.00 44.30 1.0000 per_frame
858.75 468.28 105.00 44.30 1.0000 per_frame
862.50 468.28 112.50 44.30 1.0000 per_frame
870.00 468.28 105.00 44.30 1.0000 per_frame
873.75 468.28 105.00 44.30 1.0000 per_frame
877.50 468.28 108.75 44.30 1.0000 per_frame
881.25 468.28 105.00 44.30 1.0000 per_frame
885.00 468.28 105.00 44.30 1.0000 per_frame
892.50 468.28 101.25 44.30 1.0000 per_frame
892.50 468.28 105.00 44.30 1.0000 per_frame
892.50 468.28 112.50 46.41 1.0000 per_frame
900.00 468.28 105.00 44.30 1.0000 per_frame
900.00 470.39 108.75 44.30 1.0000 per_frame
900.00 470.39 108.75 44.30 1.0000 per_frame
903.75 472.50 108.75 42.19 1.0000 per_frame
907.50 472.50 101.25 42.19 1.0000 per_frame
907.50 472.50 101.25 42.19 1.0000 per_frame
907.50 472.50 101.25 42.19 1.0000 per_frame
907.50 474.61 105.00 40.08 1.0000 per_frame
907.50 474.61 108.75 40.08 1.0000 per_frame
911.25 474.61 105.00 40.08 1.0000 per_frame
911.25 474.61 105.00 42.19 1.0000 per_frame
911.25 474.61 105.00 42.19 1.0000 per_frame
915.00 474.61 105.00 44.30 1.0000 per_frame
915.00 476.72 105.00 42.19 1.0000 per_frame
918.75 476.72 101.25 42.19 1.0000 per_frame
918.75 476.72 101.25 42.19 1.0000 per_frame
911.25 476.72 108.75 42.19 1.0000 per_frame
911.25 476.72 108.75 44.30 1.0000 per_frame
911.25 478.83 112.50 42.19 1.0000 per_frame
911.25 476.72 108.75 42.19 1.0000 per_frame
915.00 478.83 105.00 40.08 1.0000 per_frame
915.00 478.83 108.75 42.19 1.0000 per_frame
911.25 478.83 112.50 42.19 1.0000 per_frame
911.25 478.83 112.50 44.30 1.0000 per_frame
918.75 478.83 105.00 44.30 1.0000 per_frame
915.00 478.83 108.75 44.30 1.0000 per_frame
911.25 478.83 112.50 44.30 1.0000 per_frame
915.00 478.83 108.75 44.30 1.0000 per_frame
915.00 478.83 108.75 46.41 1.0000 per_frame
918.75 478.83 105.00 46.41 1.0000 per_frame
918.75 478.83 105.00 46.41 1.0000 per_frame
915.00 480.94 108.75 44.30 1.0000 per_frame
911.25 480.94 112.50 44.30 1.0000 per_frame
915.00 480.94 108.75 44.30 1.0000 per_frame
918.75 480.94 105.00 44.30 1.0000 per_frame
915.00 480.94 105.00 44.30 1.0000 per_frame
918.75 480.94 101.25 44.30 1.0000 per_frame
922.50 480.94 101.25 44.30 1.0000 per_frame
918.75 480.94 105.00 44.30 1.0000 per_frame
922.50 483.05 101.25 42.19 1.0000 per_frame
915.00 483.05 108.75 42.19 1.0000 per_frame
918.75 483.05 101.25 42.19 1.0000 per_frame
918.75 483.05 101.25 44.30 1.0000 per_frame
918.75 483.05 101.25 44.30 1.0000 per_frame
918.75 483.05 101.25 44.30 1.0000 per_frame
918.75 483.05 97.50 44.30 1.0000 per_frame
918.75 483.05 97.50 44.30 1.0000 per_frame
918.75 483.05 97.50 44.30 1.0000 per_frame
918.75 483.05 93.75 44.30 1.0000 per_frame
918.75 483.05 93.75 44.30 1.0000 per_frame
915.00 483.05 97.50 44.30 1.0000 per_frame
915.00 483.05 93.75 44.30 1.0000 per_frame
915.00 483.05 93.75 44.30 1.0000 per_frame
915.00 483.05 93.75 44.30 1.0000 per_frame
911.25 483.05 93.75 44.30 1.0000 per_frame
907.50 483.05 97.50 44.30 1.0000 per_frame
907.50 483.05 97.50 44.30 1.0000 per_frame
907.50 483.05 93.75 44.30 1.0000 per_frame
911.25 483.05 86.25 44.30 1.0000 per_frame
911.25 483.05 82.50 44.30 1.0000 per_frame
907.50 483.05 86.25 44.30 1.0000 per_frame
907.50 483.05 82.50 44.30 1.0000 per_frame
903.75 483.05 86.25 44.30 1.0000 per_frame
903.75 483.05 82.50 44.30 1.0000 per_frame
903.75 483.05 82.50 44.30 1.0000 per_frame
903.75 483.05 78.75 42.19 1.0000 per_frame
900.00 483.05 78.75 42.19 1.0000 per_frame
900.00 483.05 78.75 44.30 1.0000 per_frame
896.25 483.05 78.75 44.30 1.0000 per_frame
896.25 483.05 78.75 44.30 1.0000 per_frame
896.25 483.05 75.00 44.30 1.0000 per_frame
892.50 483.05 78.75 44.30 1.0000 per_frame
892.50 483.05 78.75 44.30 1.0000 per_frame
892.50 483.05 78.75 44.30 1.0000 per_frame
888.75 483.05 82.50 46.41 1.0000 per_frame
885.00 483.05 82.50 48.52 1.0000 per_frame
881.25 483.05 90.00 48.52 1.0000 per_frame
881.25 483.05 86.25 48.52 1.0000 per_frame
881.25 485.16 86.25 46.41 1.0000 per_frame
881.25 485.16 86.25 46.41 1.0000 per_frame
877.50 485.16 90.00 46.41 1.0000 per_frame
877.50 485.16 90.00 46.41 1.0000 per_frame
873.75 485.16 93.75 48.52 1.0000 per_frame
873.75 485.16 93.75 48.52 1.0000 per_frame
873.75 485.16 93.75 48.52 1.0000 per_frame
870.00 485.16 97.50 48.52 1.0000 per_frame
870.00 487.27 97.50 46.41 1.0000 per_frame
870.00 487.27 97.50 48.52 1.0000 per_frame
870.00 487.27 97.50 48.52 1.0000 per_frame
866.25 487.27 101.25 48.52 1.0000 per_frame
870.00 487.27 93.75 48.52 1.0000 per_frame
870.00 487.27 93.75 48.52 1.0000 per_frame
870.00 487.27 97.50 50.62 1.0000 per_frame
870.00 487.27 101.25 50.62 1.0000 per_frame
870.00 489.38 101.25 48.52 1.0000 per_frame
870.00 489.38 101.25 48.52 1.0000 per_frame
873.75 489.38 97.50 48.52 1.0000 per_frame
873.75 491.48 101.25 46.41 1.0000 per_frame
877.50 491.48 93.75 48.52 1.0000 per_frame
873.75 491.48 101.25 48.52 1.0000 per_frame
877.50 493.59 101.25 46.41 1.0000 per_frame
881.25 493.59 97.50 46.41 1.0000 per_frame
881.25 493.59 101.25 46.41 1.0000 per_frame
881.25 493.59 101.25 46.41 1.0000 per_frame
885.00 495.70 97.50 46.41 1.0000 per_frame
885.00 495.70 101.25 46.41 1.0000 per_frame
888.75 495.70 101.25 46.41 1.0000 per_frame
892.50 497.81 101.25 44.30 1.0000 per_frame
892.50 497.81 101.25 44.30 1.0000 per_frame
896.25 499.92 101.25 44.30 1.0000 per_frame
900.00 499.92 101.25 44.30 1.0000 per_frame
907.50 502.03 97.50 42.19 1.0000 per_frame
903.75 502.03 105.00 42.19 1.0000 per_frame
907.50 502.03 101.25 42.19 1.0000 per_frame
911.25 504.14 101.25 40.08 1.0000 per_frame
915.00 506.25 101.25 37.97 1.0000 per_frame
915.00 506.25 101.25 40.08 1.0000 per_frame
918.75 508.36 93.75 37.97 1.0000 per_frame
918.75 508.36 93.75 37.97 1.0000 per_frame
922.50 508.36 97.50 37.97 1.0000 per_frame
922.50 510.47 101.25 35.86 1.0000 per_frame
926.25 510.47 101.25 37.97 1.0000 per_frame
930.00 510.47 101.25 37.97 1.0000 per_frame
933.75 510.47 101.25 37.97 1.0000 per_frame
933.75 510.47 101.25 37.97 1.0000 per_frame
937.50 510.47 101.25 37.97 1.0000 per_frame
937.50 510.47 101.25 37.97 1.0000 per_frame
937.50 510.47 101.25 40.08 1.0000 per_frame
941.25 510.47 97.50 37.97 1.0000 per_frame
941.25 510.47 97.50 37.97 1.0000 per_frame
941.25 512.58 97.50 35.86 1.0000 per_frame
941.25 510.47 97.50 37.97 1.0000 per_frame
941.25 510.47 97.50 37.97 1.0000 per_frame
941.25 510.47 97.50 37.97 1.0000 per_frame
941.25 510.47 97.50 37.97 1.0000 per_frame
945.00 510.47 93.75 37.97 1.0000 per_frame
945.00 510.47 90.00 37.97 1.0000 per_frame
945.00 508.36 90.00 40.08 1.0000 per_frame
948.75 508.36 86.25 40.08 1.0000 per_frame
948.75 508.36 86.25 40.08 1.0000 per_frame
948.75 508.36 86.25 37.97 1.0000 per_frame
945.00 508.36 90.00 37.97 1.0000 per_frame
945.00 508.36 90.00 37.97 1.0000 per_frame
945.00 508.36 86.25 37.97 1.0000 per_frame
948.75 508.36 82.50 37.97 1.0000 per_frame
948.75 508.36 82.50 37.97 1.0000 per_frame
948.75 508.36 78.75 37.97 1.0000 per_frame
948.75 506.25 82.50 37.97 1.0000 per_frame
948.75 506.25 78.75 37.97 1.0000 per_frame
948.75 506.25 82.50 37.97 1.0000 per_frame
948.75 506.25 78.75 37.97 1.0000 per_frame
948.75 504.14 82.50 40.08 1.0000 per_frame
948.75 504.14 78.75 40.08 1.0000 per_frame
948.75 504.14 78.75 37.97 1.0000 per_frame
948.75 506.25 78.75 35.86 1.0000 per_frame
945.00 504.14 82.50 37.97 1.0000 per_frame
945.00 504.14 78.75 37.97 1.0000 per_frame
941.25 504.14 82.50 37.97 1.0000 per_frame
945.00 504.14 75.00 37.97 1.0000 per_frame
945.00 504.14 75.00 35.86 1.0000 per_frame
945.00 504.14 78.75 35.86 1.0000 per_frame
945.00 504.14 75.00 35.86 1.0000 per_frame
941.25 502.03 75.00 37.97 1.0000 per_frame
941.25 502.03 71.25 37.97 1.0000 per_frame
941.25 504.14 71.25 35.86 1.0000 per_frame
941.25 502.03 67.50 35.86 1.0000 per_frame
941.25 502.03 67.50 35.86 1.0000 per_frame
937.50 502.03 71.25 35.86 1.0000 per_frame
937.50 502.03 71.25 35.86 1.0000 per_frame
937.50 502.03 71.25 35.86 1.0000 per_frame
937.50 502.03 71.25 33.75 1.0000 per_frame
933.75 502.03 75.00 33.75 1.0000 per_frame
933.75 499.92 75.00 35.86 1.0000 per_frame
930.00 499.92 78.75 35.86 1.0000 per_frame
926.25 499.92 78.75 33.75 1.0000 per_frame
926.25 497.81 78.75 33.75 1.0000 per_frame
926.25 497.81 78.75 33.75 1.0000 per_frame
922.50 497.81 82.50 33.75 1.0000 per_frame
926.25 495.70 78.75 35.86 1.0000 per_frame
922.50 495.70 82.50 35.86 1.0000 per_frame
922.50 493.59 82.50 37.97 1.0000 per_frame
918.75 493.59 86.25 37.97 1.0000 per_frame
918.75 493.59 86.25 37.97 1.0000 per_frame
918.75 493.59 86.25 37.97 1.0000 per_frame
915.00 491.48 90.00 37.97 1.0000 per_frame
915.00 491.48 90.00 37.97 1.0000 per_frame
918.75 491.48 86.25 35.86 1.0000 per_frame
915.00 491.48 90.00 35.86 1.0000 per_frame
918.75 489.38 86.25 37.97 1.0000 per_frame
918.75 489.38 90.00 37.97 1.0000 per_frame
918.75 489.38 90.00 37.97 1.0000 per_frame
918.75 489.38 90.00 37.97 1.0000 per_frame
918.75 487.27 93.75 40.08 1.0000 per_frame
918.75 487.27 93.75 40.08 1.0000 per_frame
918.75 487.27 93.75 37.97 1.0000 per_frame
922.50 485.16 90.00 40.08 1.0000 per_frame
922.50 485.16 93.75 37.97 1.0000 per_frame
922.50 485.16 93.75 37.97 1.0000 per_frame
922.50 483.05 93.75 40.08 1.0000 per_frame
922.50 483.05 93.75 40.08 1.0000 per_frame
930.00 483.05 90.00 40.08 1.0000 per_frame
930.00 483.05 93.75 37.97 1.0000 per_frame
933.75 480.94 93.75 40.08 1.0000 per_frame
933.75 480.94 93.75 40.08 1.0000 per_frame
937.50 480.94 86.25 40.08 1.0000 per_frame
937.50 478.83 93.75 40.08 1.0000 per_frame
941.25 478.83 90.00 40.08 1.0000 per_frame
945.00 478.83 90.00 40.08 1.0000 per_frame
948.75 478.83 90.00 37.97 1.0000 per_frame
952.50 476.72 90.00 40.08 1.0000 per_frame
952.50 476.72 90.00 40.08 1.0000 per_frame
956.25 476.72 86.25 40.08 1.0000 per_frame
952.50 476.72 93.75 37.97 1.0000 per_frame
960.00 474.61 86.25 40.08 1.0000 per_frame
960.00 474.61 93.75 40.08 1.0000 per_frame
967.50 474.61 90.00 37.97 1.0000 per_frame
971.25 474.61 93.75 37.97 1.0000 per_frame
975.00 474.61 97.50 37.97 1.0000 per_frame
978.75 474.61 93.75 37.97 1.0000 per_frame
982.50 472.50 93.75 37.97 1.0000 per_frame
990.00 472.50 90.00 37.97 1.0000 per_frame
993.75 472.50 93.75 37.97 1.0000 per_frame
1001.25 472.50 97.50 37.97 1.0000 per_frame
1001.25 472.50 97.50 35.86 1.0000 per_frame
1008.75 470.39 93.75 37.97 1.0000 per_frame
1012.50 470.39 93.75 37.97 1.0000 per_frame
1020.00 470.39 93.75 37.97 1.0000 per_frame
1023.75 470.39 93.75 42.19 1.0000 per_frame
1031.25 470.39 93.75 44.30 1.0000 per_frame
1035.00 470.39 97.50 44.30 1.0000 per_frame
1042.50 470.39 93.75 40.08 1.0000 per_frame
1046.25 470.39 97.50 37.97 1.0000 per_frame
1053.75 470.39 97.50 40.08 1.0000 per_frame
1061.25 470.39 93.75 42.19 1.0000 per_frame
1065.00 470.39 93.75 42.19 1.0000 per_frame
1072.50 470.39 93.75 44.30 1.0000 per_frame
1076.25 472.50 97.50 40.08 1.0000 per_frame
1083.75 472.50 97.50 40.08 1.0000 per_frame
1087.50 470.39 97.50 37.97 1.0000 per_frame
1098.75 470.39 93.75 37.97 1.0000 per_frame
1102.50 470.39 93.75 37.97 1.0000 per_frame
1106.25 470.39 93.75 37.97 1.0000 per_frame
1110.00 470.39 93.75 37.97 1.0000 per_frame
1117.50 468.28 93.75 37.97 1.0000 per_frame
1121.25 466.17 93.75 40.08 1.0000 per_frame
1125.00 466.17 97.50 37.97 1.0000 per_frame
1132.50 459.84 93.75 42.19 1.0000 per_frame
1136.25 457.73 97.50 40.08 1.0000 per_frame
1136.25 453.52 101.25 42.19 1.0000 per_frame
1143.75 451.41 97.50 40.08 1.0000 per_frame
1147.50 447.19 93.75 40.08 1.0000 per_frame
1147.50 442.97 97.50 40.08 1.0000 per_frame
1151.25 436.64 97.50 42.19 1.0000 per_frame
1155.00 434.53 93.75 37.97 1.0000 per_frame
1155.00 428.20 97.50 42.19 1.0000 per_frame
1155.00 423.98 97.50 40.08 1.0000 per_frame
1158.75 419.77 93.75 40.08 1.0000 per_frame
1158.75 417.66 97.50 37.97 1.0000 per_frame
1162.50 415.55 93.75 37.97 1.0000 per_frame
1162.50 411.33 93.75 37.97 1.0000 per_frame
1166.25 409.22 93.75 37.97 1.0000 per_frame
1166.25 407.11 93.75 37.97 1.0000 per_frame
1170.00 405.00 93.75 37.97 1.0000 per_frame
1170.00 405.00 93.75 37.97 1.0000 per_frame
1170.00 402.89 97.50 37.97 1.0000 per_frame
1170.00 402.89 97.50 35.86 1.0000 per_frame
1170.00 400.78 97.50 37.97 1.0000 per_frame
1173.75 400.78 93.75 35.86 1.0000 per_frame
1173.75 400.78 93.75 35.86 1.0000 per_frame
1173.75 400.78 93.75 35.86 1.0000 per_frame
1173.75 400.78 93.75 35.86 1.0000 per_frame
1173.75 400.78 93.75 33.75 1.0000 per_frame
1173.75 400.78 93.75 33.75 1.0000 per_frame
1173.75 398.67 93.75 35.86 1.0000 per_frame
1173.75 398.67 93.75 35.86 1.0000 per_frame
1177.50 400.78 90.00 33.75 1.0000 per_frame
1177.50 400.78 90.00 33.75 1.0000 per_frame
1177.50 400.78 90.00 33.75 1.0000 per_frame
1173.75 400.78 93.75 33.75 1.0000 per_frame
1173.75 400.78 97.50 33.75 1.0000 per_frame
1177.50 400.78 93.75 33.75 1.0000 per_frame
1177.50 400.78 93.75 33.75 1.0000 per_frame
1177.50 398.67 93.75 35.86 1.0000 per_frame
1177.50 398.67 93.75 35.86 1.0000 per_frame
1181.25 398.67 90.00 37.97 1.0000 per_frame
1181.25 398.67 90.00 37.97 1.0000 per_frame
1181.25 398.67 90.00 37.97 1.0000 per_frame
1181.25 400.78 90.00 35.86 1.0000 per_frame
1181.25 400.78 93.75 35.86 1.0000 per_frame
1185.00 400.78 90.00 35.86 1.0000 per_frame
1185.00 400.78 90.00 35.86 1.0000 per_frame
1188.75 400.78 90.00 35.86 1.0000 per_frame
1192.50 400.78 86.25 35.86 1.0000 per_frame
1188.75 402.89 93.75 33.75 1.0000 per_frame
1192.50 400.78 90.00 35.86 1.0000 per_frame
1192.50 402.89 93.75 35.86 1.0000 per_frame
1196.25 402.89 90.00 35.86 1.0000 per_frame
1196.25 402.89 93.75 35.86 1.0000 per_frame
1196.25 402.89 97.50 35.86 1.0000 per_frame
1200.00 402.89 93.75 35.86 1.0000 per_frame
1203.75 402.89 93.75 35.86 1.0000 per_frame
1207.50 402.89 93.75 35.86 1.0000 per_frame
1211.25 405.00 93.75 33.75 1.0000 per_frame
1211.25 405.00 97.50 33.75 1.0000 per_frame
1215.00 405.00 93.75 33.75 1.0000 per_frame
1218.75 405.00 93.75 33.75 1.0000 per_frame
1222.50 405.00 93.75 33.75 1.0000 per_frame
1226.25 405.00 97.50 33.75 1.0000 per_frame
1230.00 402.89 93.75 35.86 1.0000 per_frame
1233.75 405.00 93.75 33.75 1.0000 per_frame
1237.50 402.89 90.00 35.86 1.0000 per_frame
1241.25 402.89 93.75 35.86 1.0000 per_frame
1241.25 400.78 97.50 37.97 1.0000 per_frame
1245.00 400.78 93.75 37.97 1.0000 per_frame
1245.00 400.78 97.50 37.97 1.0000 per_frame
1248.75 400.78 93.75 37.97 1.0000 per_frame
1248.75 400.78 97.50 37.97 1.0000 per_frame
1252.50 400.78 93.75 37.97 1.0000 per_frame
1256.25 400.78 93.75 37.97 1.0000 per_frame
1256.25 400.78 97.50 40.08 1.0000 per_frame
1260.00 402.89 93.75 37.97 1.0000 per_frame
1260.00 402.89 97.50 40.08 1.0000 per_frame
1263.75 402.89 93.75 40.08 1.0000 per_frame
1263.75 402.89 97.50 40.08 1.0000 per_frame
1263.75 405.00 97.50 40.08 1.0000 per_frame
1267.50 407.11 93.75 37.97 1.0000 per_frame
1267.50 407.11 93.75 40.08 1.0000 per_frame
1267.50 409.22 97.50 37.97 1.0000 per_frame
1271.25 411.33 93.75 37.97 1.0000 per_frame
1271.25 413.44 90.00 37.97 1.0000 per_frame
1271.25 415.55 93.75 37.97 1.0000 per_frame
1271.25 417.66 90.00 35.86 1.0000 per_frame
1271.25 417.66 93.75 37.97 1.0000 per_frame
1271.25 419.77 93.75 35.86 1.0000 per_frame
1271.25 421.88 93.75 35.86 1.0000 per_frame
1271.25 421.88 93.75 37.97 1.0000 per_frame
1271.25 423.98 93.75 37.97 1.0000 per_frame
1271.25 426.09 93.75 35.86 1.0000 per_frame
1271.25 426.09 93.75 37.97 1.0000 per_frame
1271.25 428.20 93.75 37.97 1.0000 per_frame
1271.25 430.31 93.75 37.97 1.0000 per_frame
1271.25 432.42 93.75 37.97 1.0000 per_frame
1271.25 434.53 93.75 37.97 1.0000 per_frame
1271.25 436.64 93.75 37.97 1.0000 per_frame
1271.25 438.75 93.75 35.86 1.0000 per_frame
1271.25 440.86 93.75 35.86 1.0000 per_frame
1271.25 442.97 93.75 35.86 1.0000 per_frame
1271.25 442.97 93.75 37.97 1.0000 per_frame
1267.50 445.08 93.75 37.97 1.0000 per_frame
1267.50 447.19 93.75 35.86 1.0000 per_frame
1271.25 449.30 90.00 35.86 1.0000 per_frame
1271.25 451.41 90.00 35.86 1.0000 per_frame
1267.50 453.52 93.75 35.86 1.0000 per_frame
1267.50 453.52 93.75 35.86 1.0000 per_frame
1267.50 457.73 90.00 33.75 1.0000 per_frame
1267.50 457.73 86.25 35.86 1.0000 per_frame
1263.75 459.84 93.75 35.86 1.0000 per_frame
1263.75 459.84 90.00 35.86 1.0000 per_frame
1263.75 461.95 86.25 35.86 1.0000 per_frame
1263.75 464.06 82.50 35.86 1.0000 per_frame
1263.75 464.06 82.50 37.97 1.0000 per_frame
1263.75 466.17 82.50 37.97 1.0000 per_frame
1263.75 468.28 82.50 37.97 1.0000 per_frame
1263.75 470.39 86.25 37.97 1.0000 per_frame
1263.75 472.50 82.50 35.86 1.0000 per_frame
1263.75 474.61 82.50 35.86 1.0000 per_frame
1260.00 476.72 90.00 33.75 1.0000 per_frame
1263.75 478.83 82.50 23.20 1.0000 per_frame
1263.75 480.94 75.00 27.42 1.0000 per_frame
1263.75 483.05 71.25 29.53 1.0000 per_frame
1271.25 485.16 75.00 25.31 1.0000 per_frame
1297.50 493.59 33.75 16.88 1.0000 per_frame
1563.75 683.44 37.50 14.77 1.0000 per_frame
1563.75 683.44 37.50 16.88 1.0000 per_frame
1563.75 683.44 37.50 16.88 1.0000 per_frame
1563.75 683.44 30.00 14.77 1.0000 per_frame
1563.75 681.33 37.50 18.98 1.0000 per_frame
1563.75 681.33 33.75 16.88 1.0000 per_frame
1560.00 677.11 41.25 23.20 1.0000 per_frame
1563.75 679.22 33.75 18.98 1.0000 per_frame
1563.75 683.44 30.00 14.77 1.0000 per_frame
-100 -100 -100 -100 0.0000 none
1563.75 683.44 30.00 8.44 1.0000 per_frame
1586.25 683.44 3.75 4.22 0.9922 per_frame
1563.75 677.11 33.75 18.98 1.0000 per_frame
1567.50 681.33 26.25 14.77 1.0000 per_frame
1571.25 683.44 22.50 10.55 1.0000 per_frame
1567.50 681.33 30.00 14.77 1.0000 per_frame
1560.00 677.11 41.25 21.09 1.0000 per_frame
1563.75 681.33 33.75 16.88 1.0000 per_frame
1563.75 681.33 33.75 16.88 1.0000 per_frame
1560.00 677.11 37.50 23.20 1.0000 per_frame
1560.00 677.11 41.25 25.31 1.0000 per_frame
1560.00 681.33 37.50 16.88 1.0000 per_frame
1271.25 542.11 41.25 14.77 1.0000 per_frame
1271.25 544.22 37.50 14.77 1.0000 per_frame
1263.75 544.22 67.50 23.20 1.0000 per_frame
1256.25 546.33 86.25 27.42 1.0000 per_frame
1260.00 548.44 75.00 21.09 1.0000 per_frame
1260.00 548.44 82.50 31.64 1.0000 per_frame
1260.00 552.66 52.50 23.20 1.0000 per_frame
1256.25 554.77 78.75 23.20 1.0000 per_frame
1256.25 558.98 86.25 25.31 1.0000 per_frame
1256.25 563.20 56.25 21.09 1.0000 per_frame
1256.25 565.31 97.50 27.42 1.0000 per_frame
1260.00 567.42 93.75 29.53 1.0000 per_frame
1260.00 569.53 90.00 31.64 1.0000 per_frame
1260.00 573.75 93.75 33.75 1.0000 per_frame
1260.00 575.86 93.75 31.64 1.0000 per_frame
1256.25 575.86 97.50 33.75 1.0000 per_frame
1260.00 577.97 93.75 35.86 1.0000 per_frame
1260.00 580.08 93.75 35.86 1.0000 per_frame
1263.75 582.19 90.00 35.86 1.0000 per_frame
1260.00 584.30 90.00 33.75 1.0000 per_frame
1256.25 584.30 97.50 35.86 1.0000 per_frame
1256.25 586.41 93.75 37.97 1.0000 per_frame
1256.25 588.52 93.75 37.97 1.0000 per_frame
1256.25 588.52 93.75 40.08 1.0000 per_frame
1256.25 588.52 93.75 40.08 1.0000 per_frame
1256.25 588.52 93.75 40.08 1.0000 per_frame
1256.25 590.62 93.75 40.08 1.0000 per_frame
1256.25 592.73 93.75 37.97 1.0000 per_frame
1256.25 592.73 93.75 40.08 1.0000 per_frame
1252.50 592.73 97.50 40.08 1.0000 per_frame
1256.25 592.73 93.75 40.08 1.0000 per_frame
1256.25 592.73 93.75 40.08 1.0000 per_frame
1256.25 592.73 97.50 40.08 1.0000 per_frame
1256.25 594.84 97.50 37.97 1.0000 per_frame
1256.25 594.84 97.50 37.97 1.0000 per_frame
1256.25 594.84 93.75 37.97 1.0000 per_frame
1256.25 594.84 93.75 40.08 1.0000 per_frame
1256.25 594.84 93.75 37.97 1.0000 per_frame
1256.25 596.95 93.75 37.97 1.0000 per_frame
1252.50 596.95 97.50 37.97 1.0000 per_frame
1256.25 596.95 93.75 37.97 1.0000 per_frame
1256.25 596.95 93.75 37.97 1.0000 per_frame
1256.25 596.95 93.75 37.97 1.0000 per_frame
1256.25 596.95 93.75 37.97 1.0000 per_frame
1248.75 596.95 97.50 37.97 1.0000 per_frame
1248.75 599.06 97.50 33.75 1.0000 per_frame
1252.50 599.06 93.75 33.75 1.0000 per_frame
1248.75 599.06 97.50 33.75 1.0000 per_frame
1248.75 599.06 97.50 33.75 1.0000 per_frame
1248.75 601.17 97.50 31.64 1.0000 per_frame
1248.75 601.17 97.50 31.64 1.0000 per_frame
1248.75 601.17 97.50 33.75 1.0000 per_frame
1248.75 601.17 97.50 33.75 1.0000 per_frame
1248.75 603.28 97.50 29.53 1.0000 per_frame
1248.75 603.28 97.50 29.53 1.0000 per_frame
1248.75 603.28 97.50 31.64 1.0000 per_frame
1248.75 605.39 97.50 31.64 1.0000 per_frame
1245.00 605.39 101.25 29.53 1.0000 per_frame
1245.00 605.39 101.25 29.53 1.0000 per_frame
1245.00 607.50 101.25 27.42 1.0000 per_frame
1245.00 607.50 101.25 27.42 1.0000 per_frame
1245.00 607.50 105.00 29.53 1.0000 per_frame
1245.00 607.50 105.00 31.64 1.0000 per_frame
1241.25 607.50 108.75 33.75 1.0000 per_frame
1241.25 609.61 108.75 29.53 1.0000 per_frame
1241.25 609.61 108.75 29.53 1.0000 per_frame
1241.25 609.61 108.75 31.64 1.0000 per_frame
1241.25 609.61 105.00 31.64 1.0000 per_frame
1241.25 609.61 108.75 31.64 1.0000 per_frame
1245.00 609.61 105.00 33.75 1.0000 per_frame
1245.00 609.61 108.75 33.75 1.0000 per_frame
1245.00 609.61 108.75 33.75 1.0000 per_frame
1245.00 611.72 108.75 31.64 1.0000 per_frame
1245.00 609.61 108.75 33.75 1.0000 per_frame
1256.25 611.72 97.50 25.31 1.0000 per_frame
1260.00 611.72 93.75 25.31 1.0000 per_frame
1256.25 611.72 97.50 31.64 1.0000 per_frame
1260.00 611.72 93.75 31.64 1.0000 per_frame
1256.25 611.72 97.50 33.75 1.0000 per_frame
1252.50 611.72 101.25 33.75 1.0000 per_frame
1252.50 611.72 97.50 33.75 1.0000 per_frame
1248.75 611.72 105.00 35.86 1.0000 per_frame
1248.75 611.72 105.00 35.86 1.0000 per_frame
1252.50 611.72 97.50 33.75 1.0000 per_frame
1252.50 611.72 97.50 33.75 1.0000 per_frame
1256.25 611.72 93.75 33.75 1.0000 per_frame
1256.25 611.72 97.50 33.75 1.0000 per_frame
1263.75 611.72 90.00 33.75 1.0000 per_frame
1263.75 613.83 90.00 33.75 1.0000 per_frame
1271.25 613.83 82.50 29.53 1.0000 per_frame
1271.25 613.83 86.25 31.64 1.0000 per_frame
1271.25 613.83 82.50 31.64 1.0000 per_frame
1271.25 613.83 82.50 31.64 1.0000 per_frame
1271.25 613.83 82.50 29.53 1.0000 per_frame
1271.25 613.83 82.50 29.53 1.0000 per_frame
1267.50 613.83 86.25 31.64 1.0000 per_frame
1256.25 613.83 97.50 31.64 1.0000 per_frame
1263.75 613.83 90.00 31.64 1.0000 per_frame
1271.25 611.72 82.50 31.64 1.0000 per_frame
1256.25 611.72 97.50 31.64 1.0000 per_frame
1267.50 611.72 86.25 29.53 1.0000 per_frame
1267.50 611.72 86.25 29.53 1.0000 per_frame
1267.50 611.72 86.25 31.64 1.0000 per_frame
1260.00 611.72 93.75 31.64 1.0000 per_frame
1260.00 611.72 93.75 31.64 1.0000 per_frame
1260.00 611.72 93.75 33.75 1.0000 per_frame
1260.00 611.72 93.75 33.75 1.0000 per_frame
1260.00 611.72 93.75 33.75 1.0000 per_frame
1267.50 611.72 86.25 31.64 1.0000 per_frame
1267.50 611.72 86.25 33.75 1.0000 per_frame
1267.50 611.72 86.25 35.86 1.0000 per_frame
1263.75 613.83 90.00 33.75 1.0000 per_frame
1267.50 613.83 82.50 31.64 1.0000 per_frame
1260.00 613.83 90.00 33.75 1.0000 per_frame
1263.75 613.83 86.25 33.75 1.0000 per_frame
1267.50 613.83 82.50 35.86 1.0000 per_frame
1267.50 613.83 82.50 35.86 1.0000 per_frame
1267.50 613.83 78.75 27.42 1.0000 per_frame
1271.25 613.83 71.25 27.42 1.0000 per_frame
1275.00 615.94 71.25 23.20 1.0000 per_frame
1278.75 615.94 67.50 21.09 1.0000 per_frame
1278.75 618.05 67.50 18.98 1.0000 per_frame
1271.25 618.05 75.00 23.20 1.0000 per_frame
1271.25 618.05 75.00 21.09 1.0000 per_frame
1267.50 618.05 60.00 14.77 1.0000 per_frame
1263.75 618.05 75.00 27.42 1.0000 per_frame
1248.75 620.16 93.75 31.64 1.0000 per_frame
1263.75 620.16 75.00 31.64 1.0000 per_frame
1252.50 620.16 93.75 35.86 1.0000 per_frame
1245.00 622.27 97.50 35.86 1.0000 per_frame
1241.25 622.27 101.25 37.97 1.0000 per_frame
1248.75 622.27 93.75 40.08 1.0000 per_frame
1256.25 624.38 86.25 37.97 1.0000 per_frame
1260.00 624.38 82.50 37.97 1.0000 per_frame
1241.25 626.48 101.25 33.75 1.0000 per_frame
1226.25 626.48 101.25 33.75 1.0000 per_frame
1241.25 626.48 97.50 35.86 1.0000 per_frame
1260.00 628.59 82.50 31.64 1.0000 per_frame
1263.75 628.59 78.75 37.97 1.0000 per_frame
1263.75 630.70 78.75 33.75 1.0000 per_frame
1260.00 630.70 78.75 33.75 1.0000 per_frame
1256.25 632.81 82.50 33.75 1.0000 per_frame
1263.75 632.81 75.00 31.64 1.0000 per_frame
1271.25 634.92 67.50 25.31 1.0000 per_frame
1271.25 634.92 67.50 27.42 1.0000 per_frame
1267.50 634.92 75.00 27.42 1.0000 per_frame
1256.25 634.92 82.50 29.53 1.0000 per_frame
1248.75 634.92 90.00 33.75 1.0000 per_frame
1263.75 637.03 71.25 29.53 1.0000 per_frame
1267.50 637.03 71.25 33.75 1.0000 per_frame
1267.50 637.03 75.00 35.86 1.0000 per_frame
1267.50 637.03 75.00 33.75 1.0000 per_frame
1267.50 639.14 75.00 31.64 1.0000 per_frame
1263.75 639.14 78.75 29.53 1.0000 per_frame
1260.00 639.14 86.25 29.53 1.0000 per_frame
1252.50 639.14 93.75 33.75 1.0000 per_frame
1256.25 639.14 93.75 29.53 1.0000 per_frame
1260.00 639.14 86.25 29.53 1.0000 per_frame
1260.00 639.14 82.50 29.53 1.0000 per_frame
1256.25 639.14 86.25 33.75 1.0000 per_frame
1252.50 639.14 90.00 35.86 1.0000 per_frame
1256.25 639.14 82.50 33.75 1.0000 per_frame
1256.25 639.14 86.25 31.64 1.0000 per_frame
1260.00 639.14 82.50 31.64 1.0000 per_frame
1252.50 639.14 90.00 33.75 1.0000 per_frame
1252.50 639.14 90.00 31.64 1.0000 per_frame
1256.25 639.14 86.25 29.53 1.0000 per_frame
1256.25 641.25 82.50 27.42 1.0000 per_frame
1252.50 641.25 82.50 27.42 1.0000 per_frame
1245.00 641.25 90.00 31.64 1.0000 per_frame
1245.00 641.25 93.75 31.64 1.0000 per_frame
1241.25 641.25 97.50 31.64 1.0000 per_frame
1245.00 641.25 86.25 33.75 1.0000 per_frame
1245.00 641.25 86.25 31.64 1.0000 per_frame
1245.00 641.25 82.50 31.64 1.0000 per_frame
1245.00 641.25 86.25 29.53 1.0000 per_frame
1248.75 643.36 86.25 27.42 1.0000 per_frame
1248.75 643.36 86.25 27.42 1.0000 per_frame
1248.75 643.36 90.00 29.53 1.0000 per_frame
1245.00 643.36 97.50 37.97 1.0000 per_frame
1245.00 643.36 97.50 37.97 1.0000 per_frame
1245.00 643.36 97.50 37.97 1.0000 per_frame
1245.00 643.36 97.50 40.08 1.0000 per_frame
1248.75 643.36 93.75 40.08 1.0000 per_frame
1248.75 643.36 93.75 40.08 1.0000 per_frame
1248.75 643.36 93.75 40.08 1.0000 per_frame
1248.75 643.36 93.75 33.75 1.0000 per_frame
1248.75 643.36 93.75 33.75 1.0000 per_frame
1248.75 643.36 90.00 37.97 1.0000 per_frame
1248.75 643.36 90.00 40.08 1.0000 per_frame
1248.75 645.47 90.00 37.97 1.0000 per_frame
1252.50 645.47 86.25 37.97 1.0000 per_frame
1252.50 645.47 86.25 40.08 1.0000 per_frame
1256.25 645.47 86.25 40.08 1.0000 per_frame
1256.25 645.47 86.25 40.08 1.0000 per_frame
1256.25 645.47 86.25 40.08 1.0000 per_frame
1256.25 645.47 86.25 42.19 1.0000 per_frame
1256.25 645.47 90.00 42.19 1.0000 per_frame
1256.25 645.47 90.00 40.08 1.0000 per_frame
1260.00 645.47 86.25 37.97 1.0000 per_frame
1260.00 647.58 90.00 33.75 1.0000 per_frame
1260.00 647.58 90.00 35.86 1.0000 per_frame
1260.00 647.58 90.00 35.86 1.0000 per_frame
1260.00 647.58 93.75 35.86 1.0000 per_frame
1256.25 647.58 97.50 37.97 1.0000 per_frame
1256.25 647.58 97.50 40.08 1.0000 per_frame
1260.00 649.69 97.50 37.97 1.0000 per_frame
1260.00 649.69 97.50 37.97 1.0000 per_frame
1267.50 649.69 90.00 37.97 1.0000 per_frame
1275.00 649.69 82.50 35.86 1.0000 per_frame
1267.50 649.69 93.75 35.86 1.0000 per_frame
1275.00 649.69 86.25 35.86 1.0000 per_frame
1275.00 649.69 86.25 33.75 1.0000 per_frame
1275.00 649.69 86.25 33.75 1.0000 per_frame
1278.75 649.69 82.50 33.75 1.0000 per_frame
1282.50 649.69 82.50 33.75 1.0000 per_frame
1282.50 649.69 82.50 37.97 1.0000 per_frame
1282.50 649.69 82.50 40.08 1.0000 per_frame
1290.00 649.69 75.00 40.08 1.0000 per_frame
1290.00 649.69 75.00 40.08 1.0000 per_frame
1293.75 649.69 75.00 40.08 1.0000 per_frame
1286.25 649.69 82.50 42.19 1.0000 per_frame
1282.50 649.69 86.25 42.19 1.0000 per_frame
1282.50 651.80 86.25 42.19 1.0000 per_frame
1282.50 651.80 86.25 42.19 1.0000 per_frame
1282.50 651.80 86.25 42.19 1.0000 per_frame
1282.50 651.80 86.25 42.19 1.0000 per_frame
1282.50 653.91 86.25 40.08 1.0000 per_frame
1286.25 653.91 82.50 42.19 1.0000 per_frame
1282.50 653.91 86.25 44.30 1.0000 per_frame
1290.00 653.91 82.50 44.30 1.0000 per_frame
1282.50 656.02 90.00 42.19 1.0000 per_frame
1293.75 656.02 78.75 40.08 1.0000 per_frame
1293.75 656.02 78.75 42.19 1.0000 per_frame
1293.75 658.12 78.75 40.08 1.0000 per_frame
1293.75 658.12 78.75 40.08 1.0000 per_frame
1282.50 658.12 90.00 40.08 1.0000 per_frame
1282.50 658.12 90.00 42.19 1.0000 per_frame
1278.75 658.12 93.75 42.19 1.0000 per_frame
1271.25 658.12 97.50 42.19 1.0000 per_frame
1271.25 658.12 97.50 42.19 1.0000 per_frame
1271.25 658.12 97.50 42.19 1.0000 per_frame
1271.25 660.23 97.50 40.08 1.0000 per_frame
1267.50 660.23 101.25 40.08 1.0000 per_frame
1267.50 660.23 101.25 42.19 1.0000 per_frame
1271.25 660.23 97.50 40.08 1.0000 per_frame
1271.25 660.23 97.50 42.19 1.0000 per_frame
1271.25 660.23 97.50 42.19 1.0000 per_frame
1271.25 660.23 97.50 42.19 1.0000 per_frame
1271.25 660.23 93.75 42.19 1.0000 per_frame
1263.75 660.23 101.25 42.19 1.0000 per_frame
1263.75 662.34 101.25 40.08 1.0000 per_frame
1263.75 662.34 97.50 40.08 1.0000 per_frame
1260.00 662.34 101.25 40.08 1.0000 per_frame
1256.25 662.34 105.00 40.08 1.0000 per_frame
1260.00 662.34 101.25 40.08 1.0000 per_frame
1263.75 664.45 97.50 37.97 1.0000 per_frame
1263.75 664.45 97.50 35.86 1.0000 per_frame
1267.50 664.45 93.75 37.97 1.0000 per_frame
1267.50 666.56 93.75 35.86 1.0000 per_frame
1267.50 666.56 93.75 35.86 1.0000 per_frame
1267.50 666.56 93.75 37.97 1.0000 per_frame
1267.50 666.56 93.75 37.97 1.0000 per_frame
1263.75 666.56 97.50 37.97 1.0000 per_frame
1263.75 666.56 97.50 37.97 1.0000 per_frame
1260.00 668.67 101.25 35.86 1.0000 per_frame
1263.75 668.67 101.25 37.97 1.0000 per_frame
1263.75 668.67 97.50 37.97 1.0000 per_frame
1263.75 668.67 97.50 40.08 1.0000 per_frame
1260.00 670.78 101.25 37.97 1.0000 per_frame
1256.25 668.67 105.00 42.19 1.0000 per_frame
1260.00 670.78 101.25 40.08 1.0000 per_frame
1260.00 670.78 101.25 40.08 1.0000 per_frame
1260.00 670.78 101.25 40.08 1.0000 per_frame
1263.75 670.78 97.50 42.19 1.0000 per_frame
1267.50 670.78 93.75 42.19 1.0000 per_frame
1267.50 670.78 93.75 42.19 1.0000 per_frame
1267.50 672.89 93.75 40.08 1.0000 per_frame
1267.50 672.89 93.75 40.08 1.0000 per_frame
1263.75 672.89 93.75 40.08 1.0000 per_frame
1260.00 672.89 93.75 40.08 1.0000 per_frame
1260.00 670.78 97.50 42.19 1.0000 per_frame
1256.25 672.89 97.50 40.08 1.0000 per_frame
1256.25 672.89 93.75 40.08 1.0000 per_frame
1248.75 672.89 101.25 40.08 1.0000 per_frame
1248.75 672.89 97.50 37.97 1.0000 per_frame
1252.50 672.89 93.75 42.19 1.0000 per_frame
1248.75 672.89 93.75 35.86 1.0000 per_frame
1245.00 672.89 90.00 42.19 1.0000 per_frame
1252.50 672.89 78.75 35.86 1.0000 per_frame
1586.25 683.44 3.75 4.22 0.9490 per_frame
-100 -100 -100 -100 0.0000 none
-100 -100 -100 -100 0.0000 none
1222.50 672.89 90.00 31.64 1.0000 per_frame
1203.75 687.66 48.75 23.20 1.0000 per_frame
1200.00 689.77 48.75 25.31 1.0000 per_frame
-100 -100 -100 -100 0.0000 none
1192.50 687.66 45.00 16.88 1.0000 per_frame
1192.50 683.44 48.75 18.98 1.0000 per_frame
1166.25 687.66 52.50 18.98 1.0000 per_frame
1155.00 687.66 67.50 27.42 1.0000 per_frame
1147.50 687.66 56.25 18.98 1.0000 per_frame
1140.00 687.66 71.25 33.75 1.0000 per_frame
1132.50 687.66 67.50 33.75 1.0000 per_frame
1121.25 689.77 56.25 21.09 1.0000 per_frame
1110.00 687.66 67.50 29.53 1.0000 per_frame
1102.50 685.55 82.50 31.64 1.0000 per_frame
1087.50 685.55 93.75 33.75 1.0000 per_frame
1076.25 685.55 86.25 37.97 1.0000 per_frame
1076.25 685.55 78.75 25.31 1.0000 per_frame
1053.75 687.66 97.50 37.97 1.0000 per_frame
1046.25 687.66 101.25 35.86 1.0000 per_frame
1038.75 685.55 86.25 37.97 1.0000 per_frame
1035.00 685.55 90.00 35.86 1.0000 per_frame
1027.50 685.55 90.00 37.97 1.0000 per_frame
1031.25 687.66 60.00 23.20 1.0000 per_frame
1027.50 689.77 56.25 21.09 1.0000 per_frame
1023.75 691.88 33.75 14.77 1.0000 per_frame
1023.75 691.88 30.00 14.77 1.0000 per_frame
1586.25 683.44 7.50 6.33 0.9961 per_frame
1020.00 693.98 33.75 14.77 1.0000 per_frame
-100 -100 -100 -100 0.0000 none
-100 -100 -100 -100 0.0000 none
1005.00 696.09 7.50 2.11 0.8627 per_frame
990.00 693.98 22.50 6.33 1.0000 per_frame
1586.25 683.44 7.50 6.33 0.9922 per_frame
1586.25 683.44 7.50 4.22 0.9804 per_frame
952.50 696.09 37.50 16.88 1.0000 per_frame
952.50 696.09 33.75 18.98 1.0000 per_frame
948.75 696.09 33.75 16.88 1.0000 per_frame
1582.50 683.44 11.25 6.33 1.0000 per_frame
1560.00 677.11 41.25 18.98 1.0000 per_frame
1560.00 677.11 37.50 16.88 1.0000 per_frame
1582.50 683.44 11.25 6.33 1.0000 per_frame
1582.50 683.44 11.25 6.33 1.0000 per_frame
1586.25 683.44 7.50 6.33 0.9961 per_frame
-100 -100 -100 -100 0.0000 none
802.50 677.11 3.75 4.22 0.9490 per_frame
-100 -100 -100 -100 0.0000 none
918.75 702.42 18.75 6.33 1.0000 per_frame
915.00 700.31 33.75 18.98 1.0000 per_frame
907.50 696.09 60.00 21.09 1.0000 per_frame
907.50 698.20 52.50 18.98 1.0000 per_frame
903.75 698.20 56.25 21.09 1.0000 per_frame
900.00 693.98 67.50 31.64 1.0000 per_frame
900.00 693.98 71.25 35.86 1.0000 per_frame
896.25 693.98 78.75 35.86 1.0000 per_frame
896.25 693.98 78.75 35.86 1.0000 per_frame
896.25 691.88 78.75 37.97 1.0000 per_frame
896.25 691.88 75.00 37.97 1.0000 per_frame
896.25 691.88 78.75 37.97 1.0000 per_frame
896.25 691.88 78.75 37.97 1.0000 per_frame
896.25 691.88 78.75 37.97 1.0000 per_frame
896.25 691.88 78.75 37.97 1.0000 per_frame
896.25 691.88 78.75 35.86 1.0000 per_frame
896.25 691.88 78.75 37.97 1.0000 per_frame
896.25 691.88 78.75 33.75 1.0000 per_frame
900.00 693.98 71.25 29.53 1.0000 per_frame
900.00 693.98 71.25 31.64 1.0000 per_frame
900.00 693.98 67.50 37.97 1.0000 per_frame
903.75 693.98 63.75 37.97 1.0000 per_frame
915.00 693.98 45.00 21.09 1.0000 per_frame
922.50 700.31 15.00 8.44 1.0000 per_frame
930.00 700.31 18.75 12.66 0.9922 per_frame
-100 -100 -100 -100 0.0000 none
945.00 704.53 22.50 14.77 1.0000 per_frame
941.25 704.53 30.00 18.98 1.0000 per_frame
1586.25 685.55 3.75 2.11 0.8275 per_frame
-100 -100 -100 -100 0.0000 none
-100 -100 -100 -100 0.0000 none
-100 -100 -100 -100 0.0000 none
-100 -100 -100 -100 0.0000 none
1582.50 683.44 11.25 6.33 1.0000 per_frame
1582.50 683.44 11.25 6.33 1.0000 per_frame
956.25 693.98 7.50 4.22 0.9333 per_frame
-100 -100 -100 -100 0.0000 none
-100 -100 -100 -100 0.0000 none
-100 -100 -100 -100 0.0000 none
-100 -100 -100 -100 0.0000 none
-100 -100 -100 -100 0.0000 none
-100 -100 -100 -100 0.0000 none
-100 -100 -100 -100 0.0000 none
-100 -100 -100 -100 0.0000 none
-100 -100 -100 -100 0.0000 none
-100 -100 -100 -100 0.0000 none
-100 -100 -100 -100 0.0000 none
-100 -100 -100 -100 0.0000 none
-100 -100 -100 -100 0.0000 none
-100 -100 -100 -100 0.0000 none
-100 -100 -100 -100 0.0000 none
-100 -100 -100 -100 0.0000 none
-100 -100 -100 -100 0.0000 none
-100 -100 -100 -100 0.0000 none
-100 -100 -100 -100 0.0000 none
-100 -100 -100 -100 0.0000 none
-100 -100 -100 -100 0.0000 none
-100 -100 -100 -100 0.0000 none
-100 -100 -100 -100 0.0000 none
967.50 689.77 18.75 6.33 1.0000 per_frame
963.75 687.66 26.25 10.55 1.0000 per_frame
956.25 683.44 37.50 16.88 1.0000 per_frame
960.00 687.66 30.00 12.66 1.0000 per_frame
-100 -100 -100 -100 0.0000 none
-100 -100 -100 -100 0.0000 none
978.75 691.88 7.50 2.11 0.9451 per_frame
-100 -100 -100 -100 0.0000 none
-100 -100 -100 -100 0.0000 none
-100 -100 -100 -100 0.0000 none
960.00 683.44 37.50 14.77 1.0000 per_frame
956.25 679.22 41.25 18.98 1.0000 per_frame
982.50 689.77 3.75 2.11 0.7412 per_frame
971.25 689.77 7.50 4.22 0.9765 per_frame
960.00 677.11 41.25 18.98 1.0000 per_frame
952.50 660.23 82.50 37.97 1.0000 per_frame
956.25 664.45 75.00 33.75 1.0000 per_frame
967.50 675.00 3.75 2.11 0.9294 per_frame
990.00 666.56 26.25 14.77 1.0000 per_frame
963.75 670.78 15.00 8.44 1.0000 per_frame
-100 -100 -100 -100 0.0000 none
982.50 672.89 7.50 2.11 0.9373 per_frame
-100 -100 -100 -100 0.0000 none
-100 -100 -100 -100 0.0000 none
-100 -100 -100 -100 0.0000 none
-100 -100 -100 -100 0.0000 none
986.25 670.78 30.00 6.33 1.0000 per_frame
990.00 668.67 30.00 8.44 1.0000 per_frame
997.50 666.56 37.50 12.66 1.0000 per_frame
986.25 666.56 45.00 12.66 1.0000 per_frame
-100 -100 -100 -100 0.0000 none
1005.00 666.56 26.25 12.66 1.0000 per_frame
1038.75 660.23 22.50 10.55 1.0000 per_frame
-100 -100 -100 -100 0.0000 none
-100 -100 -100 -100 0.0000 none
1042.50 656.02 33.75 12.66 1.0000 per_frame
1038.75 651.80 45.00 18.98 1.0000 per_frame
-100 -100 -100 -100 0.0000 none
1031.25 651.80 56.25 16.88 1.0000 per_frame
1016.25 649.69 82.50 29.53 1.0000 per_frame
1012.50 643.36 86.25 44.30 1.0000 per_frame
1020.00 647.58 78.75 33.75 1.0000 per_frame
1027.50 649.69 71.25 23.20 1.0000 per_frame
1031.25 647.58 75.00 25.31 1.0000 per_frame
1035.00 647.58 75.00 27.42 1.0000 per_frame
1038.75 645.47 71.25 33.75 1.0000 per_frame
1038.75 645.47 75.00 35.86 1.0000 per_frame
1038.75 647.58 71.25 29.53 1.0000 per_frame
1038.75 645.47 75.00 31.64 1.0000 per_frame
1038.75 645.47 75.00 29.53 1.0000 per_frame
1038.75 645.47 75.00 35.86 1.0000 per_frame
1050.00 645.47 67.50 27.42 1.0000 per_frame
1050.00 645.47 71.25 33.75 1.0000 per_frame
1053.75 645.47 71.25 25.31 1.0000 per_frame
1053.75 645.47 71.25 25.31 1.0000 per_frame
1057.50 645.47 63.75 23.20 1.0000 per_frame
1057.50 645.47 63.75 23.20 1.0000 per_frame
1072.50 651.80 18.75 10.55 1.0000 per_frame
1053.75 647.58 63.75 23.20 1.0000 per_frame
1053.75 647.58 71.25 27.42 1.0000 per_frame
1057.50 647.58 71.25 27.42 1.0000 per_frame
1057.50 647.58 75.00 25.31 1.0000 per_frame
1057.50 647.58 75.00 27.42 1.0000 per_frame
1061.25 647.58 67.50 27.42 1.0000 per_frame
1061.25 647.58 75.00 27.42 1.0000 per_frame
1057.50 647.58 78.75 27.42 1.0000 per_frame
1057.50 647.58 78.75 25.31 1.0000 per_frame
1061.25 647.58 75.00 23.20 1.0000 per_frame
1061.25 647.58 71.25 23.20 1.0000 per_frame
1061.25 647.58 75.00 25.31 1.0000 per_frame
1061.25 647.58 78.75 27.42 1.0000 per_frame
1061.25 647.58 78.75 29.53 1.0000 per_frame
1061.25 647.58 78.75 27.42 1.0000 per_frame
1065.00 649.69 75.00 21.09 1.0000 per_frame
1065.00 647.58 71.25 23.20 1.0000 per_frame
1061.25 649.69 60.00 21.09 1.0000 per_frame
1061.25 649.69 52.50 21.09 1.0000 per_frame
1061.25 649.69 48.75 21.09 1.0000 per_frame
1061.25 649.69 48.75 21.09 1.0000 per_frame
1061.25 649.69 52.50 23.20 1.0000 per_frame
1061.25 647.58 48.75 25.31 1.0000 per_frame
1061.25 647.58 75.00 27.42 1.0000 per_frame
1061.25 647.58 71.25 27.42 1.0000 per_frame
1061.25 647.58 71.25 25.31 1.0000 per_frame
1061.25 647.58 75.00 25.31 1.0000 per_frame
1061.25 647.58 78.75 25.31 1.0000 per_frame
1061.25 647.58 75.00 23.20 1.0000 per_frame
1065.00 647.58 71.25 21.09 1.0000 per_frame
1061.25 647.58 82.50 29.53 1.0000 per_frame
1061.25 647.58 82.50 29.53 1.0000 per_frame
1061.25 645.47 86.25 31.64 1.0000 per_frame
1061.25 647.58 90.00 33.75 1.0000 per_frame
1061.25 645.47 82.50 33.75 1.0000 per_frame
1061.25 645.47 86.25 35.86 1.0000 per_frame
1065.00 645.47 75.00 31.64 1.0000 per_frame
1065.00 645.47 75.00 31.64 1.0000 per_frame
1061.25 645.47 78.75 33.75 1.0000 per_frame
1061.25 645.47 82.50 33.75 1.0000 per_frame
1061.25 645.47 86.25 33.75 1.0000 per_frame
1061.25 645.47 93.75 33.75 1.0000 per_frame
1065.00 645.47 93.75 33.75 1.0000 per_frame
1065.00 643.36 93.75 35.86 1.0000 per_frame
1065.00 643.36 90.00 31.64 1.0000 per_frame
1068.75 643.36 82.50 31.64 1.0000 per_frame
1068.75 643.36 86.25 31.64 1.0000 per_frame
1065.00 641.25 90.00 31.64 1.0000 per_frame
1065.00 641.25 93.75 33.75 1.0000 per_frame
1065.00 641.25 93.75 33.75 1.0000 per_frame
1065.00 641.25 93.75 35.86 1.0000 per_frame
1065.00 641.25 97.50 35.86 1.0000 per_frame
1065.00 641.25 101.25 35.86 1.0000 per_frame
1065.00 641.25 101.25 35.86 1.0000 per_frame
1065.00 641.25 101.25 35.86 1.0000 per_frame
1065.00 641.25 101.25 35.86 1.0000 per_frame
1065.00 641.25 101.25 37.97 1.0000 per_frame
1065.00 641.25 101.25 37.97 1.0000 per_frame
1065.00 641.25 101.25 37.97 1.0000 per_frame
1065.00 639.14 101.25 35.86 1.0000 per_frame
1065.00 639.14 101.25 35.86 1.0000 per_frame
1065.00 639.14 101.25 37.97 1.0000 per_frame
1065.00 639.14 101.25 37.97 1.0000 per_frame
1065.00 639.14 101.25 37.97 1.0000 per_frame
1065.00 639.14 101.25 37.97 1.0000 per_frame
1065.00 639.14 101.25 37.97 1.0000 per_frame
1065.00 639.14 93.75 35.86 1.0000 per_frame
1065.00 639.14 93.75 37.97 1.0000 per_frame
1065.00 639.14 93.75 40.08 1.0000 per_frame
1065.00 639.14 93.75 40.08 1.0000 per_frame
1065.00 639.14 93.75 37.97 1.0000 per_frame
1065.00 639.14 93.75 37.97 1.0000 per_frame
1068.75 639.14 90.00 37.97 1.0000 per_frame
1068.75 637.03 93.75 40.08 1.0000 per_frame
1068.75 637.03 101.25 33.75 1.0000 per_frame
1072.50 634.92 105.00 37.97 1.0000 per_frame
1072.50 634.92 101.25 35.86 1.0000 per_frame
1072.50 632.81 97.50 33.75 1.0000 per_frame
1076.25 630.70 93.75 33.75 1.0000 per_frame
1076.25 628.59 90.00 37.97 1.0000 per_frame
1072.50 628.59 93.75 35.86 1.0000 per_frame
1080.00 624.38 86.25 35.86 1.0000 per_frame
1080.00 622.27 93.75 33.75 1.0000 per_frame
1080.00 620.16 90.00 35.86 1.0000 per_frame
1080.00 620.16 90.00 31.64 1.0000 per_frame
1080.00 618.05 90.00 33.75 1.0000 per_frame
1080.00 618.05 93.75 31.64 1.0000 per_frame
1083.75 615.94 86.25 33.75 1.0000 per_frame
1083.75 615.94 86.25 33.75 1.0000 per_frame
1080.00 613.83 90.00 35.86 1.0000 per_frame
1080.00 613.83 93.75 35.86 1.0000 per_frame
1080.00 613.83 93.75 35.86 1.0000 per_frame
1083.75 613.83 90.00 35.86 1.0000 per_frame
1080.00 613.83 90.00 35.86 1.0000 per_frame
1080.00 613.83 90.00 33.75 1.0000 per_frame
1083.75 613.83 82.50 33.75 1.0000 per_frame
1083.75 613.83 82.50 29.53 1.0000 per_frame
1083.75 613.83 82.50 29.53 1.0000 per_frame
1083.75 611.72 82.50 31.64 1.0000 per_frame
1083.75 613.83 82.50 29.53 1.0000 per_frame
1083.75 611.72 82.50 33.75 1.0000 per_frame
1083.75 611.72 82.50 33.75 1.0000 per_frame
1083.75 611.72 82.50 33.75 1.0000 per_frame
1083.75 611.72 82.50 33.75 1.0000 per_frame
1083.75 611.72 86.25 33.75 1.0000 per_frame
1083.75 611.72 90.00 33.75 1.0000 per_frame
1083.75 611.72 86.25 35.86 1.0000 per_frame
1083.75 613.83 86.25 31.64 1.0000 per_frame
1083.75 613.83 82.50 31.64 1.0000 per_frame
1083.75 613.83 86.25 33.75 1.0000 per_frame
1083.75 615.94 82.50 31.64 1.0000 per_frame
1083.75 615.94 86.25 31.64 1.0000 per_frame
1083.75 615.94 86.25 33.75 1.0000 per_frame
1080.00 618.05 93.75 33.75 1.0000 per_frame
1080.00 618.05 93.75 35.86 1.0000 per_frame
1080.00 618.05 90.00 35.86 1.0000 per_frame
1080.00 620.16 90.00 33.75 1.0000 per_frame
1080.00 620.16 90.00 35.86 1.0000 per_frame
1080.00 620.16 90.00 37.97 1.0000 per_frame
1080.00 620.16 90.00 37.97 1.0000 per_frame
1080.00 622.27 90.00 37.97 1.0000 per_frame
1080.00 622.27 90.00 35.86 1.0000 per_frame
1080.00 622.27 93.75 37.97 1.0000 per_frame
1080.00 622.27 93.75 37.97 1.0000 per_frame
1080.00 622.27 93.75 40.08 1.0000 per_frame
1080.00 622.27 93.75 40.08 1.0000 per_frame
1080.00 622.27 93.75 35.86 1.0000 per_frame
1080.00 622.27 93.75 35.86 1.0000 per_frame
1080.00 622.27 93.75 37.97 1.0000 per_frame
1080.00 622.27 93.75 37.97 1.0000 per_frame
1080.00 622.27 93.75 37.97 1.0000 per_frame
1080.00 622.27 93.75 37.97 1.0000 per_frame
1080.00 622.27 90.00 37.97 1.0000 per_frame
1080.00 622.27 90.00 37.97 1.0000 per_frame
1080.00 622.27 93.75 35.86 1.0000 per_frame
1080.00 624.38 93.75 33.75 1.0000 per_frame
1083.75 624.38 93.75 35.86 1.0000 per_frame
1083.75 622.27 97.50 37.97 1.0000 per_frame
1083.75 622.27 93.75 33.75 1.0000 per_frame
1087.50 622.27 90.00 31.64 1.0000 per_frame
1087.50 622.27 90.00 31.64 1.0000 per_frame
1083.75 620.16 93.75 33.75 1.0000 per_frame
1080.00 620.16 93.75 33.75 1.0000 per_frame
1080.00 620.16 93.75 33.75 1.0000 per_frame
1080.00 620.16 90.00 33.75 1.0000 per_frame
1080.00 620.16 90.00 31.64 1.0000 per_frame
1080.00 620.16 90.00 31.64 1.0000 per_frame
1076.25 620.16 90.00 33.75 1.0000 per_frame
1076.25 618.05 90.00 35.86 1.0000 per_frame
1076.25 618.05 90.00 33.75 1.0000 per_frame
1076.25 618.05 86.25 37.97 1.0000 per_frame
1072.50 618.05 90.00 37.97 1.0000 per_frame
1068.75 615.94 90.00 40.08 1.0000 per_frame
1068.75 615.94 90.00 37.97 1.0000 per_frame
1072.50 613.83 86.25 37.97 1.0000 per_frame
1076.25 613.83 82.50 33.75 1.0000 per_frame
1072.50 613.83 82.50 31.64 1.0000 per_frame
1068.75 613.83 82.50 33.75 1.0000 per_frame
1065.00 611.72 86.25 37.97 1.0000 per_frame
1065.00 611.72 82.50 35.86 1.0000 per_frame
1061.25 611.72 82.50 33.75 1.0000 per_frame
1057.50 609.61 86.25 29.53 1.0000 per_frame
1057.50 609.61 86.25 29.53 1.0000 per_frame
1053.75 609.61 86.25 29.53 1.0000 per_frame
1053.75 607.50 86.25 31.64 1.0000 per_frame
1050.00 603.28 86.25 33.75 1.0000 per_frame
1050.00 603.28 82.50 35.86 1.0000 per_frame
1046.25 601.17 82.50 35.86 1.0000 per_frame
1042.50 603.28 86.25 35.86 1.0000 per_frame
1038.75 605.39 78.75 31.64 1.0000 per_frame
1035.00 601.17 86.25 35.86 1.0000 per_frame
1035.00 601.17 78.75 33.75 1.0000 per_frame
1035.00 603.28 56.25 27.42 1.0000 per_frame
1042.50 605.39 11.25 6.33 0.9569 per_frame
1567.50 691.88 3.75 4.22 0.8000 per_frame
1563.75 689.77 15.00 8.44 0.9961 per_frame
1563.75 687.66 18.75 10.55 1.0000 per_frame
1563.75 683.44 30.00 14.77 1.0000 per_frame
1563.75 683.44 26.25 14.77 1.0000 per_frame
1582.50 683.44 11.25 6.33 0.9961 per_frame
1023.75 605.39 30.00 8.44 1.0000 per_frame
1008.75 601.17 48.75 18.98 1.0000 per_frame
1001.25 594.84 71.25 27.42 1.0000 per_frame
1001.25 596.95 48.75 21.09 1.0000 per_frame
1008.75 603.28 18.75 8.44 1.0000 per_frame
1008.75 599.06 60.00 21.09 1.0000 per_frame
1008.75 594.84 37.50 21.09 1.0000 per_frame
1012.50 601.17 11.25 10.55 1.0000 per_frame
1012.50 599.06 37.50 14.77 1.0000 per_frame
1008.75 594.84 52.50 27.42 1.0000 per_frame
1042.50 599.06 11.25 8.44 1.0000 per_frame
986.25 586.41 7.50 8.44 1.0000 per_frame
1008.75 599.06 41.25 18.98 1.0000 per_frame
1005.00 594.84 48.75 27.42 1.0000 per_frame
982.50 586.41 86.25 37.97 1.0000 per_frame
978.75 580.08 93.75 46.41 1.0000 per_frame
982.50 588.52 71.25 31.64 1.0000 per_frame
978.75 586.41 63.75 29.53 1.0000 per_frame
971.25 586.41 71.25 31.64 1.0000 per_frame
967.50 586.41 75.00 31.64 1.0000 per_frame
971.25 586.41 71.25 31.64 1.0000 per_frame
967.50 586.41 75.00 31.64 1.0000 per_frame
967.50 586.41 75.00 33.75 1.0000 per_frame
967.50 586.41 82.50 33.75 1.0000 per_frame
967.50 586.41 78.75 31.64 1.0000 per_frame
971.25 586.41 82.50 33.75 1.0000 per_frame
971.25 586.41 82.50 35.86 1.0000 per_frame
971.25 586.41 78.75 31.64 1.0000 per_frame
1005.00 599.06 37.50 18.98 1.0000 per_frame
1008.75 601.17 33.75 16.88 1.0000 per_frame
971.25 586.41 75.00 31.64 1.0000 per_frame
975.00 586.41 82.50 31.64 1.0000 per_frame
975.00 586.41 71.25 31.64 1.0000 per_frame
975.00 584.30 78.75 33.75 1.0000 per_frame
975.00 584.30 97.50 37.97 1.0000 per_frame
975.00 582.19 101.25 46.41 1.0000 per_frame
978.75 582.19 101.25 46.41 1.0000 per_frame
978.75 582.19 101.25 46.41 1.0000 per_frame
978.75 582.19 101.25 46.41 1.0000 per_frame
978.75 586.41 97.50 46.41 1.0000 per_frame
986.25 588.52 82.50 40.08 1.0000 per_frame
982.50 586.41 93.75 35.86 1.0000 per_frame
982.50 580.08 101.25 46.41 1.0000 per_frame
986.25 580.08 97.50 48.52 1.0000 per_frame
982.50 580.08 101.25 50.62 1.0000 per_frame
990.00 580.08 97.50 52.73 1.0000 per_frame
990.00 582.19 93.75 44.30 1.0000 per_frame
997.50 582.19 86.25 37.97 1.0000 per_frame
997.50 582.19 86.25 37.97 1.0000 per_frame
997.50 582.19 86.25 40.08 1.0000 per_frame
1001.25 582.19 82.50 42.19 1.0000 per_frame
1001.25 584.30 75.00 37.97 1.0000 per_frame
1005.00 584.30 75.00 40.08 1.0000 per_frame
1008.75 584.30 75.00 37.97 1.0000 per_frame
1038.75 584.30 45.00 29.53 1.0000 per_frame
1012.50 584.30 63.75 35.86 1.0000 per_frame
1016.25 588.52 56.25 35.86 1.0000 per_frame
1016.25 582.19 78.75 42.19 1.0000 per_frame
1016.25 582.19 78.75 44.30 1.0000 per_frame
1020.00 584.30 75.00 42.19 1.0000 per_frame
1012.50 584.30 78.75 44.30 1.0000 per_frame
1016.25 596.95 60.00 18.98 1.0000 per_frame
1023.75 590.62 56.25 37.97 1.0000 per_frame
1035.00 599.06 37.50 16.88 1.0000 per_frame
1016.25 590.62 60.00 25.31 1.0000 per_frame
1012.50 588.52 63.75 37.97 1.0000 per_frame
1012.50 586.41 67.50 42.19 1.0000 per_frame
1008.75 586.41 71.25 44.30 1.0000 per_frame
1012.50 588.52 75.00 42.19 1.0000 per_frame
1012.50 586.41 82.50 44.30 1.0000 per_frame
1012.50 590.62 67.50 40.08 1.0000 per_frame
1012.50 590.62 78.75 42.19 1.0000 per_frame
1035.00 586.41 63.75 46.41 1.0000 per_frame
1038.75 588.52 52.50 42.19 1.0000 per_frame
1038.75 592.73 41.25 37.97 1.0000 per_frame
1035.00 596.95 48.75 35.86 1.0000 per_frame
1031.25 592.73 52.50 42.19 1.0000 per_frame
1035.00 586.41 67.50 44.30 1.0000 per_frame
1035.00 586.41 71.25 46.41 1.0000 per_frame
1046.25 620.16 33.75 10.55 1.0000 per_frame
1046.25 603.28 33.75 27.42 1.0000 per_frame
1046.25 601.17 30.00 29.53 1.0000 per_frame
1053.75 622.27 11.25 4.22 0.9961 per_frame
-100 -100 -100 -100 0.0000 none
-100 -100 -100 -100 0.0000 none
-100 -100 -100 -100 0.0000 none
-100 -100 -100 -100 0.0000 none
-100 -100 -100 -100 0.0000 none
-100 -100 -100 -100 0.0000 none
1083.75 590.62 3.75 2.11 0.6039 per_frame
-100 -100 -100 -100 0.0000 none
-100 -100 -100 -100 0.0000 none
-100 -100 -100 -100 0.0000 none
1080.00 588.52 7.50 4.22 0.8078 per_frame
-100 -100 -100 -100 0.0000 none
-100 -100 -100 -100 0.0000 none
-100 -100 -100 -100 0.0000 none
-100 -100 -100 -100 0.0000 none
-100 -100 -100 -100 0.0000 none
1076.25 586.41 22.50 8.44 1.0000 per_frame
1053.75 582.19 48.75 16.88 1.0000 per_frame
1053.75 582.19 52.50 18.98 1.0000 per_frame
1072.50 584.30 26.25 10.55 1.0000 per_frame
1076.25 584.30 15.00 8.44 1.0000 per_frame
-100 -100 -100 -100 0.0000 none
1563.75 681.33 30.00 16.88 1.0000 per_frame
1563.75 683.44 30.00 14.77 1.0000 per_frame
-100 -100 -100 -100 0.0000 none
-100 -100 -100 -100 0.0000 none
1057.50 582.19 41.25 16.88 1.0000 per_frame
1087.50 590.62 3.75 2.11 0.8275 per_frame
1008.75 601.17 3.75 2.11 0.6667 per_frame
1080.00 586.41 18.75 8.44 1.0000 per_frame
1563.75 683.44 30.00 12.66 1.0000 per_frame
1050.00 580.08 52.50 16.88 1.0000 per_frame
-100 -100 -100 -100 0.0000 none
1087.50 584.30 11.25 6.33 1.0000 per_frame
1563.75 681.33 37.50 16.88 1.0000 per_frame
1563.75 683.44 30.00 14.77 1.0000 per_frame
1563.75 677.11 37.50 23.20 1.0000 per_frame
1563.75 679.22 37.50 18.98 1.0000 per_frame
1563.75 683.44 30.00 12.66 1.0000 per_frame
1563.75 681.33 37.50 16.88 1.0000 per_frame
1563.75 681.33 37.50 16.88 1.0000 per_frame
952.50 594.84 75.00 25.31 1.0000 per_frame
1563.75 681.33 33.75 16.88 1.0000 per_frame
948.75 594.84 67.50 21.09 1.0000 per_frame
1586.25 685.55 7.50 4.22 0.9804 per_frame
997.50 622.27 3.75 2.11 0.6471 per_frame
1582.50 683.44 11.25 6.33 1.0000 per_frame
956.25 601.17 30.00 12.66 1.0000 per_frame
933.75 592.73 60.00 23.20 1.0000 per_frame
926.25 592.73 67.50 33.75 1.0000 per_frame
918.75 588.52 97.50 37.97 1.0000 per_frame
915.00 586.41 108.75 40.08 1.0000 per_frame
911.25 586.41 105.00 37.97 1.0000 per_frame
907.50 586.41 108.75 37.97 1.0000 per_frame
900.00 588.52 108.75 29.53 1.0000 per_frame
892.50 588.52 116.25 35.86 1.0000 per_frame
885.00 588.52 112.50 37.97 1.0000 per_frame
881.25 588.52 105.00 37.97 1.0000 per_frame
881.25 588.52 108.75 40.08 1.0000 per_frame
877.50 588.52 105.00 40.08 1.0000 per_frame
873.75 590.62 108.75 37.97 1.0000 per_frame
866.25 590.62 105.00 37.97 1.0000 per_frame
862.50 590.62 105.00 40.08 1.0000 per_frame
858.75 592.73 105.00 37.97 1.0000 per_frame
855.00 590.62 105.00 40.08 1.0000 per_frame
851.25 590.62 105.00 40.08 1.0000 per_frame
847.50 590.62 101.25 40.08 1.0000 per_frame
843.75 590.62 101.25 40.08 1.0000 per_frame
840.00 590.62 97.50 40.08 1.0000 per_frame
836.25 590.62 93.75 40.08 1.0000 per_frame
840.00 590.62 86.25 40.08 1.0000 per_frame
832.50 592.73 93.75 37.97 1.0000 per_frame
832.50 590.62 86.25 40.08 1.0000 per_frame
828.75 592.73 90.00 37.97 1.0000 per_frame
825.00 592.73 93.75 37.97 1.0000 per_frame
821.25 590.62 97.50 40.08 1.0000 per_frame
821.25 590.62 101.25 40.08 1.0000 per_frame
817.50 590.62 101.25 40.08 1.0000 per_frame
817.50 590.62 101.25 40.08 1.0000 per_frame
813.75 592.73 105.00 37.97 1.0000 per_frame
806.25 590.62 108.75 40.08 1.0000 per_frame
802.50 590.62 108.75 40.08 1.0000 per_frame
798.75 592.73 108.75 37.97 1.0000 per_frame
798.75 592.73 108.75 37.97 1.0000 per_frame
798.75 592.73 112.50 37.97 1.0000 per_frame
798.75 592.73 112.50 37.97 1.0000 per_frame
798.75 592.73 112.50 37.97 1.0000 per_frame
798.75 592.73 108.75 37.97 1.0000 per_frame
795.00 590.62 108.75 40.08 1.0000 per_frame
798.75 590.62 105.00 40.08 1.0000 per_frame
795.00 590.62 105.00 40.08 1.0000 per_frame
795.00 590.62 108.75 40.08 1.0000 per_frame
795.00 590.62 105.00 37.97 1.0000 per_frame
791.25 590.62 112.50 37.97 1.0000 per_frame
795.00 590.62 108.75 37.97 1.0000 per_frame
791.25 590.62 112.50 37.97 1.0000 per_frame
795.00 590.62 105.00 37.97 1.0000 per_frame
791.25 590.62 112.50 37.97 1.0000 per_frame
791.25 590.62 108.75 37.97 1.0000 per_frame
791.25 590.62 108.75 37.97 1.0000 per_frame
791.25 590.62 108.75 37.97 1.0000 per_frame
791.25 590.62 108.75 37.97 1.0000 per_frame
791.25 590.62 108.75 37.97 1.0000 per_frame
791.25 590.62 108.75 37.97 1.0000 per_frame
791.25 590.62 108.75 37.97 1.0000 per_frame
791.25 590.62 108.75 37.97 1.0000 per_frame
791.25 590.62 108.75 37.97 1.0000 per_frame
791.25 590.62 108.75 37.97 1.0000 per_frame
791.25 590.62 108.75 37.97 1.0000 per_frame
791.25 590.62 105.00 37.97 1.0000 per_frame
791.25 588.52 105.00 40.08 1.0000 per_frame
791.25 590.62 105.00 37.97 1.0000 per_frame
787.50 588.52 108.75 40.08 1.0000 per_frame
787.50 590.62 108.75 37.97 1.0000 per_frame
787.50 588.52 108.75 40.08 1.0000 per_frame
787.50 590.62 108.75 37.97 1.0000 per_frame
787.50 590.62 108.75 37.97 1.0000 per_frame
787.50 590.62 108.75 37.97 1.0000 per_frame
791.25 590.62 105.00 37.97 1.0000 per_frame
787.50 590.62 108.75 37.97 1.0000 per_frame
787.50 590.62 108.75 37.97 1.0000 per_frame
787.50 590.62 108.75 37.97 1.0000 per_frame
787.50 590.62 108.75 37.97 1.0000 per_frame
787.50 590.62 108.75 37.97 1.0000 per_frame
787.50 590.62 105.00 37.97 1.0000 per_frame
787.50 590.62 105.00 37.97 1.0000 per_frame
787.50 590.62 105.00 37.97 1.0000 per_frame
787.50 590.62 105.00 37.97 1.0000 per_frame
787.50 590.62 105.00 37.97 1.0000 per_frame
787.50 590.62 105.00 40.08 1.0000 per_frame
787.50 590.62 105.00 40.08 1.0000 per_frame
787.50 590.62 105.00 40.08 1.0000 per_frame
787.50 590.62 105.00 40.08 1.0000 per_frame
787.50 590.62 105.00 40.08 1.0000 per_frame
787.50 590.62 105.00 40.08 1.0000 per_frame
787.50 590.62 105.00 40.08 1.0000 per_frame
787.50 590.62 105.00 40.08 1.0000 per_frame
787.50 590.62 105.00 40.08 1.0000 per_frame
783.75 590.62 108.75 40.08 1.0000 per_frame
783.75 590.62 108.75 37.97 1.0000 per_frame
783.75 590.62 108.75 37.97 1.0000 per_frame
780.00 590.62 112.50 40.08 1.0000 per_frame
780.00 590.62 108.75 37.97 1.0000 per_frame
783.75 590.62 105.00 37.97 1.0000 per_frame
780.00 590.62 112.50 37.97 1.0000 per_frame
780.00 590.62 108.75 37.97 1.0000 per_frame
780.00 590.62 108.75 37.97 1.0000 per_frame
783.75 590.62 105.00 37.97 1.0000 per_frame
780.00 590.62 108.75 37.97 1.0000 per_frame
783.75 590.62 105.00 37.97 1.0000 per_frame
780.00 590.62 108.75 37.97 1.0000 per_frame
780.00 590.62 108.75 37.97 1.0000 per_frame
780.00 590.62 108.75 37.97 1.0000 per_frame
780.00 590.62 108.75 37.97 1.0000 per_frame
776.25 590.62 112.50 37.97 1.0000 per_frame
776.25 590.62 108.75 37.97 1.0000 per_frame
776.25 590.62 108.75 37.97 1.0000 per_frame
776.25 590.62 108.75 37.97 1.0000 per_frame
780.00 590.62 105.00 37.97 1.0000 per_frame
776.25 590.62 108.75 37.97 1.0000 per_frame
776.25 590.62 112.50 37.97 1.0000 per_frame
780.00 590.62 105.00 37.97 1.0000 per_frame
780.00 590.62 105.00 37.97 1.0000 per_frame
780.00 590.62 108.75 37.97 1.0000 per_frame
780.00 590.62 108.75 37.97 1.0000 per_frame
776.25 590.62 108.75 37.97 1.0000 per_frame
776.25 590.62 108.75 37.97 1.0000 per_frame
776.25 590.62 108.75 37.97 1.0000 per_frame
776.25 590.62 108.75 37.97 1.0000 per_frame
776.25 590.62 108.75 37.97 1.0000 per_frame
776.25 590.62 108.75 37.97 1.0000 per_frame
776.25 590.62 108.75 37.97 1.0000 per_frame
776.25 590.62 108.75 37.97 1.0000 per_frame
776.25 590.62 108.75 37.97 1.0000 per_frame
776.25 590.62 108.75 37.97 1.0000 per_frame
776.25 590.62 108.75 37.97 1.0000 per_frame
776.25 590.62 108.75 37.97 1.0000 per_frame
776.25 590.62 108.75 37.97 1.0000 per_frame
776.25 590.62 108.75 37.97 1.0000 per_frame
776.25 590.62 108.75 37.97 1.0000 per_frame
776.25 590.62 108.75 37.97 1.0000 per_frame
776.25 590.62 108.75 37.97 1.0000 per_frame
776.25 590.62 108.75 40.08 1.0000 per_frame
776.25 590.62 108.75 40.08 1.0000 per_frame
772.50 590.62 112.50 40.08 1.0000 per_frame
772.50 590.62 112.50 40.08 1.0000 per_frame
772.50 590.62 112.50 40.08 1.0000 per_frame
776.25 590.62 108.75 40.08 1.0000 per_frame
776.25 590.62 108.75 40.08 1.0000 per_frame
772.50 590.62 112.50 40.08 1.0000 per_frame
772.50 590.62 112.50 40.08 1.0000 per_frame
772.50 590.62 112.50 37.97 1.0000 per_frame
772.50 590.62 112.50 37.97 1.0000 per_frame
776.25 590.62 108.75 37.97 1.0000 per_frame
776.25 590.62 108.75 37.97 1.0000 per_frame
776.25 590.62 108.75 37.97 1.0000 per_frame
776.25 590.62 108.75 37.97 1.0000 per_frame
772.50 590.62 112.50 40.08 1.0000 per_frame
776.25 590.62 108.75 40.08 1.0000 per_frame
776.25 590.62 108.75 40.08 1.0000 per_frame
776.25 590.62 108.75 40.08 1.0000 per_frame
776.25 590.62 108.75 40.08 1.0000 per_frame
776.25 590.62 108.75 40.08 1.0000 per_frame
776.25 590.62 108.75 40.08 1.0000 per_frame
776.25 590.62 105.00 40.08 1.0000 per_frame
776.25 590.62 105.00 40.08 1.0000 per_frame
776.25 590.62 105.00 37.97 1.0000 per_frame
776.25 590.62 105.00 37.97 1.0000 per_frame
776.25 590.62 105.00 37.97 1.0000 per_frame
776.25 590.62 105.00 37.97 1.0000 per_frame
776.25 590.62 101.25 37.97 1.0000 per_frame
776.25 590.62 101.25 37.97 1.0000 per_frame
776.25 590.62 101.25 37.97 1.0000 per_frame
776.25 590.62 101.25 37.97 1.0000 per_frame
776.25 590.62 101.25 37.97 1.0000 per_frame
776.25 590.62 101.25 37.97 1.0000 per_frame
776.25 590.62 101.25 37.97 1.0000 per_frame
776.25 592.73 101.25 35.86 1.0000 per_frame
776.25 592.73 101.25 35.86 1.0000 per_frame
776.25 592.73 101.25 35.86 1.0000 per_frame
776.25 592.73 101.25 35.86 1.0000 per_frame
776.25 592.73 101.25 35.86 1.0000 per_frame
776.25 592.73 101.25 35.86 1.0000 per_frame
776.25 590.62 101.25 37.97 1.0000 per_frame
776.25 590.62 101.25 40.08 1.0000 per_frame
776.25 592.73 101.25 37.97 1.0000 per_frame
776.25 592.73 101.25 37.97 1.0000 per_frame
776.25 592.73 105.00 37.97 1.0000 per_frame
776.25 592.73 105.00 37.97 1.0000 per_frame
776.25 590.62 105.00 40.08 1.0000 per_frame
776.25 590.62 105.00 40.08 1.0000 per_frame
776.25 592.73 105.00 40.08 1.0000 per_frame
776.25 592.73 105.00 40.08 1.0000 per_frame
776.25 592.73 105.00 40.08 1.0000 per_frame
776.25 592.73 105.00 40.08 1.0000 per_frame
776.25 592.73 105.00 40.08 1.0000 per_frame
776.25 592.73 105.00 40.08 1.0000 per_frame
776.25 592.73 105.00 40.08 1.0000 per_frame
772.50 592.73 112.50 40.08 1.0000 per_frame
772.50 592.73 112.50 40.08 1.0000 per_frame
772.50 592.73 112.50 40.08 1.0000 per_frame
772.50 592.73 112.50 40.08 1.0000 per_frame
772.50 592.73 112.50 42.19 1.0000 per_frame
772.50 592.73 112.50 42.19 1.0000 per_frame
772.50 592.73 112.50 42.19 1.0000 per_frame
772.50 592.73 112.50 42.19 1.0000 per_frame
772.50 592.73 112.50 42.19 1.0000 per_frame
768.75 592.73 120.00 42.19 1.0000 per_frame
768.75 592.73 120.00 42.19 1.0000 per_frame
768.75 592.73 120.00 44.30 1.0000 per_frame
768.75 592.73 120.00 44.30 1.0000 per_frame
768.75 592.73 116.25 44.30 1.0000 per_frame
768.75 592.73 116.25 44.30 1.0000 per_frame
768.75 592.73 116.25 44.30 1.0000 per_frame
768.75 592.73 116.25 44.30 1.0000 per_frame
768.75 592.73 116.25 44.30 1.0000 per_frame
768.75 592.73 116.25 44.30 1.0000 per_frame
768.75 592.73 116.25 44.30 1.0000 per_frame
768.75 592.73 116.25 44.30 1.0000 per_frame
768.75 592.73 116.25 44.30 1.0000 per_frame
768.75 592.73 116.25 44.30 1.0000 per_frame
768.75 592.73 116.25 44.30 1.0000 per_frame
768.75 592.73 116.25 44.30 1.0000 per_frame
765.00 592.73 120.00 44.30 1.0000 per_frame
765.00 592.73 120.00 44.30 1.0000 per_frame
768.75 592.73 116.25 44.30 1.0000 per_frame
765.00 592.73 120.00 44.30 1.0000 per_frame
765.00 592.73 120.00 44.30 1.0000 per_frame
765.00 592.73 120.00 44.30 1.0000 per_frame
765.00 592.73 120.00 44.30 1.0000 per_frame
765.00 592.73 120.00 44.30 1.0000 per_frame
765.00 592.73 116.25 44.30 1.0000 per_frame
765.00 592.73 120.00 44.30 1.0000 per_frame
765.00 592.73 120.00 44.30 1.0000 per_frame
765.00 592.73 120.00 44.30 1.0000 per_frame
765.00 592.73 120.00 44.30 1.0000 per_frame
765.00 592.73 120.00 44.30 1.0000 per_frame
765.00 592.73 120.00 44.30 1.0000 per_frame
765.00 592.73 123.75 44.30 1.0000 per_frame
765.00 592.73 120.00 44.30 1.0000 per_frame
765.00 590.62 120.00 46.41 1.0000 per_frame
765.00 590.62 120.00 46.41 1.0000 per_frame
765.00 590.62 120.00 46.41 1.0000 per_frame
765.00 588.52 120.00 48.52 1.0000 per_frame
768.75 588.52 116.25 48.52 1.0000 per_frame
768.75 588.52 116.25 50.62 1.0000 per_frame
768.75 586.41 120.00 50.62 1.0000 per_frame
768.75 586.41 120.00 52.73 1.0000 per_frame
772.50 586.41 116.25 52.73 1.0000 per_frame
772.50 586.41 120.00 52.73 1.0000 per_frame
776.25 586.41 116.25 54.84 1.0000 per_frame
776.25 586.41 120.00 54.84 1.0000 per_frame
780.00 586.41 116.25 54.84 1.0000 per_frame
783.75 586.41 116.25 54.84 1.0000 per_frame
787.50 586.41 116.25 54.84 1.0000 per_frame
791.25 586.41 112.50 54.84 1.0000 per_frame
791.25 586.41 116.25 54.84 1.0000 per_frame
795.00 588.52 116.25 52.73 1.0000 per_frame
798.75 588.52 116.25 52.73 1.0000 per_frame
802.50 588.52 112.50 52.73 1.0000 per_frame
813.75 590.62 105.00 50.62 1.0000 per_frame
817.50 592.73 105.00 50.62 1.0000 per_frame
821.25 592.73 101.25 48.52 1.0000 per_frame
825.00 592.73 105.00 46.41 1.0000 per_frame
832.50 594.84 101.25 48.52 1.0000 per_frame
840.00 594.84 108.75 44.30 1.0000 per_frame
847.50 596.95 112.50 44.30 1.0000 per_frame
847.50 596.95 116.25 44.30 1.0000 per_frame
855.00 599.06 101.25 42.19 1.0000 per_frame
858.75 601.17 97.50 40.08 1.0000 per_frame
862.50 603.28 86.25 33.75 1.0000 per_frame
873.75 603.28 56.25 18.98 1.0000 per_frame
877.50 605.39 45.00 14.77 1.0000 per_frame
885.00 605.39 37.50 14.77 1.0000 per_frame
888.75 607.50 45.00 14.77 1.0000 per_frame
896.25 607.50 52.50 18.98 1.0000 per_frame
903.75 607.50 41.25 14.77 1.0000 per_frame
915.00 615.94 3.75 2.11 0.9529 per_frame
911.25 613.83 18.75 6.33 1.0000 per_frame
918.75 615.94 7.50 4.22 0.9529 per_frame
-100 -100 -100 -100 0.0000 none
918.75 611.72 37.50 8.44 1.0000 per_frame
922.50 609.61 52.50 14.77 1.0000 per_frame
922.50 611.72 30.00 8.44 1.0000 per_frame
930.00 613.83 11.25 4.22 0.9765 per_frame
933.75 611.72 15.00 6.33 1.0000 per_frame
-100 -100 -100 -100 0.0000 none
-100 -100 -100 -100 0.0000 none
-100 -100 -100 -100 0.0000 none
-100 -100 -100 -100 0.0000 none
-100 -100 -100 -100 0.0000 none
-100 -100 -100 -100 0.0000 none
-100 -100 -100 -100 0.0000 none
-100 -100 -100 -100 0.0000 none
-100 -100 -100 -100 0.0000 none
-100 -100 -100 -100 0.0000 none
-100 -100 -100 -100 0.0000 none
-100 -100 -100 -100 0.0000 none
-100 -100 -100 -100 0.0000 none
825.00 685.55 7.50 4.22 0.7451 per_frame
825.00 683.44 7.50 6.33 0.8118 per_frame
825.00 685.55 7.50 4.22 0.7294 per_frame
825.00 685.55 7.50 4.22 0.8353 per_frame
-100 -100 -100 -100 0.0000 none
-100 -100 -100 -100 0.0000 none
-100 -100 -100 -100 0.0000 none
-100 -100 -100 -100 0.0000 none
-100 -100 -100 -100 0.0000 none
-100 -100 -100 -100 0.0000 none
-100 -100 -100 -100 0.0000 none
-100 -100 -100 -100 0.0000 none
-100 -100 -100 -100 0.0000 none
-100 -100 -100 -100 0.0000 none
-100 -100 -100 -100 0.0000 none
-100 -100 -100 -100 0.0000 none
-100 -100 -100 -100 0.0000 none
-100 -100 -100 -100 0.0000 none
-100 -100 -100 -100 0.0000 none
-100 -100 -100 -100 0.0000 none
-100 -100 -100 -100 0.0000 none
-100 -100 -100 -100 0.0000 none
-100 -100 -100 -100 0.0000 none
-100 -100 -100 -100 0.0000 none
-100 -100 -100 -100 0.0000 none
-100 -100 -100 -100 0.0000 none
-100 -100 -100 -100 0.0000 none
-100 -100 -100 -100 0.0000 none
-100 -100 -100 -100 0.0000 none
990.00 622.27 15.00 8.44 1.0000 per_frame
986.25 620.16 18.75 10.55 1.0000 per_frame
986.25 618.05 18.75 12.66 1.0000 per_frame
986.25 622.27 15.00 6.33 1.0000 per_frame
986.25 622.27 15.00 6.33 1.0000 per_frame
986.25 620.16 15.00 8.44 0.9961 per_frame
986.25 618.05 15.00 12.66 1.0000 per_frame
-100 -100 -100 -100 0.0000 none
993.75 622.27 3.75 4.22 0.8745 per_frame
948.75 594.84 22.50 8.44 1.0000 per_frame
-100 -100 -100 -100 0.0000 none
948.75 592.73 26.25 8.44 1.0000 per_frame
978.75 607.50 30.00 21.09 1.0000 per_frame
948.75 590.62 22.50 8.44 1.0000 per_frame
945.00 588.52 37.50 12.66 1.0000 per_frame
945.00 586.41 30.00 10.55 1.0000 per_frame
941.25 582.19 45.00 18.98 1.0000 per_frame
941.25 577.97 75.00 42.19 1.0000 per_frame
941.25 575.86 75.00 42.19 1.0000 per_frame
941.25 577.97 71.25 35.86 1.0000 per_frame
941.25 575.86 67.50 37.97 1.0000 per_frame
941.25 575.86 71.25 37.97 1.0000 per_frame
941.25 571.64 75.00 42.19 1.0000 per_frame
941.25 569.53 78.75 42.19 1.0000 per_frame
941.25 569.53 82.50 44.30 1.0000 per_frame
941.25 565.31 97.50 46.41 1.0000 per_frame
941.25 565.31 71.25 42.19 1.0000 per_frame
941.25 563.20 67.50 42.19 1.0000 per_frame
941.25 561.09 71.25 44.30 1.0000 per_frame
941.25 558.98 82.50 44.30 1.0000 per_frame
941.25 556.88 75.00 46.41 1.0000 per_frame
941.25 554.77 82.50 48.52 1.0000 per_frame
941.25 554.77 90.00 48.52 1.0000 per_frame
941.25 552.66 93.75 48.52 1.0000 per_frame
941.25 552.66 101.25 48.52 1.0000 per_frame
941.25 552.66 86.25 46.41 1.0000 per_frame
941.25 552.66 90.00 46.41 1.0000 per_frame
941.25 542.11 97.50 56.95 1.0000 per_frame
941.25 542.11 101.25 56.95 1.0000 per_frame
941.25 542.11 97.50 56.95 1.0000 per_frame
941.25 542.11 97.50 56.95 1.0000 per_frame
941.25 542.11 101.25 56.95 1.0000 per_frame
941.25 542.11 101.25 56.95 1.0000 per_frame
941.25 540.00 101.25 59.06 1.0000 per_frame
941.25 552.66 86.25 46.41 1.0000 per_frame
941.25 550.55 86.25 48.52 1.0000 per_frame
941.25 550.55 90.00 48.52 1.0000 per_frame
941.25 550.55 86.25 46.41 1.0000 per_frame
941.25 552.66 90.00 46.41 1.0000 per_frame
941.25 552.66 86.25 46.41 1.0000 per_frame
941.25 552.66 86.25 44.30 1.0000 per_frame
941.25 554.77 82.50 44.30 1.0000 per_frame
941.25 554.77 82.50 44.30 1.0000 per_frame
941.25 554.77 86.25 44.30 1.0000 per_frame
941.25 554.77 86.25 44.30 1.0000 per_frame
941.25 554.77 86.25 44.30 1.0000 per_frame
945.00 542.11 101.25 56.95 1.0000 per_frame
945.00 542.11 101.25 56.95 1.0000 per_frame
945.00 554.77 93.75 44.30 1.0000 per_frame
948.75 554.77 82.50 44.30 1.0000 per_frame
948.75 554.77 82.50 44.30 1.0000 per_frame
948.75 554.77 78.75 44.30 1.0000 per_frame
952.50 554.77 67.50 42.19 1.0000 per_frame
952.50 554.77 67.50 40.08 1.0000 per_frame
952.50 554.77 67.50 40.08 1.0000 per_frame
956.25 552.66 82.50 42.19 1.0000 per_frame
960.00 542.11 82.50 52.73 1.0000 per_frame
960.00 540.00 90.00 50.62 1.0000 per_frame
960.00 540.00 90.00 50.62 1.0000 per_frame
963.75 540.00 86.25 52.73 1.0000 per_frame
967.50 540.00 82.50 42.19 1.0000 per_frame
971.25 552.66 48.75 21.09 1.0000 per_frame
975.00 552.66 52.50 18.98 1.0000 per_frame
978.75 540.00 75.00 31.64 1.0000 per_frame
982.50 540.00 71.25 31.64 1.0000 per_frame
982.50 540.00 67.50 29.53 1.0000 per_frame
986.25 540.00 63.75 31.64 1.0000 per_frame
993.75 540.00 56.25 27.42 1.0000 per_frame
997.50 540.00 52.50 33.75 1.0000 per_frame
1001.25 540.00 48.75 27.42 1.0000 per_frame
1016.25 540.00 30.00 25.31 1.0000 per_frame
1031.25 542.11 11.25 18.98 1.0000 per_frame
1031.25 544.22 7.50 4.22 0.8824 per_frame
828.75 687.66 3.75 2.11 0.5216 per_frame
-100 -100 -100 -100 0.0000 none
825.00 685.55 11.25 6.33 0.9765 per_frame
1083.75 550.55 26.25 16.88 1.0000 per_frame
1087.50 550.55 18.75 12.66 1.0000 per_frame
-100 -100 -100 -100 0.0000 none
-100 -100 -100 -100 0.0000 none
-100 -100 -100 -100 0.0000 none
1076.25 550.55 26.25 8.44 1.0000 per_frame
1076.25 546.33 56.25 25.31 1.0000 per_frame
1076.25 548.44 60.00 29.53 1.0000 per_frame
1080.00 548.44 60.00 27.42 1.0000 per_frame
1080.00 546.33 71.25 40.08 1.0000 per_frame
1080.00 544.22 75.00 44.30 1.0000 per_frame
1083.75 546.33 71.25 40.08 1.0000 per_frame
1083.75 544.22 78.75 40.08 1.0000 per_frame
1091.25 546.33 71.25 35.86 1.0000 per_frame
1095.00 544.22 75.00 29.53 1.0000 per_frame
1102.50 544.22 75.00 29.53 1.0000 per_frame
1121.25 548.44 26.25 12.66 1.0000 per_frame
-100 -100 -100 -100 0.0000 none
1132.50 542.11 63.75 27.42 1.0000 per_frame
1143.75 550.55 45.00 16.88 1.0000 per_frame
1140.00 544.22 60.00 29.53 1.0000 per_frame
1140.00 542.11 63.75 18.98 1.0000 per_frame
1151.25 542.11 67.50 27.42 1.0000 per_frame
1155.00 537.89 78.75 40.08 1.0000 per_frame
1155.00 540.00 56.25 31.64 1.0000 per_frame
1170.00 542.11 22.50 8.44 1.0000 per_frame
1563.75 685.55 30.00 14.77 1.0000 per_frame
1563.75 683.44 37.50 16.88 1.0000 per_frame
1560.00 683.44 41.25 18.98 1.0000 per_frame
1560.00 683.44 41.25 18.98 1.0000 per_frame
1560.00 681.33 41.25 21.09 1.0000 per_frame
1560.00 681.33 41.25 21.09 1.0000 per_frame
1560.00 681.33 45.00 23.20 1.0000 per_frame
1560.00 683.44 41.25 16.88 1.0000 per_frame
1560.00 681.33 41.25 21.09 1.0000 per_frame
1563.75 683.44 37.50 16.88 1.0000 per_frame
1563.75 683.44 37.50 16.88 1.0000 per_frame
1563.75 683.44 33.75 16.88 1.0000 per_frame
1563.75 683.44 33.75 14.77 1.0000 per_frame
1578.75 685.55 15.00 8.44 1.0000 per_frame
1578.75 685.55 15.00 8.44 1.0000 per_frame
-100 -100 -100 -100 0.0000 none
-100 -100 -100 -100 0.0000 none
-100 -100 -100 -100 0.0000 none
-100 -100 -100 -100 0.0000 none
-100 -100 -100 -100 0.0000 none
-100 -100 -100 -100 0.0000 none
-100 -100 -100 -100 0.0000 none
-100 -100 -100 -100 0.0000 none
-100 -100 -100 -100 0.0000 none
-100 -100 -100 -100 0.0000 none
-100 -100 -100 -100 0.0000 none
1357.50 525.23 15.00 6.33 1.0000 per_frame
1350.00 525.23 22.50 8.44 1.0000 per_frame
1323.75 521.02 52.50 21.09 1.0000 per_frame
1316.25 518.91 63.75 35.86 1.0000 per_frame
1320.00 518.91 60.00 37.97 1.0000 per_frame
1323.75 521.02 52.50 18.98 1.0000 per_frame
1323.75 521.02 52.50 21.09 1.0000 per_frame
1320.00 518.91 56.25 29.53 1.0000 per_frame
1323.75 521.02 56.25 21.09 1.0000 per_frame
1323.75 521.02 56.25 21.09 1.0000 per_frame
1331.25 521.02 45.00 14.77 1.0000 per_frame
1567.50 683.44 30.00 14.77 1.0000 per_frame
1567.50 683.44 30.00 14.77 1.0000 per_frame
1331.25 521.02 52.50 16.88 1.0000 per_frame
1331.25 521.02 52.50 16.88 1.0000 per_frame
1331.25 518.91 56.25 18.98 1.0000 per_frame
1335.00 518.91 52.50 18.98 1.0000 per_frame
1338.75 518.91 45.00 14.77 1.0000 per_frame
1335.00 518.91 48.75 14.77 1.0000 per_frame
1327.50 518.91 63.75 18.98 1.0000 per_frame
1331.25 516.80 60.00 21.09 1.0000 per_frame
1338.75 516.80 52.50 16.88 1.0000 per_frame
1342.50 518.91 48.75 12.66 1.0000 per_frame
1335.00 514.69 63.75 18.98 1.0000 per_frame
1342.50 516.80 48.75 14.77 1.0000 per_frame
1342.50 514.69 52.50 16.88 1.0000 per_frame
1346.25 516.80 18.75 10.55 0.9961 per_frame
1342.50 512.58 48.75 16.88 1.0000 per_frame
1335.00 516.80 37.50 12.66 1.0000 per_frame
1578.75 685.55 15.00 8.44 0.9961 per_frame
1563.75 683.44 33.75 14.77 1.0000 per_frame
1560.00 681.33 41.25 18.98 1.0000 per_frame
1563.75 683.44 37.50 14.77 1.0000 per_frame
1563.75 683.44 33.75 14.77 1.0000 per_frame
1563.75 681.33 37.50 18.98 1.0000 per_frame
1563.75 683.44 37.50 16.88 1.0000 per_frame
1560.00 679.22 45.00 25.31 1.0000 per_frame
1560.00 681.33 45.00 21.09 1.0000 per_frame
1560.00 681.33 41.25 21.09 1.0000 per_frame
1560.00 681.33 41.25 21.09 1.0000 per_frame
1560.00 681.33 41.25 23.20 1.0000 per_frame
1560.00 681.33 41.25 21.09 1.0000 per_frame
1560.00 681.33 41.25 21.09 1.0000 per_frame
1560.00 681.33 41.25 21.09 1.0000 per_frame
1560.00 683.44 37.50 18.98 1.0000 per_frame
1560.00 683.44 37.50 18.98 1.0000 per_frame
1560.00 683.44 37.50 18.98 1.0000 per_frame
1560.00 683.44 37.50 18.98 1.0000 per_frame
1563.75 683.44 33.75 18.98 1.0000 per_frame
1563.75 683.44 30.00 14.77 1.0000 per_frame
1575.00 685.55 18.75 8.44 0.9961 per_frame
1353.75 510.47 33.75 18.98 1.0000 per_frame
1342.50 491.48 60.00 37.97 1.0000 per_frame
1338.75 489.38 75.00 42.19 1.0000 per_frame
1342.50 491.48 67.50 37.97 1.0000 per_frame
1350.00 491.48 56.25 37.97 1.0000 per_frame
1342.50 491.48 75.00 37.97 1.0000 per_frame
1346.25 491.48 75.00 35.86 1.0000 per_frame
1342.50 491.48 78.75 33.75 1.0000 per_frame
1338.75 489.38 82.50 35.86 1.0000 per_frame
1342.50 489.38 78.75 35.86 1.0000 per_frame
1342.50 489.38 75.00 33.75 1.0000 per_frame
1560.00 681.33 37.50 21.09 1.0000 per_frame
1563.75 683.44 33.75 18.98 1.0000 per_frame
1361.25 497.81 63.75 18.98 1.0000 per_frame
1361.25 493.59 67.50 25.31 1.0000 per_frame
1563.75 683.44 33.75 18.98 1.0000 per_frame
1563.75 683.44 33.75 18.98 1.0000 per_frame
1563.75 683.44 30.00 14.77 1.0000 per_frame
1376.25 499.92 33.75 14.77 1.0000 per_frame
1376.25 497.81 52.50 18.98 1.0000 per_frame
1376.25 497.81 56.25 18.98 1.0000 per_frame
1376.25 497.81 56.25 18.98 1.0000 per_frame
1563.75 683.44 30.00 18.98 1.0000 per_frame
1563.75 683.44 30.00 18.98 1.0000 per_frame
1560.00 681.33 37.50 23.20 1.0000 per_frame
1560.00 683.44 37.50 21.09 1.0000 per_frame
1560.00 683.44 33.75 18.98 1.0000 per_frame
1560.00 683.44 33.75 18.98 1.0000 per_frame
1563.75 685.55 30.00 16.88 1.0000 per_frame
1560.00 683.44 33.75 18.98 1.0000 per_frame
1560.00 683.44 33.75 18.98 1.0000 per_frame
1560.00 683.44 37.50 18.98 1.0000 per_frame
1560.00 683.44 33.75 18.98 1.0000 per_frame
1563.75 683.44 30.00 14.77 1.0000 per_frame
1563.75 683.44 30.00 18.98 1.0000 per_frame
-100 -100 -100 -100 0.0000 none
1567.50 687.66 22.50 8.44 0.9765 per_frame
1560.00 683.44 33.75 18.98 1.0000 per_frame
1563.75 683.44 30.00 18.98 1.0000 per_frame
1560.00 683.44 33.75 18.98 1.0000 per_frame
1560.00 683.44 33.75 18.98 1.0000 per_frame
1560.00 683.44 33.75 18.98 1.0000 per_frame
1560.00 683.44 33.75 18.98 1.0000 per_frame
1560.00 683.44 33.75 18.98 1.0000 per_frame
1560.00 683.44 33.75 18.98 1.0000 per_frame
1560.00 681.33 33.75 23.20 1.0000 per_frame
1560.00 681.33 37.50 23.20 1.0000 per_frame
1560.00 681.33 33.75 21.09 1.0000 per_frame
1560.00 681.33 37.50 21.09 1.0000 per_frame
1560.00 681.33 37.50 21.09 1.0000 per_frame
1560.00 683.44 33.75 18.98 1.0000 per_frame
1560.00 683.44 33.75 16.88 1.0000 per_frame
1563.75 685.55 26.25 12.66 1.0000 per_frame
1560.00 685.55 30.00 12.66 1.0000 per_frame
1346.25 558.98 37.50 18.98 1.0000 per_frame
1346.25 561.09 37.50 18.98 1.0000 per_frame
1350.00 563.20 33.75 18.98 1.0000 per_frame
1350.00 567.42 30.00 18.98 1.0000 per_frame
1346.25 569.53 37.50 18.98 1.0000 per_frame
1346.25 567.42 33.75 23.20 1.0000 per_frame
1342.50 569.53 48.75 23.20 1.0000 per_frame
1338.75 556.88 52.50 40.08 1.0000 per_frame
1342.50 577.97 45.00 23.20 1.0000 per_frame
1335.00 550.55 71.25 50.62 1.0000 per_frame
1327.50 552.66 82.50 54.84 1.0000 per_frame
1346.25 590.62 37.50 18.98 1.0000 per_frame
1323.75 567.42 71.25 44.30 1.0000 per_frame
1563.75 683.44 33.75 18.98 1.0000 per_frame
1560.00 681.33 37.50 21.09 1.0000 per_frame
1316.25 577.97 71.25 44.30 1.0000 per_frame
1338.75 599.06 48.75 27.42 1.0000 per_frame
1342.50 607.50 30.00 21.09 1.0000 per_frame
1342.50 609.61 33.75 21.09 1.0000 per_frame
1338.75 590.62 56.25 48.52 1.0000 per_frame
1323.75 588.52 82.50 50.62 1.0000 per_frame
1323.75 594.84 78.75 48.52 1.0000 per_frame
1323.75 594.84 82.50 50.62 1.0000 per_frame
1323.75 599.06 86.25 48.52 1.0000 per_frame
1323.75 603.28 86.25 48.52 1.0000 per_frame
1316.25 605.39 86.25 50.62 1.0000 per_frame
1316.25 607.50 90.00 52.73 1.0000 per_frame
1297.50 609.61 101.25 50.62 1.0000 per_frame
1316.25 611.72 82.50 52.73 1.0000 per_frame
1338.75 645.47 52.50 23.20 1.0000 per_frame
1312.50 624.38 75.00 48.52 1.0000 per_frame
1312.50 624.38 90.00 50.62 1.0000 per_frame
1320.00 628.59 93.75 50.62 1.0000 per_frame
1338.75 634.92 71.25 48.52 1.0000 per_frame
1327.50 639.14 71.25 50.62 1.0000 per_frame
1320.00 639.14 101.25 50.62 1.0000 per_frame
1323.75 641.25 82.50 52.73 1.0000 per_frame
1323.75 645.47 78.75 50.62 1.0000 per_frame
1312.50 647.58 86.25 52.73 1.0000 per_frame
1316.25 651.80 82.50 52.73 1.0000 per_frame
1312.50 653.91 97.50 50.62 1.0000 per_frame
1308.75 658.12 101.25 50.62 1.0000 per_frame
1308.75 662.34 97.50 50.62 1.0000 per_frame
1338.75 689.77 52.50 31.64 1.0000 per_frame
1312.50 675.00 78.75 48.52 1.0000 per_frame
1308.75 677.11 93.75 48.52 1.0000 per_frame
1305.00 677.11 97.50 52.73 1.0000 per_frame
1312.50 681.33 90.00 50.62 1.0000 per_frame
1316.25 685.55 105.00 50.62 1.0000 per_frame
1308.75 687.66 101.25 50.62 1.0000 per_frame
1293.75 691.88 105.00 50.62 1.0000 per_frame
1297.50 693.98 105.00 50.62 1.0000 per_frame
1297.50 698.20 120.00 48.52 1.0000 per_frame
1312.50 702.42 105.00 48.52 1.0000 per_frame
1308.75 704.53 105.00 52.73 1.0000 per_frame
1305.00 708.75 116.25 50.62 1.0000 per_frame
1290.00 710.86 93.75 50.62 1.0000 per_frame
1316.25 721.41 26.25 12.66 1.0000 per_frame
1563.75 687.66 26.25 10.55 1.0000 per_frame
1293.75 727.73 48.75 21.09 1.0000 per_frame
1297.50 734.06 37.50 8.44 1.0000 per_frame
1293.75 731.95 67.50 25.31 1.0000 per_frame
1338.75 772.03 45.00 12.66 1.0000 per_frame
1335.00 769.92 52.50 21.09 1.0000 per_frame
1335.00 774.14 52.50 18.98 1.0000 per_frame
1338.75 778.36 45.00 14.77 1.0000 per_frame
1563.75 687.66 26.25 12.66 0.9961 per_frame
1563.75 687.66 26.25 14.77 1.0000 per_frame
1563.75 685.55 30.00 16.88 1.0000 per_frame
1335.00 791.02 48.75 21.09 1.0000 per_frame
1335.00 793.12 48.75 21.09 1.0000 per_frame
1560.00 681.33 37.50 23.20 1.0000 per_frame
1560.00 681.33 37.50 23.20 1.0000 per_frame
1560.00 681.33 37.50 25.31 1.0000 per_frame
1327.50 797.34 60.00 31.64 1.0000 per_frame
1338.75 812.11 41.25 16.88 1.0000 per_frame
1365.00 786.80 60.00 12.66 1.0000 per_frame
1338.75 788.91 86.25 44.30 1.0000 per_frame
1320.00 788.91 101.25 48.52 1.0000 per_frame
1312.50 791.02 108.75 48.52 1.0000 per_frame
1308.75 793.12 116.25 48.52 1.0000 per_frame
1316.25 793.12 97.50 50.62 1.0000 per_frame
1293.75 795.23 123.75 48.52 1.0000 per_frame
1297.50 795.23 123.75 42.19 1.0000 per_frame
1301.25 797.34 120.00 46.41 1.0000 per_frame
1301.25 797.34 116.25 46.41 1.0000 per_frame
1297.50 797.34 116.25 44.30 1.0000 per_frame
1293.75 799.45 120.00 44.30 1.0000 per_frame
1293.75 799.45 120.00 44.30 1.0000 per_frame
1293.75 799.45 123.75 46.41 1.0000 per_frame
1297.50 799.45 123.75 46.41 1.0000 per_frame
1297.50 799.45 123.75 46.41 1.0000 per_frame
1297.50 797.34 123.75 48.52 1.0000 per_frame
1301.25 797.34 112.50 46.41 1.0000 per_frame
1301.25 797.34 112.50 46.41 1.0000 per_frame
1297.50 797.34 116.25 46.41 1.0000 per_frame
1305.00 797.34 108.75 46.41 1.0000 per_frame
1301.25 795.23 112.50 48.52 1.0000 per_frame
1305.00 795.23 112.50 48.52 1.0000 per_frame
1301.25 795.23 116.25 48.52 1.0000 per_frame
1301.25 795.23 108.75 50.62 1.0000 per_frame
1293.75 793.12 120.00 52.73 1.0000 per_frame
1290.00 793.12 108.75 54.84 1.0000 per_frame
1286.25 791.02 120.00 54.84 1.0000 per_frame
1293.75 788.91 120.00 56.95 1.0000 per_frame
1286.25 788.91 120.00 59.06 1.0000 per_frame
1282.50 788.91 127.50 59.06 1.0000 per_frame
1278.75 788.91 120.00 59.06 1.0000 per_frame
1275.00 788.91 127.50 59.06 1.0000 per_frame
1293.75 791.02 78.75 59.06 1.0000 per_frame
1297.50 788.91 93.75 61.17 1.0000 per_frame
1305.00 822.66 48.75 27.42 1.0000 per_frame
1301.25 788.91 82.50 59.06 1.0000 per_frame
1297.50 791.02 86.25 48.52 1.0000 per_frame
1275.00 793.12 101.25 50.62 1.0000 per_frame
1260.00 793.12 112.50 52.73 1.0000 per_frame
1263.75 795.23 101.25 46.41 1.0000 per_frame
1282.50 795.23 75.00 29.53 1.0000 per_frame
1256.25 797.34 93.75 42.19 1.0000 per_frame
1275.00 797.34 71.25 18.98 1.0000 per_frame
821.25 683.44 15.00 8.44 1.0000 per_frame
1260.00 797.34 75.00 33.75 1.0000 per_frame
1297.50 803.67 22.50 8.44 1.0000 per_frame
1567.50 683.44 26.25 14.77 1.0000 per_frame
821.25 683.44 15.00 8.44 1.0000 per_frame
1271.25 803.67 37.50 12.66 1.0000 per_frame
1567.50 683.44 26.25 18.98 1.0000 per_frame
1567.50 683.44 30.00 18.98 1.0000 per_frame
1563.75 683.44 33.75 18.98 1.0000 per_frame
1233.75 801.56 60.00 25.31 1.0000 per_frame
1563.75 683.44 33.75 18.98 1.0000 per_frame
1563.75 683.44 30.00 18.98 1.0000 per_frame
1563.75 683.44 30.00 18.98 1.0000 per_frame
1578.75 685.55 15.00 8.44 1.0000 per_frame
1578.75 685.55 15.00 6.33 0.9961 per_frame
1151.25 801.56 3.75 2.11 0.7490 per_frame
1147.50 801.56 18.75 6.33 1.0000 per_frame
1136.25 801.56 41.25 10.55 1.0000 per_frame
1132.50 801.56 52.50 12.66 1.0000 per_frame
1578.75 685.55 11.25 6.33 0.9412 per_frame
1586.25 689.77 3.75 2.11 0.5333 per_frame
-100 -100 -100 -100 0.0000 none
-100 -100 -100 -100 0.0000 none
-100 -100 -100 -100 0.0000 none
-100 -100 -100 -100 0.0000 none
1132.50 810.00 33.75 8.44 1.0000 per_frame
1567.50 683.44 30.00 16.88 1.0000 per_frame
1563.75 683.44 33.75 18.98 1.0000 per_frame
1563.75 683.44 33.75 18.98 1.0000 per_frame
1563.75 683.44 33.75 18.98 1.0000 per_frame
1563.75 683.44 33.75 18.98 1.0000 per_frame
1560.00 683.44 37.50 18.98 1.0000 per_frame
1560.00 683.44 37.50 18.98 1.0000 per_frame
1560.00 683.44 37.50 18.98 1.0000 per_frame
1560.00 683.44 37.50 18.98 1.0000 per_frame
1560.00 683.44 37.50 16.88 1.0000 per_frame
1567.50 685.55 26.25 12.66 1.0000 per_frame
1563.75 683.44 30.00 16.88 1.0000 per_frame
1091.25 814.22 52.50 16.88 1.0000 per_frame
1560.00 681.33 41.25 21.09 1.0000 per_frame
1087.50 812.11 67.50 31.64 1.0000 per_frame
1560.00 681.33 41.25 25.31 1.0000 per_frame
1560.00 681.33 41.25 25.31 1.0000 per_frame
1076.25 810.00 97.50 31.64 1.0000 per_frame
1076.25 812.11 82.50 21.09 1.0000 per_frame
1072.50 814.22 78.75 18.98 1.0000 per_frame
1068.75 812.11 82.50 31.64 1.0000 per_frame
1083.75 807.89 97.50 42.19 1.0000 per_frame
1076.25 810.00 78.75 40.08 1.0000 per_frame
1076.25 810.00 78.75 37.97 1.0000 per_frame
1083.75 807.89 75.00 35.86 1.0000 per_frame
1080.00 807.89 86.25 35.86 1.0000 per_frame
1068.75 810.00 93.75 37.97 1.0000 per_frame
1091.25 810.00 67.50 23.20 1.0000 per_frame
1087.50 807.89 71.25 25.31 1.0000 per_frame
1068.75 807.89 82.50 33.75 1.0000 per_frame
1061.25 807.89 82.50 31.64 1.0000 per_frame
1035.00 807.89 105.00 35.86 1.0000 per_frame
1050.00 807.89 82.50 31.64 1.0000 per_frame
997.50 810.00 127.50 44.30 1.0000 per_frame
993.75 810.00 105.00 27.42 1.0000 per_frame
986.25 810.00 123.75 42.19 1.0000 per_frame
1001.25 810.00 105.00 29.53 1.0000 per_frame
971.25 810.00 123.75 35.86 1.0000 per_frame
967.50 810.00 120.00 48.52 1.0000 per_frame
960.00 810.00 120.00 46.41 1.0000 per_frame
952.50 812.11 120.00 48.52 1.0000 per_frame
948.75 812.11 105.00 50.62 1.0000 per_frame
937.50 812.11 116.25 48.52 1.0000 per_frame
930.00 812.11 123.75 50.62 1.0000 per_frame
922.50 812.11 123.75 50.62 1.0000 per_frame
915.00 812.11 123.75 50.62 1.0000 per_frame
915.00 812.11 112.50 52.73 1.0000 per_frame
900.00 812.11 120.00 50.62 1.0000 per_frame
900.00 812.11 112.50 50.62 1.0000 per_frame
888.75 812.11 108.75 46.41 1.0000 per_frame
881.25 812.11 112.50 48.52 1.0000 per_frame
881.25 812.11 105.00 46.41 1.0000 per_frame
877.50 812.11 101.25 46.41 1.0000 per_frame
866.25 814.22 101.25 44.30 1.0000 per_frame
866.25 814.22 93.75 42.19 1.0000 per_frame
858.75 814.22 93.75 42.19 1.0000 per_frame
836.25 814.22 108.75 48.52 1.0000 per_frame
832.50 814.22 97.50 48.52 1.0000 per_frame
821.25 814.22 105.00 44.30 1.0000 per_frame
798.75 814.22 116.25 44.30 1.0000 per_frame
802.50 814.22 105.00 35.86 1.0000 per_frame
795.00 814.22 105.00 31.64 1.0000 per_frame
795.00 816.33 97.50 44.30 1.0000 per_frame
783.75 816.33 93.75 44.30 1.0000 per_frame
791.25 816.33 78.75 40.08 1.0000 per_frame
791.25 814.22 78.75 31.64 1.0000 per_frame
783.75 818.44 78.75 25.31 1.0000 per_frame
1563.75 683.44 33.75 18.98 1.0000 per_frame
1563.75 683.44 37.50 21.09 1.0000 per_frame
1563.75 683.44 37.50 21.09 1.0000 per_frame
735.00 820.55 56.25 21.09 1.0000 per_frame
712.50 820.55 75.00 40.08 1.0000 per_frame
705.00 822.66 86.25 40.08 1.0000 per_frame
697.50 824.77 86.25 40.08 1.0000 per_frame
697.50 824.77 90.00 40.08 1.0000 per_frame
690.00 822.66 90.00 42.19 1.0000 per_frame
690.00 824.77 86.25 35.86 1.0000 per_frame
697.50 826.88 71.25 25.31 1.0000 per_frame
678.75 826.88 86.25 25.31 1.0000 per_frame
686.25 824.77 78.75 29.53 1.0000 per_frame
682.50 826.88 75.00 35.86 1.0000 per_frame
663.75 826.88 86.25 33.75 1.0000 per_frame
637.50 824.77 97.50 35.86 1.0000 per_frame
641.25 826.88 90.00 40.08 1.0000 per_frame
637.50 826.88 93.75 40.08 1.0000 per_frame
656.25 847.97 26.25 18.98 1.0000 per_frame
626.25 824.77 93.75 37.97 1.0000 per_frame
1567.50 683.44 26.25 16.88 1.0000 per_frame
607.50 826.88 60.00 33.75 1.0000 per_frame
603.75 826.88 90.00 40.08 1.0000 per_frame
607.50 828.98 82.50 33.75 1.0000 per_frame
615.00 831.09 78.75 29.53 1.0000 per_frame
592.50 826.88 97.50 40.08 1.0000 per_frame
592.50 831.09 67.50 31.64 1.0000 per_frame
596.25 828.98 82.50 35.86 1.0000 per_frame
585.00 828.98 86.25 37.97 1.0000 per_frame
581.25 828.98 90.00 35.86 1.0000 per_frame
573.75 828.98 90.00 35.86 1.0000 per_frame
577.50 828.98 86.25 37.97 1.0000 per_frame
562.50 828.98 90.00 37.97 1.0000 per_frame
555.00 828.98 101.25 37.97 1.0000 per_frame
547.50 826.88 105.00 40.08 1.0000 per_frame
543.75 828.98 108.75 42.19 1.0000 per_frame
540.00 828.98 105.00 42.19 1.0000 per_frame
543.75 828.98 97.50 42.19 1.0000 per_frame
543.75 828.98 101.25 44.30 1.0000 per_frame
536.25 828.98 101.25 40.08 1.0000 per_frame
536.25 828.98 75.00 33.75 1.0000 per_frame
536.25 828.98 97.50 40.08 1.0000 per_frame
540.00 831.09 90.00 37.97 1.0000 per_frame
532.50 831.09 93.75 37.97 1.0000 per_frame
528.75 831.09 97.50 40.08 1.0000 per_frame
528.75 831.09 97.50 40.08 1.0000 per_frame
528.75 833.20 97.50 37.97 1.0000 per_frame
525.00 833.20 97.50 37.97 1.0000 per_frame
525.00 833.20 97.50 37.97 1.0000 per_frame
521.25 833.20 101.25 40.08 1.0000 per_frame
525.00 835.31 97.50 37.97 1.0000 per_frame
525.00 835.31 97.50 37.97 1.0000 per_frame
525.00 835.31 97.50 37.97 1.0000 per_frame
525.00 835.31 97.50 40.08 1.0000 per_frame
517.50 835.31 105.00 37.97 1.0000 per_frame
517.50 835.31 101.25 37.97 1.0000 per_frame
513.75 835.31 105.00 37.97 1.0000 per_frame
513.75 835.31 101.25 35.86 1.0000 per_frame
513.75 835.31 101.25 35.86 1.0000 per_frame
513.75 835.31 101.25 37.97 1.0000 per_frame
513.75 835.31 101.25 35.86 1.0000 per_frame
513.75 835.31 101.25 35.86 1.0000 per_frame
517.50 835.31 97.50 35.86 1.0000 per_frame
510.00 837.42 105.00 33.75 1.0000 per_frame
513.75 837.42 97.50 33.75 1.0000 per_frame
513.75 837.42 97.50 35.86 1.0000 per_frame
513.75 837.42 97.50 35.86 1.0000 per_frame
513.75 837.42 101.25 37.97 1.0000 per_frame
517.50 837.42 97.50 35.86 1.0000 per_frame
517.50 837.42 97.50 37.97 1.0000 per_frame
517.50 837.42 97.50 35.86 1.0000 per_frame
517.50 837.42 97.50 35.86 1.0000 per_frame
510.00 837.42 105.00 37.97 1.0000 per_frame
510.00 837.42 101.25 40.08 1.0000 per_frame
510.00 837.42 101.25 35.86 1.0000 per_frame
510.00 837.42 101.25 37.97 1.0000 per_frame
510.00 837.42 101.25 37.97 1.0000 per_frame
510.00 837.42 101.25 37.97 1.0000 per_frame
510.00 837.42 101.25 35.86 1.0000 per_frame
510.00 839.53 101.25 33.75 1.0000 per_frame
506.25 839.53 105.00 33.75 1.0000 per_frame
510.00 839.53 97.50 31.64 1.0000 per_frame
506.25 839.53 101.25 29.53 1.0000 per_frame
502.50 839.53 105.00 33.75 1.0000 per_frame
502.50 839.53 101.25 33.75 1.0000 per_frame
502.50 841.64 101.25 31.64 1.0000 per_frame
502.50 841.64 93.75 31.64 1.0000 per_frame
498.75 841.64 93.75 31.64 1.0000 per_frame
498.75 841.64 101.25 31.64 1.0000 per_frame
495.00 841.64 93.75 33.75 1.0000 per_frame
495.00 841.64 101.25 33.75 1.0000 per_frame
495.00 841.64 105.00 33.75 1.0000 per_frame
491.25 841.64 108.75 33.75 1.0000 per_frame
495.00 841.64 105.00 35.86 1.0000 per_frame
495.00 841.64 105.00 35.86 1.0000 per_frame
495.00 841.64 105.00 33.75 1.0000 per_frame
495.00 841.64 105.00 33.75 1.0000 per_frame
495.00 841.64 105.00 33.75 1.0000 per_frame
498.75 841.64 101.25 33.75 1.0000 per_frame
498.75 841.64 101.25 35.86 1.0000 per_frame
495.00 841.64 105.00 35.86 1.0000 per_frame
495.00 841.64 105.00 37.97 1.0000 per_frame
495.00 841.64 101.25 35.86 1.0000 per_frame
495.00 841.64 101.25 35.86 1.0000 per_frame
495.00 843.75 97.50 33.75 1.0000 per_frame
495.00 843.75 97.50 35.86 1.0000 per_frame
495.00 843.75 93.75 37.97 1.0000 per_frame
498.75 843.75 93.75 40.08 1.0000 per_frame
495.00 845.86 101.25 40.08 1.0000 per_frame
498.75 845.86 97.50 37.97 1.0000 per_frame
498.75 845.86 101.25 37.97 1.0000 per_frame
495.00 847.97 105.00 42.19 1.0000 per_frame
495.00 847.97 105.00 44.30 1.0000 per_frame
498.75 850.08 101.25 40.08 1.0000 per_frame
498.75 852.19 101.25 37.97 1.0000 per_frame
495.00 852.19 101.25 40.08 1.0000 per_frame
498.75 854.30 97.50 42.19 1.0000 per_frame
491.25 856.41 105.00 44.30 1.0000 per_frame
495.00 858.52 101.25 42.19 1.0000 per_frame
498.75 862.73 97.50 40.08 1.0000 per_frame
502.50 864.84 93.75 40.08 1.0000 per_frame
502.50 866.95 78.75 35.86 1.0000 per_frame
498.75 871.17 93.75 37.97 1.0000 per_frame
502.50 873.28 67.50 31.64 1.0000 per_frame
495.00 875.39 82.50 37.97 1.0000 per_frame
495.00 879.61 93.75 35.86 1.0000 per_frame
495.00 883.83 101.25 31.64 1.0000 per_frame
495.00 888.05 97.50 33.75 1.0000 per_frame
491.25 890.16 90.00 42.19 1.0000 per_frame
495.00 894.38 97.50 40.08 1.0000 per_frame
498.75 896.48 93.75 35.86 1.0000 per_frame
528.75 900.70 71.25 25.31 1.0000 per_frame
513.75 907.03 78.75 33.75 1.0000 per_frame
502.50 907.03 93.75 37.97 1.0000 per_frame
506.25 911.25 93.75 29.53 1.0000 per_frame
502.50 913.36 93.75 29.53 1.0000 per_frame
495.00 915.47 101.25 33.75 1.0000 per_frame
498.75 919.69 97.50 33.75 1.0000 per_frame
498.75 919.69 101.25 37.97 1.0000 per_frame
483.75 928.12 105.00 35.86 1.0000 per_frame
491.25 930.23 105.00 40.08 1.0000 per_frame
502.50 936.56 33.75 12.66 1.0000 per_frame
487.50 938.67 108.75 35.86 1.0000 per_frame
487.50 942.89 105.00 27.42 1.0000 per_frame
491.25 947.11 97.50 37.97 1.0000 per_frame
502.50 949.22 90.00 37.97 1.0000 per_frame
502.50 953.44 86.25 33.75 1.0000 per_frame
502.50 955.55 71.25 31.64 1.0000 per_frame
491.25 959.77 71.25 37.97 1.0000 per_frame
487.50 961.88 82.50 40.08 1.0000 per_frame
1563.75 693.98 18.75 10.55 1.0000 per_frame
1563.75 693.98 18.75 12.66 1.0000 per_frame
1560.00 693.98 26.25 14.77 1.0000 per_frame
-100 -100 -100 -100 0.0000 none
-100 -100 -100 -100 0.0000 none
-100 -100 -100 -100 0.0000 none
-100 -100 -100 -100 0.0000 none
-100 -100 -100 -100 0.0000 none
-100 -100 -100 -100 0.0000 none
-100 -100 -100 -100 0.0000 none
-100 -100 -100 -100 0.0000 none
-100 -100 -100 -100 0.0000 none
1590.00 687.66 3.75 2.11 0.5176 per_frame
1563.75 683.44 37.50 18.98 1.0000 per_frame
1582.50 685.55 15.00 8.44 0.9922 per_frame
-100 -100 -100 -100 0.0000 none
547.50 1031.48 22.50 8.44 1.0000 per_frame
-100 -100 -100 -100 0.0000 none
-100 -100 -100 -100 0.0000 none
-100 -100 -100 -100 0.0000 none
-100 -100 -100 -100 0.0000 none
-100 -100 -100 -100 0.0000 none
-100 -100 -100 -100 0.0000 none
-100 -100 -100 -100 0.0000 none
-100 -100 -100 -100 0.0000 none
-100 -100 -100 -100 0.0000 none
-100 -100 -100 -100 0.0000 none
-100 -100 -100 -100 0.0000 none
-100 -100 -100 -100 0.0000 none
-100 -100 -100 -100 0.0000 none
-100 -100 -100 -100 0.0000 none
-100 -100 -100 -100 0.0000 none
-100 -100 -100 -100 0.0000 none
-100 -100 -100 -100 0.0000 none
-100 -100 -100 -100 0.0000 none
-100 -100 -100 -100 0.0000 none
-100 -100 -100 -100 0.0000 none
-100 -100 -100 -100 0.0000 none
1582.50 685.55 7.50 4.22 0.9176 per_frame
-100 -100 -100 -100 0.0000 none
-100 -100 -100 -100 0.0000 none
-100 -100 -100 -100 0.0000 none
-100 -100 -100 -100 0.0000 none
-100 -100 -100 -100 0.0000 none
-100 -100 -100 -100 0.0000 none
-100 -100 -100 -100 0.0000 none
-100 -100 -100 -100 0.0000 none
-100 -100 -100 -100 0.0000 none
-100 -100 -100 -100 0.0000 none
-100 -100 -100 -100 0.0000 none
-100 -100 -100 -100 0.0000 none
-100 -100 -100 -100 0.0000 none
-100 -100 -100 -100 0.0000 none
1586.25 685.55 7.50 4.22 0.7412 per_frame
1560.00 681.33 41.25 23.20 1.0000 per_frame
1582.50 683.44 15.00 10.55 1.0000 per_frame
1578.75 683.44 18.75 10.55 1.0000 per_frame
1563.75 683.44 33.75 16.88 1.0000 per_frame
-100 -100 -100 -100 0.0000 none
-100 -100 -100 -100 0.0000 none
-100 -100 -100 -100 0.0000 none
-100 -100 -100 -100 0.0000 none
-100 -100 -100 -100 0.0000 none
1560.00 683.44 37.50 21.09 1.0000 per_frame
1582.50 685.55 11.25 8.44 0.9529 per_frame
-100 -100 -100 -100 0.0000 none
1575.00 685.55 18.75 8.44 1.0000 per_frame
-100 -100 -100 -100 0.0000 none
-100 -100 -100 -100 0.0000 none
-100 -100 -100 -100 0.0000 none
-100 -100 -100 -100 0.0000 none
-100 -100 -100 -100 0.0000 none
1563.75 685.55 26.25 16.88 1.0000 per_frame
1560.00 683.44 33.75 21.09 1.0000 per_frame
-100 -100 -100 -100 0.0000 none
-100 -100 -100 -100 0.0000 none
1578.75 685.55 15.00 8.44 0.9922 per_frame
1563.75 683.44 33.75 21.09 1.0000 per_frame
1563.75 685.55 30.00 18.98 1.0000 per_frame
1563.75 685.55 30.00 18.98 1.0000 per_frame
1560.00 683.44 37.50 21.09 1.0000 per_frame
1567.50 696.09 11.25 6.33 0.9882 per_frame
-100 -100 -100 -100 0.0000 none
1567.50 696.09 15.00 6.33 0.9843 per_frame
1567.50 696.09 11.25 6.33 0.9255 per_frame
1586.25 685.55 3.75 4.22 0.9059 per_frame
1563.75 685.55 33.75 16.88 1.0000 per_frame
1563.75 683.44 33.75 18.98 1.0000 per_frame
1563.75 683.44 33.75 18.98 1.0000 per_frame
1563.75 683.44 33.75 18.98 1.0000 per_frame
1563.75 683.44 33.75 18.98 1.0000 per_frame
1567.50 696.09 11.25 6.33 0.7882 per_frame
1582.50 685.55 11.25 8.44 0.9961 per_frame
-100 -100 -100 -100 0.0000 none
-100 -100 -100 -100 0.0000 none
-100 -100 -100 -100 0.0000 none
-100 -100 -100 -100 0.0000 none
-100 -100 -100 -100 0.0000 none
-100 -100 -100 -100 0.0000 none
-100 -100 -100 -100 0.0000 none
-100 -100 -100 -100 0.0000 none
-100 -100 -100 -100 0.0000 none
-100 -100 -100 -100 0.0000 none
-100 -100 -100 -100 0.0000 none
-100 -100 -100 -100 0.0000 none
-100 -100 -100 -100 0.0000 none
-100 -100 -100 -100 0.0000 none
-100 -100 -100 -100 0.0000 none
-100 -100 -100 -100 0.0000 none
-100 -100 -100 -100 0.0000 none
-100 -100 -100 -100 0.0000 none
-100 -100 -100 -100 0.0000 none
-100 -100 -100 -100 0.0000 none
-100 -100 -100 -100 0.0000 none
1586.25 685.55 11.25 4.22 0.9725 per_frame
-100 -100 -100 -100 0.0000 none
1582.50 685.55 15.00 6.33 0.9961 per_frame
1563.75 683.44 37.50 23.20 1.0000 per_frame
1563.75 681.33 37.50 25.31 1.0000 per_frame
1578.75 683.44 22.50 10.55 1.0000 per_frame
1578.75 683.44 22.50 10.55 1.0000 per_frame
1567.50 683.44 33.75 21.09 1.0000 per_frame
1578.75 683.44 22.50 10.55 1.0000 per_frame
1575.00 683.44 26.25 10.55 1.0000 per_frame
1582.50 683.44 18.75 8.44 1.0000 per_frame
-100 -100 -100 -100 0.0000 none
1586.25 685.55 7.50 4.22 0.9765 per_frame
-100 -100 -100 -100 0.0000 none
-100 -100 -100 -100 0.0000 none
-100 -100 -100 -100 0.0000 none
-100 -100 -100 -100 0.0000 none
-100 -100 -100 -100 0.0000 none
-100 -100 -100 -100 0.0000 none
-100 -100 -100 -100 0.0000 none
-100 -100 -100 -100 0.0000 none
-100 -100 -100 -100 0.0000 none
-100 -100 -100 -100 0.0000 none
-100 -100 -100 -100 0.0000 none
-100 -100 -100 -100 0.0000 none
-100 -100 -100 -100 0.0000 none
-100 -100 -100 -100 0.0000 none
-100 -100 -100 -100 0.0000 none
-100 -100 -100 -100 0.0000 none
-100 -100 -100 -100 0.0000 none
-100 -100 -100 -100 0.0000 none
-100 -100 -100 -100 0.0000 none
-100 -100 -100 -100 0.0000 none
-100 -100 -100 -100 0.0000 none
-100 -100 -100 -100 0.0000 none
-100 -100 -100 -100 0.0000 none
-100 -100 -100 -100 0.0000 none
-100 -100 -100 -100 0.0000 none
-100 -100 -100 -100 0.0000 none
-100 -100 -100 -100 0.0000 none
-100 -100 -100 -100 0.0000 none
-100 -100 -100 -100 0.0000 none
-100 -100 -100 -100 0.0000 none
-100 -100 -100 -100 0.0000 none
1586.25 685.55 7.50 2.11 0.9216 per_frame
1582.50 685.55 11.25 4.22 0.9922 per_frame
1586.25 685.55 7.50 4.22 0.9608 per_frame
1586.25 685.55 7.50 4.22 0.9843 per_frame
-100 -100 -100 -100 0.0000 none
-100 -100 -100 -100 0.0000 none
-100 -100 -100 -100 0.0000 none
1586.25 685.55 3.75 2.11 0.7176 per_frame
1586.25 683.44 7.50 6.33 0.9961 per_frame
-100 -100 -100 -100 0.0000 none
1575.00 681.33 26.25 12.66 1.0000 per_frame
1578.75 681.33 22.50 12.66 1.0000 per_frame
1575.00 679.22 26.25 14.77 1.0000 per_frame
1563.75 679.22 37.50 23.20 1.0000 per_frame
1582.50 683.44 15.00 6.33 1.0000 per_frame
1578.75 683.44 18.75 8.44 1.0000 per_frame
1578.75 683.44 18.75 8.44 1.0000 per_frame
-100 -100 -100 -100 0.0000 none
813.75 685.55 22.50 8.44 1.0000 per_frame
1582.50 683.44 15.00 6.33 1.0000 per_frame
-100 -100 -100 -100 0.0000 none
-100 -100 -100 -100 0.0000 none
-100 -100 -100 -100 0.0000 none
-100 -100 -100 -100 0.0000 none
-100 -100 -100 -100 0.0000 none
-100 -100 -100 -100 0.0000 none
-100 -100 -100 -100 0.0000 none
1080.00 493.59 15.00 8.44 1.0000 per_frame
1080.00 493.59 15.00 8.44 1.0000 per_frame
-100 -100 -100 -100 0.0000 none
-100 -100 -100 -100 0.0000 none
-100 -100 -100 -100 0.0000 none
-100 -100 -100 -100 0.0000 none
-100 -100 -100 -100 0.0000 none
-100 -100 -100 -100 0.0000 none
1586.25 685.55 3.75 2.11 0.5843 per_frame
1582.50 685.55 11.25 4.22 0.8745 per_frame
1582.50 685.55 11.25 4.22 0.9765 per_frame
1560.00 681.33 37.50 14.77 1.0000 per_frame
1575.00 683.44 22.50 8.44 1.0000 per_frame
1582.50 681.33 15.00 10.55 1.0000 per_frame
1586.25 683.44 7.50 4.22 0.9804 per_frame
-100 -100 -100 -100 0.0000 none
-100 -100 -100 -100 0.0000 none
-100 -100 -100 -100 0.0000 none
-100 -100 -100 -100 0.0000 none
-100 -100 -100 -100 0.0000 none
-100 -100 -100 -100 0.0000 none
-100 -100 -100 -100 0.0000 none
-100 -100 -100 -100 0.0000 none
-100 -100 -100 -100 0.0000 none
-100 -100 -100 -100 0.0000 none
-100 -100 -100 -100 0.0000 none
-100 -100 -100 -100 0.0000 none
-100 -100 -100 -100 0.0000 none
-100 -100 -100 -100 0.0000 none
-100 -100 -100 -100 0.0000 none
-100 -100 -100 -100 0.0000 none
-100 -100 -100 -100 0.0000 none
-100 -100 -100 -100 0.0000 none
1218.75 1031.48 15.00 6.33 1.0000 per_frame
1218.75 1031.48 15.00 6.33 1.0000 per_frame
1218.75 1031.48 11.25 6.33 1.0000 per_frame
1218.75 1031.48 11.25 6.33 1.0000 per_frame
1222.50 1033.59 7.50 2.11 0.9294 per_frame
-100 -100 -100 -100 0.0000 none
1222.50 1033.59 3.75 2.11 0.7020 per_frame
-100 -100 -100 -100 0.0000 none
-100 -100 -100 -100 0.0000 none
-100 -100 -100 -100 0.0000 none
-100 -100 -100 -100 0.0000 none
821.25 687.66 11.25 4.22 1.0000 per_frame
821.25 687.66 11.25 4.22 0.9843 per_frame
-100 -100 -100 -100 0.0000 none
821.25 687.66 11.25 6.33 1.0000 per_frame
-100 -100 -100 -100 0.0000 none
-100 -100 -100 -100 0.0000 none
-100 -100 -100 -100 0.0000 none
-100 -100 -100 -100 0.0000 none
-100 -100 -100 -100 0.0000 none
-100 -100 -100 -100 0.0000 none
-100 -100 -100 -100 0.0000 none
-100 -100 -100 -100 0.0000 none
-100 -100 -100 -100 0.0000 none
-100 -100 -100 -100 0.0000 none
-100 -100 -100 -100 0.0000 none
-100 -100 -100 -100 0.0000 none
-100 -100 -100 -100 0.0000 none
-100 -100 -100 -100 0.0000 none
-100 -100 -100 -100 0.0000 none
-100 -100 -100 -100 0.0000 none
-100 -100 -100 -100 0.0000 none
-100 -100 -100 -100 0.0000 none
-100 -100 -100 -100 0.0000 none
-100 -100 -100 -100 0.0000 none
-100 -100 -100 -100 0.0000 none
-100 -100 -100 -100 0.0000 none
-100 -100 -100 -100 0.0000 none
-100 -100 -100 -100 0.0000 none
-100 -100 -100 -100 0.0000 none
-100 -100 -100 -100 0.0000 none
-100 -100 -100 -100 0.0000 none
-100 -100 -100 -100 0.0000 none
-100 -100 -100 -100 0.0000 none
-100 -100 -100 -100 0.0000 none
-100 -100 -100 -100 0.0000 none
-100 -100 -100 -100 0.0000 none
-100 -100 -100 -100 0.0000 none
-100 -100 -100 -100 0.0000 none
-100 -100 -100 -100 0.0000 none
-100 -100 -100 -100 0.0000 none
-100 -100 -100 -100 0.0000 none
-100 -100 -100 -100 0.0000 none
-100 -100 -100 -100 0.0000 none
-100 -100 -100 -100 0.0000 none
-100 -100 -100 -100 0.0000 none
-100 -100 -100 -100 0.0000 none
-100 -100 -100 -100 0.0000 none
-100 -100 -100 -100 0.0000 none
-100 -100 -100 -100 0.0000 none
-100 -100 -100 -100 0.0000 none
-100 -100 -100 -100 0.0000 none
-100 -100 -100 -100 0.0000 none
-100 -100 -100 -100 0.0000 none
-100 -100 -100 -100 0.0000 none
-100 -100 -100 -100 0.0000 none
-100 -100 -100 -100 0.0000 none
-100 -100 -100 -100 0.0000 none
-100 -100 -100 -100 0.0000 none
-100 -100 -100 -100 0.0000 none
-100 -100 -100 -100 0.0000 none
-100 -100 -100 -100 0.0000 none
-100 -100 -100 -100 0.0000 none
-100 -100 -100 -100 0.0000 none
-100 -100 -100 -100 0.0000 none
-100 -100 -100 -100 0.0000 none
-100 -100 -100 -100 0.0000 none
-100 -100 -100 -100 0.0000 none
-100 -100 -100 -100 0.0000 none
-100 -100 -100 -100 0.0000 none
-100 -100 -100 -100 0.0000 none
-100 -100 -100 -100 0.0000 none
-100 -100 -100 -100 0.0000 none
-100 -100 -100 -100 0.0000 none
-100 -100 -100 -100 0.0000 none
-100 -100 -100 -100 0.0000 none
-100 -100 -100 -100 0.0000 none
-100 -100 -100 -100 0.0000 none
-100 -100 -100 -100 0.0000 none
-100 -100 -100 -100 0.0000 none
-100 -100 -100 -100 0.0000 none
-100 -100 -100 -100 0.0000 none
-100 -100 -100 -100 0.0000 none
-100 -100 -100 -100 0.0000 none
-100 -100 -100 -100 0.0000 none
-100 -100 -100 -100 0.0000 none
-100 -100 -100 -100 0.0000 none
-100 -100 -100 -100 0.0000 none
-100 -100 -100 -100 0.0000 none
-100 -100 -100 -100 0.0000 none
-100 -100 -100 -100 0.0000 none
-100 -100 -100 -100 0.0000 none
-100 -100 -100 -100 0.0000 none
-100 -100 -100 -100 0.0000 none
-100 -100 -100 -100 0.0000 none
-100 -100 -100 -100 0.0000 none
1871.25 546.33 7.50 6.33 0.9961 per_frame
1871.25 546.33 11.25 8.44 1.0000 per_frame
825.00 685.55 11.25 6.33 0.9882 per_frame
-100 -100 -100 -100 0.0000 none
-100 -100 -100 -100 0.0000 none
-100 -100 -100 -100 0.0000 none
-100 -100 -100 -100 0.0000 none
-100 -100 -100 -100 0.0000 none
-100 -100 -100 -100 0.0000 none
-100 -100 -100 -100 0.0000 none
-100 -100 -100 -100 0.0000 none
-100 -100 -100 -100 0.0000 none
-100 -100 -100 -100 0.0000 none
-100 -100 -100 -100 0.0000 none
-100 -100 -100 -100 0.0000 none
-100 -100 -100 -100 0.0000 none
-100 -100 -100 -100 0.0000 none
-100 -100 -100 -100 0.0000 none
-100 -100 -100 -100 0.0000 none
-100 -100 -100 -100 0.0000 none
-100 -100 -100 -100 0.0000 none
-100 -100 -100 -100 0.0000 none
-100 -100 -100 -100 0.0000 none
-100 -100 -100 -100 0.0000 none
-100 -100 -100 -100 0.0000 none
-100 -100 -100 -100 0.0000 none
813.75 677.11 26.25 12.66 1.0000 per_frame
817.50 679.22 11.25 4.22 0.9804 per_frame
