112.50 191.95 105.00 40.08 1.0000 per_frame
112.50 189.84 105.00 40.08 1.0000 per_frame
112.50 189.84 105.00 37.97 1.0000 per_frame
108.75 187.73 108.75 40.08 1.0000 per_frame
112.50 185.62 105.00 40.08 1.0000 per_frame
112.50 183.52 105.00 40.08 1.0000 per_frame
112.50 181.41 105.00 40.08 1.0000 per_frame
108.75 181.41 108.75 40.08 1.0000 per_frame
112.50 179.30 105.00 40.08 1.0000 per_frame
112.50 179.30 105.00 40.08 1.0000 per_frame
112.50 177.19 105.00 40.08 1.0000 per_frame
108.75 175.08 108.75 40.08 1.0000 per_frame
112.50 172.97 105.00 40.08 1.0000 per_frame
112.50 172.97 105.00 37.97 1.0000 per_frame
112.50 170.86 105.00 40.08 1.0000 per_frame
112.50 166.64 105.00 42.19 1.0000 per_frame
112.50 166.64 105.00 42.19 1.0000 per_frame
112.50 164.53 105.00 40.08 1.0000 per_frame
112.50 162.42 101.25 40.08 1.0000 per_frame
112.50 160.31 105.00 42.19 1.0000 per_frame
108.75 158.20 108.75 42.19 1.0000 per_frame
108.75 156.09 105.00 40.08 1.0000 per_frame
108.75 153.98 105.00 40.08 1.0000 per_frame
108.75 151.88 105.00 40.08 1.0000 per_frame
108.75 149.77 108.75 42.19 1.0000 per_frame
108.75 149.77 108.75 37.97 1.0000 per_frame
108.75 147.66 108.75 37.97 1.0000 per_frame
112.50 145.55 101.25 40.08 1.0000 per_frame
112.50 143.44 105.00 42.19 1.0000 per_frame
108.75 141.33 108.75 42.19 1.0000 per_frame
108.75 141.33 105.00 42.19 1.0000 per_frame
108.75 139.22 108.75 42.19 1.0000 per_frame
112.50 139.22 105.00 37.97 1.0000 per_frame
108.75 135.00 108.75 42.19 1.0000 per_frame
108.75 132.89 108.75 44.30 1.0000 per_frame
108.75 132.89 105.00 42.19 1.0000 per_frame
112.50 130.78 105.00 40.08 1.0000 per_frame
112.50 128.67 105.00 42.19 1.0000 per_frame
112.50 128.67 101.25 42.19 1.0000 per_frame
112.50 128.67 101.25 40.08 1.0000 per_frame
112.50 126.56 105.00 42.19 1.0000 per_frame
112.50 124.45 101.25 42.19 1.0000 per_frame
112.50 124.45 101.25 42.19 1.0000 per_frame
112.50 122.34 105.00 40.08 1.0000 per_frame
112.50 122.34 105.00 40.08 1.0000 per_frame
112.50 120.23 105.00 42.19 1.0000 per_frame
112.50 118.12 105.00 42.19 1.0000 per_frame
108.75 118.12 108.75 40.08 1.0000 per_frame
112.50 116.02 105.00 42.19 1.0000 per_frame
112.50 113.91 105.00 42.19 1.0000 per_frame
112.50 113.91 105.00 40.08 1.0000 per_frame
112.50 113.91 105.00 40.08 1.0000 per_frame
112.50 111.80 105.00 42.19 1.0000 per_frame
112.50 109.69 105.00 42.19 1.0000 per_frame
112.50 109.69 105.00 40.08 1.0000 per_frame
112.50 107.58 105.00 42.19 1.0000 per_frame
112.50 107.58 105.00 40.08 1.0000 per_frame
112.50 105.47 105.00 42.19 1.0000 per_frame
112.50 105.47 105.00 40.08 1.0000 per_frame
112.50 105.47 105.00 40.08 1.0000 per_frame
112.50 103.36 105.00 40.08 1.0000 per_frame
112.50 101.25 105.00 42.19 1.0000 per_frame
112.50 99.14 108.75 42.19 1.0000 per_frame
112.50 99.14 105.00 42.19 1.0000 per_frame
112.50 97.03 105.00 42.19 1.0000 per_frame
112.50 97.03 105.00 40.08 1.0000 per_frame
116.25 94.92 101.25 40.08 1.0000 per_frame
112.50 92.81 105.00 42.19 1.0000 per_frame
112.50 92.81 105.00 40.08 1.0000 per_frame
112.50 90.70 105.00 40.08 1.0000 per_frame
112.50 88.59 105.00 42.19 1.0000 per_frame
112.50 88.59 108.75 40.08 1.0000 per_frame
112.50 88.59 108.75 40.08 1.0000 per_frame
112.50 86.48 108.75 42.19 1.0000 per_frame
116.25 84.38 105.00 44.30 1.0000 per_frame
116.25 84.38 105.00 40.08 1.0000 per_frame
116.25 82.27 105.00 40.08 1.0000 per_frame
116.25 82.27 105.00 40.08 1.0000 per_frame
116.25 80.16 105.00 42.19 1.0000 per_frame
116.25 80.16 108.75 40.08 1.0000 per_frame
116.25 78.05 108.75 42.19 1.0000 per_frame
116.25 78.05 105.00 40.08 1.0000 per_frame
116.25 75.94 108.75 40.08 1.0000 per_frame
116.25 73.83 108.75 42.19 1.0000 per_frame
116.25 71.72 108.75 44.30 1.0000 per_frame
116.25 71.72 108.75 42.19 1.0000 per_frame
116.25 71.72 108.75 42.19 1.0000 per_frame
112.50 69.61 112.50 42.19 1.0000 per_frame
116.25 67.50 105.00 42.19 1.0000 per_frame
112.50 65.39 112.50 44.30 1.0000 per_frame
116.25 65.39 105.00 42.19 1.0000 per_frame
116.25 63.28 108.75 42.19 1.0000 per_frame
116.25 63.28 108.75 42.19 1.0000 per_frame
116.25 61.17 108.75 42.19 1.0000 per_frame
116.25 61.17 105.00 42.19 1.0000 per_frame
116.25 59.06 105.00 42.19 1.0000 per_frame
116.25 56.95 108.75 42.19 1.0000 per_frame
116.25 56.95 105.00 40.08 1.0000 per_frame
116.25 54.84 108.75 42.19 1.0000 per_frame
116.25 54.84 105.00 40.08 1.0000 per_frame
116.25 52.73 105.00 42.19 1.0000 per_frame
116.25 50.62 108.75 40.08 1.0000 per_frame
116.25 48.52 108.75 42.19 1.0000 per_frame
116.25 48.52 108.75 40.08 1.0000 per_frame
116.25 46.41 108.75 42.19 1.0000 per_frame
116.25 46.41 108.75 40.08 1.0000 per_frame
116.25 44.30 108.75 42.19 1.0000 per_frame
116.25 42.19 105.00 42.19 1.0000 per_frame
116.25 40.08 108.75 42.19 1.0000 per_frame
116.25 40.08 108.75 42.19 1.0000 per_frame
116.25 37.97 108.75 44.30 1.0000 per_frame
116.25 37.97 108.75 42.19 1.0000 per_frame
116.25 37.97 105.00 40.08 1.0000 per_frame
116.25 35.86 108.75 42.19 1.0000 per_frame
116.25 33.75 105.00 42.19 1.0000 per_frame
116.25 31.64 105.00 44.30 1.0000 per_frame
116.25 31.64 105.00 42.19 1.0000 per_frame
116.25 29.53 108.75 44.30 1.0000 per_frame
116.25 29.53 105.00 42.19 1.0000 per_frame
116.25 27.42 108.75 46.41 1.0000 per_frame
116.25 27.42 105.00 44.30 1.0000 per_frame
116.25 27.42 105.00 44.30 1.0000 per_frame
116.25 27.42 105.00 42.19 1.0000 per_frame
116.25 25.31 105.00 44.30 1.0000 per_frame
116.25 25.31 105.00 44.30 1.0000 per_frame
116.25 23.20 105.00 44.30 1.0000 per_frame
116.25 23.20 105.00 44.30 1.0000 per_frame
116.25 23.20 105.00 42.19 1.0000 per_frame
116.25 21.09 105.00 44.30 1.0000 per_frame
116.25 21.09 105.00 42.19 1.0000 per_frame
116.25 21.09 105.00 42.19 1.0000 per_frame
116.25 18.98 105.00 44.30 1.0000 per_frame
112.50 18.98 108.75 42.19 1.0000 per_frame
116.25 16.88 101.25 42.19 1.0000 per_frame
116.25 12.66 101.25 44.30 1.0000 per_frame
116.25 12.66 101.25 42.19 1.0000 per_frame
116.25 10.55 105.00 44.30 1.0000 per_frame
116.25 8.44 101.25 44.30 1.0000 per_frame
112.50 6.33 105.00 44.30 1.0000 per_frame
116.25 6.33 101.25 42.19 1.0000 per_frame
112.50 4.22 105.00 42.19 1.0000 per_frame
112.50 2.11 105.00 42.19 1.0000 per_frame
116.25 2.11 101.25 40.08 1.0000 per_frame
116.25 0.00 101.25 40.08 1.0000 per_frame
112.50 0.00 105.00 40.08 1.0000 per_frame
116.25 0.00 101.25 37.97 1.0000 per_frame
116.25 0.00 101.25 35.86 1.0000 per_frame
123.75 0.00 93.75 33.75 1.0000 per_frame
127.50 0.00 90.00 33.75 1.0000 per_frame
131.25 0.00 86.25 31.64 1.0000 per_frame
127.50 0.00 90.00 31.64 1.0000 per_frame
127.50 0.00 90.00 27.42 1.0000 per_frame
131.25 0.00 86.25 27.42 1.0000 per_frame
138.75 0.00 78.75 25.31 1.0000 per_frame
135.00 0.00 78.75 25.31 1.0000 per_frame
131.25 0.00 82.50 23.20 1.0000 per_frame
138.75 0.00 71.25 25.31 1.0000 per_frame
138.75 0.00 67.50 23.20 1.0000 per_frame
138.75 0.00 71.25 23.20 1.0000 per_frame
138.75 0.00 67.50 21.09 1.0000 per_frame
146.25 0.00 52.50 21.09 1.0000 per_frame
146.25 0.00 45.00 18.98 1.0000 per_frame
146.25 0.00 45.00 18.98 1.0000 per_frame
146.25 0.00 41.25 18.98 1.0000 per_frame
146.25 0.00 37.50 16.88 1.0000 per_frame
146.25 0.00 37.50 16.88 1.0000 per_frame
146.25 0.00 37.50 16.88 1.0000 per_frame
150.00 2.11 30.00 12.66 1.0000 per_frame
153.75 2.11 26.25 12.66 1.0000 per_frame
153.75 2.11 22.50 10.55 1.0000 per_frame
153.75 2.11 22.50 8.44 1.0000 per_frame
810.00 715.08 15.00 12.66 1.0000 per_frame
802.50 679.22 30.00 12.66 1.0000 per_frame
813.75 717.19 11.25 10.55 1.0000 per_frame
813.75 719.30 11.25 6.33 1.0000 per_frame
813.75 719.30 11.25 6.33 1.0000 per_frame
813.75 719.30 11.25 8.44 1.0000 per_frame
810.00 681.33 22.50 10.55 0.9961 per_frame
806.25 681.33 26.25 10.55 1.0000 per_frame
810.00 681.33 26.25 10.55 1.0000 per_frame
-100 -100 -100 -100 0.0000 none
-100 -100 -100 -100 0.0000 none
-100 -100 -100 -100 0.0000 none
-100 -100 -100 -100 0.0000 none
1571.25 693.98 7.50 4.22 0.9961 per_frame
1571.25 693.98 7.50 4.22 0.8863 per_frame
1571.25 696.09 3.75 2.11 0.5176 per_frame
1571.25 696.09 7.50 2.11 0.8078 per_frame
1571.25 696.09 3.75 2.11 0.5059 per_frame
-100 -100 -100 -100 0.0000 none
-100 -100 -100 -100 0.0000 none
-100 -100 -100 -100 0.0000 none
-100 -100 -100 -100 0.0000 none
1571.25 696.09 7.50 2.11 0.7922 per_frame
1571.25 689.77 11.25 10.55 1.0000 per_frame
1567.50 687.66 22.50 12.66 1.0000 per_frame
1567.50 687.66 22.50 12.66 1.0000 per_frame
1567.50 687.66 22.50 12.66 1.0000 per_frame
1571.25 687.66 18.75 12.66 1.0000 per_frame
1563.75 687.66 26.25 12.66 1.0000 per_frame
1567.50 687.66 18.75 12.66 1.0000 per_frame
1567.50 689.77 15.00 10.55 1.0000 per_frame
1567.50 689.77 18.75 10.55 1.0000 per_frame
1567.50 689.77 18.75 12.66 1.0000 per_frame
1567.50 689.77 18.75 12.66 1.0000 per_frame
1563.75 687.66 26.25 14.77 1.0000 per_frame
1563.75 687.66 26.25 14.77 1.0000 per_frame
1563.75 683.44 30.00 21.09 1.0000 per_frame
1563.75 683.44 30.00 21.09 1.0000 per_frame
1563.75 683.44 30.00 21.09 1.0000 per_frame
1567.50 687.66 22.50 14.77 1.0000 per_frame
1563.75 687.66 26.25 14.77 1.0000 per_frame
1567.50 687.66 22.50 14.77 1.0000 per_frame
1563.75 687.66 26.25 14.77 1.0000 per_frame
1563.75 685.55 30.00 18.98 1.0000 per_frame
1567.50 687.66 22.50 14.77 1.0000 per_frame
1563.75 685.55 30.00 16.88 1.0000 per_frame
1567.50 687.66 22.50 14.77 1.0000 per_frame
1563.75 685.55 30.00 16.88 1.0000 per_frame
1567.50 687.66 22.50 14.77 1.0000 per_frame
1563.75 685.55 30.00 16.88 1.0000 per_frame
1563.75 685.55 30.00 16.88 1.0000 per_frame
1571.25 693.98 11.25 6.33 1.0000 per_frame
1567.50 687.66 22.50 14.77 1.0000 per_frame
1567.50 689.77 22.50 12.66 1.0000 per_frame
1567.50 693.98 18.75 8.44 1.0000 per_frame
1567.50 689.77 18.75 12.66 1.0000 per_frame
1567.50 689.77 22.50 14.77 1.0000 per_frame
1567.50 691.88 18.75 10.55 1.0000 per_frame
1567.50 689.77 22.50 12.66 1.0000 per_frame
1567.50 689.77 22.50 12.66 1.0000 per_frame
1567.50 691.88 18.75 10.55 1.0000 per_frame
1567.50 691.88 18.75 10.55 1.0000 per_frame
1571.25 693.98 11.25 6.33 0.9922 per_frame
1571.25 696.09 3.75 2.11 0.5490 per_frame
810.00 681.33 11.25 6.33 0.9804 per_frame
802.50 677.11 26.25 12.66 1.0000 per_frame
1571.25 696.09 7.50 4.22 0.6667 per_frame
1571.25 696.09 11.25 6.33 0.9412 per_frame
802.50 677.11 33.75 14.77 1.0000 per_frame
-100 -100 -100 -100 0.0000 none
-100 -100 -100 -100 0.0000 none
176.25 6.33 11.25 2.11 0.9255 per_frame
-100 -100 -100 -100 0.0000 none
176.25 4.22 15.00 6.33 0.9961 per_frame
172.50 4.22 22.50 6.33 1.0000 per_frame
-100 -100 -100 -100 0.0000 none
-100 -100 -100 -100 0.0000 none
176.25 4.22 11.25 6.33 0.9922 per_frame
172.50 4.22 18.75 6.33 0.9961 per_frame
168.75 2.11 22.50 8.44 1.0000 per_frame
172.50 4.22 18.75 6.33 1.0000 per_frame
806.25 681.33 30.00 10.55 1.0000 per_frame
168.75 2.11 26.25 8.44 1.0000 per_frame
165.00 2.11 30.00 12.66 1.0000 per_frame
161.25 2.11 33.75 12.66 1.0000 per_frame
157.50 2.11 41.25 14.77 1.0000 per_frame
157.50 2.11 37.50 14.77 1.0000 per_frame
157.50 2.11 37.50 12.66 1.0000 per_frame
153.75 2.11 45.00 12.66 1.0000 per_frame
150.00 0.00 48.75 16.88 1.0000 per_frame
150.00 0.00 48.75 16.88 1.0000 per_frame
150.00 0.00 48.75 16.88 1.0000 per_frame
150.00 0.00 45.00 16.88 1.0000 per_frame
146.25 0.00 48.75 16.88 1.0000 per_frame
146.25 0.00 48.75 16.88 1.0000 per_frame
142.50 0.00 52.50 18.98 1.0000 per_frame
142.50 0.00 48.75 18.98 1.0000 per_frame
138.75 0.00 52.50 21.09 1.0000 per_frame
138.75 0.00 52.50 21.09 1.0000 per_frame
138.75 0.00 48.75 21.09 1.0000 per_frame
135.00 0.00 52.50 23.20 1.0000 per_frame
131.25 0.00 56.25 25.31 1.0000 per_frame
131.25 0.00 56.25 23.20 1.0000 per_frame
131.25 0.00 52.50 25.31 1.0000 per_frame
131.25 0.00 52.50 25.31 1.0000 per_frame
127.50 0.00 52.50 25.31 1.0000 per_frame
127.50 0.00 52.50 25.31 1.0000 per_frame
123.75 0.00 52.50 25.31 1.0000 per_frame
123.75 2.11 48.75 23.20 1.0000 per_frame
120.00 0.00 52.50 27.42 1.0000 per_frame
116.25 0.00 52.50 27.42 1.0000 per_frame
116.25 2.11 52.50 27.42 1.0000 per_frame
116.25 2.11 48.75 25.31 1.0000 per_frame
112.50 0.00 48.75 27.42 1.0000 per_frame
108.75 2.11 48.75 29.53 1.0000 per_frame
108.75 2.11 48.75 31.64 1.0000 per_frame
101.25 2.11 48.75 31.64 1.0000 per_frame
93.75 2.11 52.50 31.64 1.0000 per_frame
90.00 0.00 60.00 33.75 1.0000 per_frame
86.25 0.00 60.00 33.75 1.0000 per_frame
82.50 2.11 63.75 33.75 1.0000 per_frame
78.75 0.00 71.25 37.97 1.0000 per_frame
63.75 0.00 86.25 40.08 1.0000 per_frame
56.25 0.00 93.75 40.08 1.0000 per_frame
60.00 0.00 86.25 40.08 1.0000 per_frame
48.75 0.00 93.75 42.19 1.0000 per_frame
48.75 0.00 93.75 42.19 1.0000 per_frame
45.00 0.00 93.75 44.30 1.0000 per_frame
45.00 0.00 93.75 44.30 1.0000 per_frame
37.50 0.00 101.25 44.30 1.0000 per_frame
33.75 2.11 105.00 46.41 1.0000 per_frame
33.75 2.11 105.00 44.30 1.0000 per_frame
33.75 2.11 105.00 46.41 1.0000 per_frame
33.75 2.11 101.25 46.41 1.0000 per_frame
30.00 2.11 97.50 48.52 1.0000 per_frame
26.25 2.11 97.50 48.52 1.0000 per_frame
26.25 2.11 97.50 50.62 1.0000 per_frame
26.25 4.22 90.00 50.62 1.0000 per_frame
22.50 4.22 93.75 52.73 1.0000 per_frame
18.75 2.11 97.50 54.84 1.0000 per_frame
15.00 2.11 105.00 56.95 1.0000 per_frame
15.00 2.11 101.25 56.95 1.0000 per_frame
15.00 2.11 97.50 59.06 1.0000 per_frame
15.00 4.22 97.50 56.95 1.0000 per_frame
11.25 6.33 97.50 56.95 1.0000 per_frame
11.25 6.33 93.75 56.95 1.0000 per_frame
11.25 6.33 97.50 56.95 1.0000 per_frame
11.25 8.44 90.00 54.84 1.0000 per_frame
11.25 10.55 90.00 54.84 1.0000 per_frame
11.25 10.55 86.25 56.95 1.0000 per_frame
11.25 12.66 82.50 56.95 1.0000 per_frame
11.25 14.77 82.50 54.84 1.0000 per_frame
11.25 16.88 82.50 54.84 1.0000 per_frame
11.25 16.88 78.75 54.84 1.0000 per_frame
11.25 18.98 75.00 54.84 1.0000 per_frame
11.25 21.09 75.00 50.62 1.0000 per_frame
11.25 21.09 67.50 52.73 1.0000 per_frame
11.25 21.09 63.75 52.73 1.0000 per_frame
11.25 23.20 67.50 52.73 1.0000 per_frame
11.25 27.42 63.75 48.52 1.0000 per_frame
11.25 27.42 63.75 46.41 1.0000 per_frame
11.25 29.53 60.00 42.19 1.0000 per_frame
11.25 31.64 56.25 37.97 1.0000 per_frame
15.00 35.86 45.00 16.88 1.0000 per_frame
11.25 35.86 52.50 23.20 1.0000 per_frame
11.25 35.86 48.75 21.09 1.0000 per_frame
11.25 37.97 48.75 21.09 1.0000 per_frame
11.25 40.08 45.00 18.98 1.0000 per_frame
11.25 40.08 45.00 18.98 1.0000 per_frame
11.25 42.19 41.25 16.88 1.0000 per_frame
15.00 42.19 33.75 16.88 1.0000 per_frame
11.25 44.30 37.50 14.77 1.0000 per_frame
15.00 44.30 30.00 12.66 1.0000 per_frame
22.50 46.41 15.00 8.44 1.0000 per_frame
18.75 46.41 18.75 12.66 1.0000 per_frame
18.75 48.52 15.00 8.44 1.0000 per_frame
-100 -100 -100 -100 0.0000 none
-100 -100 -100 -100 0.0000 none
821.25 685.55 7.50 4.22 0.6510 per_frame
817.50 685.55 11.25 4.22 0.8902 per_frame
-100 -100 -100 -100 0.0000 none
-100 -100 -100 -100 0.0000 none
-100 -100 -100 -100 0.0000 none
-100 -100 -100 -100 0.0000 none
817.50 683.44 15.00 6.33 0.8784 per_frame
817.50 683.44 11.25 6.33 0.7608 per_frame
813.75 681.33 22.50 10.55 1.0000 per_frame
813.75 681.33 18.75 8.44 0.9882 per_frame
-100 -100 -100 -100 0.0000 none
-100 -100 -100 -100 0.0000 none
-100 -100 -100 -100 0.0000 none
-100 -100 -100 -100 0.0000 none
-100 -100 -100 -100 0.0000 none
-100 -100 -100 -100 0.0000 none
-100 -100 -100 -100 0.0000 none
-100 -100 -100 -100 0.0000 none
-100 -100 -100 -100 0.0000 none
-100 -100 -100 -100 0.0000 none
-100 -100 -100 -100 0.0000 none
-100 -100 -100 -100 0.0000 none
-100 -100 -100 -100 0.0000 none
-100 -100 -100 -100 0.0000 none
-100 -100 -100 -100 0.0000 none
-100 -100 -100 -100 0.0000 none
-100 -100 -100 -100 0.0000 none
-100 -100 -100 -100 0.0000 none
-100 -100 -100 -100 0.0000 none
-100 -100 -100 -100 0.0000 none
-100 -100 -100 -100 0.0000 none
-100 -100 -100 -100 0.0000 none
-100 -100 -100 -100 0.0000 none
-100 -100 -100 -100 0.0000 none
-100 -100 -100 -100 0.0000 none
-100 -100 -100 -100 0.0000 none
-100 -100 -100 -100 0.0000 none
-100 -100 -100 -100 0.0000 none
-100 -100 -100 -100 0.0000 none
-100 -100 -100 -100 0.0000 none
-100 -100 -100 -100 0.0000 none
-100 -100 -100 -100 0.0000 none
-100 -100 -100 -100 0.0000 none
-100 -100 -100 -100 0.0000 none
-100 -100 -100 -100 0.0000 none
-100 -100 -100 -100 0.0000 none
-100 -100 -100 -100 0.0000 none
-100 -100 -100 -100 0.0000 none
-100 -100 -100 -100 0.0000 none
-100 -100 -100 -100 0.0000 none
-100 -100 -100 -100 0.0000 none
-100 -100 -100 -100 0.0000 none
-100 -100 -100 -100 0.0000 none
-100 -100 -100 -100 0.0000 none
-100 -100 -100 -100 0.0000 none
-100 -100 -100 -100 0.0000 none
-100 -100 -100 -100 0.0000 none
-100 -100 -100 -100 0.0000 none
-100 -100 -100 -100 0.0000 none
-100 -100 -100 -100 0.0000 none
-100 -100 -100 -100 0.0000 none
-100 -100 -100 -100 0.0000 none
-100 -100 -100 -100 0.0000 none
-100 -100 -100 -100 0.0000 none
-100 -100 -100 -100 0.0000 none
-100 -100 -100 -100 0.0000 none
-100 -100 -100 -100 0.0000 none
-100 -100 -100 -100 0.0000 none
-100 -100 -100 -100 0.0000 none
-100 -100 -100 -100 0.0000 none
-100 -100 -100 -100 0.0000 none
-100 -100 -100 -100 0.0000 none
-100 -100 -100 -100 0.0000 none
-100 -100 -100 -100 0.0000 none
-100 -100 -100 -100 0.0000 none
-100 -100 -100 -100 0.0000 none
-100 -100 -100 -100 0.0000 none
-100 -100 -100 -100 0.0000 none
-100 -100 -100 -100 0.0000 none
-100 -100 -100 -100 0.0000 none
-100 -100 -100 -100 0.0000 none
-100 -100 -100 -100 0.0000 none
-100 -100 -100 -100 0.0000 none
-100 -100 -100 -100 0.0000 none
-100 -100 -100 -100 0.0000 none
-100 -100 -100 -100 0.0000 none
-100 -100 -100 -100 0.0000 none
-100 -100 -100 -100 0.0000 none
813.75 685.55 3.75 2.11 0.5529 per_frame
810.00 683.44 18.75 6.33 0.9647 per_frame
810.00 681.33 18.75 8.44 0.9686 per_frame
-100 -100 -100 -100 0.0000 none
-100 -100 -100 -100 0.0000 none
-100 -100 -100 -100 0.0000 none
-100 -100 -100 -100 0.0000 none
-100 -100 -100 -100 0.0000 none
-100 -100 -100 -100 0.0000 none
-100 -100 -100 -100 0.0000 none
-100 -100 -100 -100 0.0000 none
-100 -100 -100 -100 0.0000 none
-100 -100 -100 -100 0.0000 none
817.50 683.44 15.00 6.33 0.8627 per_frame
813.75 681.33 18.75 8.44 0.9922 per_frame
-100 -100 -100 -100 0.0000 none
-100 -100 -100 -100 0.0000 none
-100 -100 -100 -100 0.0000 none
-100 -100 -100 -100 0.0000 none
-100 -100 -100 -100 0.0000 none
-100 -100 -100 -100 0.0000 none
-100 -100 -100 -100 0.0000 none
-100 -100 -100 -100 0.0000 none
-100 -100 -100 -100 0.0000 none
-100 -100 -100 -100 0.0000 none
-100 -100 -100 -100 0.0000 none
-100 -100 -100 -100 0.0000 none
-100 -100 -100 -100 0.0000 none
-100 -100 -100 -100 0.0000 none
-100 -100 -100 -100 0.0000 none
-100 -100 -100 -100 0.0000 none
-100 -100 -100 -100 0.0000 none
-100 -100 -100 -100 0.0000 none
-100 -100 -100 -100 0.0000 none
-100 -100 -100 -100 0.0000 none
-100 -100 -100 -100 0.0000 none
-100 -100 -100 -100 0.0000 none
-100 -100 -100 -100 0.0000 none
-100 -100 -100 -100 0.0000 none
-100 -100 -100 -100 0.0000 none
-100 -100 -100 -100 0.0000 none
-100 -100 -100 -100 0.0000 none
-100 -100 -100 -100 0.0000 none
-100 -100 -100 -100 0.0000 none
-100 -100 -100 -100 0.0000 none
-100 -100 -100 -100 0.0000 none
-100 -100 -100 -100 0.0000 none
-100 -100 -100 -100 0.0000 none
-100 -100 -100 -100 0.0000 none
-100 -100 -100 -100 0.0000 none
-100 -100 -100 -100 0.0000 none
-100 -100 -100 -100 0.0000 none
-100 -100 -100 -100 0.0000 none
-100 -100 -100 -100 0.0000 none
-100 -100 -100 -100 0.0000 none
-100 -100 -100 -100 0.0000 none
-100 -100 -100 -100 0.0000 none
-100 -100 -100 -100 0.0000 none
-100 -100 -100 -100 0.0000 none
-100 -100 -100 -100 0.0000 none
-100 -100 -100 -100 0.0000 none
-100 -100 -100 -100 0.0000 none
-100 -100 -100 -100 0.0000 none
-100 -100 -100 -100 0.0000 none
-100 -100 -100 -100 0.0000 none
-100 -100 -100 -100 0.0000 none
-100 -100 -100 -100 0.0000 none
-100 -100 -100 -100 0.0000 none
-100 -100 -100 -100 0.0000 none
-100 -100 -100 -100 0.0000 none
-100 -100 -100 -100 0.0000 none
-100 -100 -100 -100 0.0000 none
-100 -100 -100 -100 0.0000 none
-100 -100 -100 -100 0.0000 none
-100 -100 -100 -100 0.0000 none
-100 -100 -100 -100 0.0000 none
-100 -100 -100 -100 0.0000 none
-100 -100 -100 -100 0.0000 none
-100 -100 -100 -100 0.0000 none
-100 -100 -100 -100 0.0000 none
-100 -100 -100 -100 0.0000 none
-100 -100 -100 -100 0.0000 none
-100 -100 -100 -100 0.0000 none
-100 -100 -100 -100 0.0000 none
-100 -100 -100 -100 0.0000 none
-100 -100 -100 -100 0.0000 none
-100 -100 -100 -100 0.0000 none
-100 -100 -100 -100 0.0000 none
-100 -100 -100 -100 0.0000 none
-100 -100 -100 -100 0.0000 none
-100 -100 -100 -100 0.0000 none
-100 -100 -100 -100 0.0000 none
-100 -100 -100 -100 0.0000 none
-100 -100 -100 -100 0.0000 none
-100 -100 -100 -100 0.0000 none
-100 -100 -100 -100 0.0000 none
-100 -100 -100 -100 0.0000 none
-100 -100 -100 -100 0.0000 none
-100 -100 -100 -100 0.0000 none
-100 -100 -100 -100 0.0000 none
-100 -100 -100 -100 0.0000 none
-100 -100 -100 -100 0.0000 none
-100 -100 -100 -100 0.0000 none
-100 -100 -100 -100 0.0000 none
-100 -100 -100 -100 0.0000 none
-100 -100 -100 -100 0.0000 none
-100 -100 -100 -100 0.0000 none
-100 -100 -100 -100 0.0000 none
-100 -100 -100 -100 0.0000 none
-100 -100 -100 -100 0.0000 none
-100 -100 -100 -100 0.0000 none
-100 -100 -100 -100 0.0000 none
-100 -100 -100 -100 0.0000 none
-100 -100 -100 -100 0.0000 none
-100 -100 -100 -100 0.0000 none
-100 -100 -100 -100 0.0000 none
-100 -100 -100 -100 0.0000 none
-100 -100 -100 -100 0.0000 none
-100 -100 -100 -100 0.0000 none
-100 -100 -100 -100 0.0000 none
-100 -100 -100 -100 0.0000 none
-100 -100 -100 -100 0.0000 none
-100 -100 -100 -100 0.0000 none
-100 -100 -100 -100 0.0000 none
-100 -100 -100 -100 0.0000 none
-100 -100 -100 -100 0.0000 none
-100 -100 -100 -100 0.0000 none
-100 -100 -100 -100 0.0000 none
-100 -100 -100 -100 0.0000 none
-100 -100 -100 -100 0.0000 none
-100 -100 -100 -100 0.0000 none
-100 -100 -100 -100 0.0000 none
-100 -100 -100 -100 0.0000 none
-100 -100 -100 -100 0.0000 none
-100 -100 -100 -100 0.0000 none
-100 -100 -100 -100 0.0000 none
-100 -100 -100 -100 0.0000 none
-100 -100 -100 -100 0.0000 none
-100 -100 -100 -100 0.0000 none
-100 -100 -100 -100 0.0000 none
-100 -100 -100 -100 0.0000 none
-100 -100 -100 -100 0.0000 none
-100 -100 -100 -100 0.0000 none
-100 -100 -100 -100 0.0000 none
-100 -100 -100 -100 0.0000 none
-100 -100 -100 -100 0.0000 none
-100 -100 -100 -100 0.0000 none
-100 -100 -100 -100 0.0000 none
1578.75 603.28 3.75 2.11 0.7176 per_frame
1578.75 603.28 7.50 2.11 0.8745 per_frame
1578.75 603.28 7.50 4.22 1.0000 per_frame
1578.75 603.28 7.50 4.22 0.9961 per_frame
1578.75 603.28 7.50 4.22 0.9961 per_frame
1578.75 603.28 7.50 4.22 0.9961 per_frame
-100 -100 -100 -100 0.0000 none
-100 -100 -100 -100 0.0000 none
1578.75 603.28 7.50 2.11 0.8824 per_frame
1578.75 603.28 7.50 4.22 0.9804 per_frame
-100 -100 -100 -100 0.0000 none
-100 -100 -100 -100 0.0000 none
-100 -100 -100 -100 0.0000 none
-100 -100 -100 -100 0.0000 none
-100 -100 -100 -100 0.0000 none
-100 -100 -100 -100 0.0000 none
-100 -100 -100 -100 0.0000 none
-100 -100 -100 -100 0.0000 none
-100 -100 -100 -100 0.0000 none
-100 -100 -100 -100 0.0000 none
-100 -100 -100 -100 0.0000 none
-100 -100 -100 -100 0.0000 none
-100 -100 -100 -100 0.0000 none
-100 -100 -100 -100 0.0000 none
-100 -100 -100 -100 0.0000 none
-100 -100 -100 -100 0.0000 none
-100 -100 -100 -100 0.0000 none
-100 -100 -100 -100 0.0000 none
-100 -100 -100 -100 0.0000 none
-100 -100 -100 -100 0.0000 none
-100 -100 -100 -100 0.0000 none
-100 -100 -100 -100 0.0000 none
-100 -100 -100 -100 0.0000 none
-100 -100 -100 -100 0.0000 none
-100 -100 -100 -100 0.0000 none
-100 -100 -100 -100 0.0000 none
-100 -100 -100 -100 0.0000 none
-100 -100 -100 -100 0.0000 none
-100 -100 -100 -100 0.0000 none
-100 -100 -100 -100 0.0000 none
-100 -100 -100 -100 0.0000 none
-100 -100 -100 -100 0.0000 none
-100 -100 -100 -100 0.0000 none
-100 -100 -100 -100 0.0000 none
-100 -100 -100 -100 0.0000 none
-100 -100 -100 -100 0.0000 none
-100 -100 -100 -100 0.0000 none
-100 -100 -100 -100 0.0000 none
-100 -100 -100 -100 0.0000 none
-100 -100 -100 -100 0.0000 none
-100 -100 -100 -100 0.0000 none
-100 -100 -100 -100 0.0000 none
-100 -100 -100 -100 0.0000 none
-100 -100 -100 -100 0.0000 none
-100 -100 -100 -100 0.0000 none
-100 -100 -100 -100 0.0000 none
-100 -100 -100 -100 0.0000 none
-100 -100 -100 -100 0.0000 none
-100 -100 -100 -100 0.0000 none
-100 -100 -100 -100 0.0000 none
-100 -100 -100 -100 0.0000 none
-100 -100 -100 -100 0.0000 none
-100 -100 -100 -100 0.0000 none
-100 -100 -100 -100 0.0000 none
-100 -100 -100 -100 0.0000 none
-100 -100 -100 -100 0.0000 none
-100 -100 -100 -100 0.0000 none
-100 -100 -100 -100 0.0000 none
-100 -100 -100 -100 0.0000 none
-100 -100 -100 -100 0.0000 none
-100 -100 -100 -100 0.0000 none
-100 -100 -100 -100 0.0000 none
-100 -100 -100 -100 0.0000 none
-100 -100 -100 -100 0.0000 none
-100 -100 -100 -100 0.0000 none
-100 -100 -100 -100 0.0000 none
-100 -100 -100 -100 0.0000 none
-100 -100 -100 -100 0.0000 none
-100 -100 -100 -100 0.0000 none
-100 -100 -100 -100 0.0000 none
-100 -100 -100 -100 0.0000 none
-100 -100 -100 -100 0.0000 none
-100 -100 -100 -100 0.0000 none
-100 -100 -100 -100 0.0000 none
-100 -100 -100 -100 0.0000 none
-100 -100 -100 -100 0.0000 none
-100 -100 -100 -100 0.0000 none
-100 -100 -100 -100 0.0000 none
-100 -100 -100 -100 0.0000 none
-100 -100 -100 -100 0.0000 none
-100 -100 -100 -100 0.0000 none
-100 -100 -100 -100 0.0000 none
-100 -100 -100 -100 0.0000 none
-100 -100 -100 -100 0.0000 none
-100 -100 -100 -100 0.0000 none
-100 -100 -100 -100 0.0000 none
-100 -100 -100 -100 0.0000 none
-100 -100 -100 -100 0.0000 none
-100 -100 -100 -100 0.0000 none
-100 -100 -100 -100 0.0000 none
-100 -100 -100 -100 0.0000 none
-100 -100 -100 -100 0.0000 none
-100 -100 -100 -100 0.0000 none
-100 -100 -100 -100 0.0000 none
-100 -100 -100 -100 0.0000 none
-100 -100 -100 -100 0.0000 none
-100 -100 -100 -100 0.0000 none
-100 -100 -100 -100 0.0000 none
-100 -100 -100 -100 0.0000 none
-100 -100 -100 -100 0.0000 none
-100 -100 -100 -100 0.0000 none
-100 -100 -100 -100 0.0000 none
-100 -100 -100 -100 0.0000 none
-100 -100 -100 -100 0.0000 none
-100 -100 -100 -100 0.0000 none
-100 -100 -100 -100 0.0000 none
-100 -100 -100 -100 0.0000 none
-100 -100 -100 -100 0.0000 none
-100 -100 -100 -100 0.0000 none
-100 -100 -100 -100 0.0000 none
-100 -100 -100 -100 0.0000 none
-100 -100 -100 -100 0.0000 none
-100 -100 -100 -100 0.0000 none
-100 -100 -100 -100 0.0000 none
-100 -100 -100 -100 0.0000 none
-100 -100 -100 -100 0.0000 none
-100 -100 -100 -100 0.0000 none
-100 -100 -100 -100 0.0000 none
-100 -100 -100 -100 0.0000 none
-100 -100 -100 -100 0.0000 none
-100 -100 -100 -100 0.0000 none
-100 -100 -100 -100 0.0000 none
-100 -100 -100 -100 0.0000 none
-100 -100 -100 -100 0.0000 none
-100 -100 -100 -100 0.0000 none
-100 -100 -100 -100 0.0000 none
-100 -100 -100 -100 0.0000 none
-100 -100 -100 -100 0.0000 none
-100 -100 -100 -100 0.0000 none
-100 -100 -100 -100 0.0000 none
-100 -100 -100 -100 0.0000 none
-100 -100 -100 -100 0.0000 none
-100 -100 -100 -100 0.0000 none
-100 -100 -100 -100 0.0000 none
-100 -100 -100 -100 0.0000 none
-100 -100 -100 -100 0.0000 none
-100 -100 -100 -100 0.0000 none
-100 -100 -100 -100 0.0000 none
-100 -100 -100 -100 0.0000 none
-100 -100 -100 -100 0.0000 none
-100 -100 -100 -100 0.0000 none
-100 -100 -100 -100 0.0000 none
-100 -100 -100 -100 0.0000 none
817.50 683.44 3.75 2.11 0.5882 per_frame
-100 -100 -100 -100 0.0000 none
810.00 681.33 15.00 8.44 0.9843 per_frame
-100 -100 -100 -100 0.0000 none
-100 -100 -100 -100 0.0000 none
-100 -100 -100 -100 0.0000 none
-100 -100 -100 -100 0.0000 none
-100 -100 -100 -100 0.0000 none
-100 -100 -100 -100 0.0000 none
-100 -100 -100 -100 0.0000 none
-100 -100 -100 -100 0.0000 none
-100 -100 -100 -100 0.0000 none
-100 -100 -100 -100 0.0000 none
-100 -100 -100 -100 0.0000 none
-100 -100 -100 -100 0.0000 none
-100 -100 -100 -100 0.0000 none
-100 -100 -100 -100 0.0000 none
-100 -100 -100 -100 0.0000 none
-100 -100 -100 -100 0.0000 none
-100 -100 -100 -100 0.0000 none
-100 -100 -100 -100 0.0000 none
-100 -100 -100 -100 0.0000 none
-100 -100 -100 -100 0.0000 none
-100 -100 -100 -100 0.0000 none
-100 -100 -100 -100 0.0000 none
-100 -100 -100 -100 0.0000 none
-100 -100 -100 -100 0.0000 none
-100 -100 -100 -100 0.0000 none
-100 -100 -100 -100 0.0000 none
-100 -100 -100 -100 0.0000 none
-100 -100 -100 -100 0.0000 none
-100 -100 -100 -100 0.0000 none
-100 -100 -100 -100 0.0000 none
-100 -100 -100 -100 0.0000 none
-100 -100 -100 -100 0.0000 none
-100 -100 -100 -100 0.0000 none
-100 -100 -100 -100 0.0000 none
-100 -100 -100 -100 0.0000 none
-100 -100 -100 -100 0.0000 none
-100 -100 -100 -100 0.0000 none
813.75 681.33 7.50 4.22 0.6824 per_frame
-100 -100 -100 -100 0.0000 none
-100 -100 -100 -100 0.0000 none
-100 -100 -100 -100 0.0000 none
-100 -100 -100 -100 0.0000 none
-100 -100 -100 -100 0.0000 none
-100 -100 -100 -100 0.0000 none
-100 -100 -100 -100 0.0000 none
-100 -100 -100 -100 0.0000 none
-100 -100 -100 -100 0.0000 none
-100 -100 -100 -100 0.0000 none
-100 -100 -100 -100 0.0000 none
-100 -100 -100 -100 0.0000 none
-100 -100 -100 -100 0.0000 none
-100 -100 -100 -100 0.0000 none
-100 -100 -100 -100 0.0000 none
-100 -100 -100 -100 0.0000 none
-100 -100 -100 -100 0.0000 none
-100 -100 -100 -100 0.0000 none
-100 -100 -100 -100 0.0000 none
-100 -100 -100 -100 0.0000 none
-100 -100 -100 -100 0.0000 none
-100 -100 -100 -100 0.0000 none
-100 -100 -100 -100 0.0000 none
-100 -100 -100 -100 0.0000 none
-100 -100 -100 -100 0.0000 none
-100 -100 -100 -100 0.0000 none
-100 -100 -100 -100 0.0000 none
-100 -100 -100 -100 0.0000 none
-100 -100 -100 -100 0.0000 none
-100 -100 -100 -100 0.0000 none
-100 -100 -100 -100 0.0000 none
813.75 681.33 7.50 2.11 0.8471 per_frame
813.75 681.33 3.75 2.11 0.6039 per_frame
810.00 679.22 18.75 8.44 0.9922 per_frame
810.00 679.22 18.75 8.44 0.9843 per_frame
802.50 677.11 30.00 12.66 1.0000 per_frame
810.00 679.22 18.75 8.44 0.9922 per_frame
810.00 679.22 18.75 8.44 0.9961 per_frame
813.75 681.33 7.50 2.11 0.6392 per_frame
813.75 681.33 3.75 2.11 0.5490 per_frame
-100 -100 -100 -100 0.0000 none
810.00 679.22 11.25 6.33 0.9922 per_frame
810.00 679.22 15.00 6.33 0.9843 per_frame
802.50 677.11 30.00 12.66 1.0000 per_frame
810.00 679.22 22.50 10.55 0.9882 per_frame
-100 -100 -100 -100 0.0000 none
-100 -100 -100 -100 0.0000 none
-100 -100 -100 -100 0.0000 none
-100 -100 -100 -100 0.0000 none
-100 -100 -100 -100 0.0000 none
-100 -100 -100 -100 0.0000 none
-100 -100 -100 -100 0.0000 none
-100 -100 -100 -100 0.0000 none
-100 -100 -100 -100 0.0000 none
-100 -100 -100 -100 0.0000 none
-100 -100 -100 -100 0.0000 none
-100 -100 -100 -100 0.0000 none
-100 -100 -100 -100 0.0000 none
-100 -100 -100 -100 0.0000 none
-100 -100 -100 -100 0.0000 none
-100 -100 -100 -100 0.0000 none
-100 -100 -100 -100 0.0000 none
-100 -100 -100 -100 0.0000 none
-100 -100 -100 -100 0.0000 none
-100 -100 -100 -100 0.0000 none
-100 -100 -100 -100 0.0000 none
-100 -100 -100 -100 0.0000 none
-100 -100 -100 -100 0.0000 none
-100 -100 -100 -100 0.0000 none
-100 -100 -100 -100 0.0000 none
-100 -100 -100 -100 0.0000 none
-100 -100 -100 -100 0.0000 none
-100 -100 -100 -100 0.0000 none
-100 -100 -100 -100 0.0000 none
-100 -100 -100 -100 0.0000 none
-100 -100 -100 -100 0.0000 none
-100 -100 -100 -100 0.0000 none
-100 -100 -100 -100 0.0000 none
-100 -100 -100 -100 0.0000 none
-100 -100 -100 -100 0.0000 none
-100 -100 -100 -100 0.0000 none
-100 -100 -100 -100 0.0000 none
-100 -100 -100 -100 0.0000 none
-100 -100 -100 -100 0.0000 none
-100 -100 -100 -100 0.0000 none
-100 -100 -100 -100 0.0000 none
-100 -100 -100 -100 0.0000 none
-100 -100 -100 -100 0.0000 none
-100 -100 -100 -100 0.0000 none
-100 -100 -100 -100 0.0000 none
-100 -100 -100 -100 0.0000 none
-100 -100 -100 -100 0.0000 none
-100 -100 -100 -100 0.0000 none
-100 -100 -100 -100 0.0000 none
-100 -100 -100 -100 0.0000 none
-100 -100 -100 -100 0.0000 none
-100 -100 -100 -100 0.0000 none
-100 -100 -100 -100 0.0000 none
-100 -100 -100 -100 0.0000 none
-100 -100 -100 -100 0.0000 none
-100 -100 -100 -100 0.0000 none
-100 -100 -100 -100 0.0000 none
-100 -100 -100 -100 0.0000 none
-100 -100 -100 -100 0.0000 none
-100 -100 -100 -100 0.0000 none
-100 -100 -100 -100 0.0000 none
-100 -100 -100 -100 0.0000 none
-100 -100 -100 -100 0.0000 none
-100 -100 -100 -100 0.0000 none
-100 -100 -100 -100 0.0000 none
-100 -100 -100 -100 0.0000 none
-100 -100 -100 -100 0.0000 none
-100 -100 -100 -100 0.0000 none
-100 -100 -100 -100 0.0000 none
-100 -100 -100 -100 0.0000 none
-100 -100 -100 -100 0.0000 none
-100 -100 -100 -100 0.0000 none
-100 -100 -100 -100 0.0000 none
-100 -100 -100 -100 0.0000 none
-100 -100 -100 -100 0.0000 none
-100 -100 -100 -100 0.0000 none
-100 -100 -100 -100 0.0000 none
-100 -100 -100 -100 0.0000 none
-100 -100 -100 -100 0.0000 none
-100 -100 -100 -100 0.0000 none
-100 -100 -100 -100 0.0000 none
-100 -100 -100 -100 0.0000 none
-100 -100 -100 -100 0.0000 none
-100 -100 -100 -100 0.0000 none
-100 -100 -100 -100 0.0000 none
-100 -100 -100 -100 0.0000 none
-100 -100 -100 -100 0.0000 none
-100 -100 -100 -100 0.0000 none
-100 -100 -100 -100 0.0000 none
-100 -100 -100 -100 0.0000 none
-100 -100 -100 -100 0.0000 none
-100 -100 -100 -100 0.0000 none
-100 -100 -100 -100 0.0000 none
-100 -100 -100 -100 0.0000 none
-100 -100 -100 -100 0.0000 none
-100 -100 -100 -100 0.0000 none
-100 -100 -100 -100 0.0000 none
-100 -100 -100 -100 0.0000 none
-100 -100 -100 -100 0.0000 none
-100 -100 -100 -100 0.0000 none
-100 -100 -100 -100 0.0000 none
-100 -100 -100 -100 0.0000 none
-100 -100 -100 -100 0.0000 none
-100 -100 -100 -100 0.0000 none
-100 -100 -100 -100 0.0000 none
-100 -100 -100 -100 0.0000 none
-100 -100 -100 -100 0.0000 none
-100 -100 -100 -100 0.0000 none
-100 -100 -100 -100 0.0000 none
-100 -100 -100 -100 0.0000 none
-100 -100 -100 -100 0.0000 none
-100 -100 -100 -100 0.0000 none
-100 -100 -100 -100 0.0000 none
-100 -100 -100 -100 0.0000 none
-100 -100 -100 -100 0.0000 none
-100 -100 -100 -100 0.0000 none
-100 -100 -100 -100 0.0000 none
-100 -100 -100 -100 0.0000 none
-100 -100 -100 -100 0.0000 none
-100 -100 -100 -100 0.0000 none
-100 -100 -100 -100 0.0000 none
821.25 683.44 7.50 4.22 0.8118 per_frame
821.25 683.44 7.50 4.22 0.8235 per_frame
-100 -100 -100 -100 0.0000 none
-100 -100 -100 -100 0.0000 none
-100 -100 -100 -100 0.0000 none
-100 -100 -100 -100 0.0000 none
-100 -100 -100 -100 0.0000 none
-100 -100 -100 -100 0.0000 none
-100 -100 -100 -100 0.0000 none
-100 -100 -100 -100 0.0000 none
-100 -100 -100 -100 0.0000 none
-100 -100 -100 -100 0.0000 none
-100 -100 -100 -100 0.0000 none
-100 -100 -100 -100 0.0000 none
-100 -100 -100 -100 0.0000 none
-100 -100 -100 -100 0.0000 none
-100 -100 -100 -100 0.0000 none
-100 -100 -100 -100 0.0000 none
-100 -100 -100 -100 0.0000 none
-100 -100 -100 -100 0.0000 none
-100 -100 -100 -100 0.0000 none
-100 -100 -100 -100 0.0000 none
-100 -100 -100 -100 0.0000 none
-100 -100 -100 -100 0.0000 none
-100 -100 -100 -100 0.0000 none
-100 -100 -100 -100 0.0000 none
-100 -100 -100 -100 0.0000 none
-100 -100 -100 -100 0.0000 none
-100 -100 -100 -100 0.0000 none
-100 -100 -100 -100 0.0000 none
1905.00 548.44 7.50 4.22 0.6863 per_frame
1908.75 550.55 3.75 2.11 0.5451 per_frame
1905.00 548.44 7.50 4.22 0.9020 per_frame
1905.00 548.44 7.50 4.22 0.9608 per_frame
-100 -100 -100 -100 0.0000 none
-100 -100 -100 -100 0.0000 none
821.25 685.55 7.50 4.22 0.7608 per_frame
817.50 685.55 11.25 4.22 0.7686 per_frame
-100 -100 -100 -100 0.0000 none
-100 -100 -100 -100 0.0000 none
-100 -100 -100 -100 0.0000 none
-100 -100 -100 -100 0.0000 none
-100 -100 -100 -100 0.0000 none
-100 -100 -100 -100 0.0000 none
813.75 681.33 18.75 8.44 0.9686 per_frame
802.50 677.11 33.75 14.77 1.0000 per_frame
802.50 677.11 33.75 14.77 1.0000 per_frame
798.75 675.00 37.50 16.88 1.0000 per_frame
802.50 677.11 33.75 14.77 1.0000 per_frame
813.75 681.33 18.75 8.44 1.0000 per_frame
813.75 681.33 18.75 8.44 0.9961 per_frame
-100 -100 -100 -100 0.0000 none
-100 -100 -100 -100 0.0000 none
-100 -100 -100 -100 0.0000 none
-100 -100 -100 -100 0.0000 none
-100 -100 -100 -100 0.0000 none
-100 -100 -100 -100 0.0000 none
802.50 677.11 30.00 12.66 1.0000 per_frame
810.00 681.33 18.75 8.44 0.9843 per_frame
-100 -100 -100 -100 0.0000 none
802.50 677.11 30.00 12.66 0.9961 per_frame
813.75 681.33 3.75 2.11 0.5137 per_frame
798.75 675.00 33.75 14.77 1.0000 per_frame
802.50 677.11 26.25 12.66 1.0000 per_frame
-100 -100 -100 -100 0.0000 none
-100 -100 -100 -100 0.0000 none
813.75 681.33 15.00 6.33 0.9098 per_frame
813.75 681.33 7.50 4.22 0.7529 per_frame
-100 -100 -100 -100 0.0000 none
-100 -100 -100 -100 0.0000 none
813.75 681.33 11.25 6.33 0.6431 per_frame
-100 -100 -100 -100 0.0000 none
813.75 681.33 15.00 6.33 0.9569 per_frame
-100 -100 -100 -100 0.0000 none
-100 -100 -100 -100 0.0000 none
810.00 679.22 18.75 10.55 0.9961 per_frame
817.50 683.44 7.50 4.22 0.7373 per_frame
810.00 679.22 26.25 12.66 1.0000 per_frame
813.75 681.33 18.75 8.44 0.9922 per_frame
802.50 677.11 30.00 14.77 1.0000 per_frame
810.00 681.33 22.50 8.44 0.9922 per_frame
-100 -100 -100 -100 0.0000 none
-100 -100 -100 -100 0.0000 none
813.75 679.22 18.75 10.55 0.9804 per_frame
813.75 679.22 18.75 10.55 0.9882 per_frame
810.00 679.22 22.50 10.55 1.0000 per_frame
810.00 679.22 22.50 10.55 0.9961 per_frame
802.50 677.11 33.75 14.77 1.0000 per_frame
802.50 677.11 33.75 12.66 1.0000 per_frame
806.25 679.22 26.25 10.55 1.0000 per_frame
-100 -100 -100 -100 0.0000 none
-100 -100 -100 -100 0.0000 none
-100 -100 -100 -100 0.0000 none
-100 -100 -100 -100 0.0000 none
-100 -100 -100 -100 0.0000 none
-100 -100 -100 -100 0.0000 none
-100 -100 -100 -100 0.0000 none
-100 -100 -100 -100 0.0000 none
-100 -100 -100 -100 0.0000 none
-100 -100 -100 -100 0.0000 none
-100 -100 -100 -100 0.0000 none
-100 -100 -100 -100 0.0000 none
-100 -100 -100 -100 0.0000 none
-100 -100 -100 -100 0.0000 none
802.50 677.11 22.50 10.55 0.9961 per_frame
-100 -100 -100 -100 0.0000 none
-100 -100 -100 -100 0.0000 none
-100 -100 -100 -100 0.0000 none
-100 -100 -100 -100 0.0000 none
-100 -100 -100 -100 0.0000 none
-100 -100 -100 -100 0.0000 none
817.50 681.33 3.75 4.22 0.6235 per_frame
813.75 681.33 7.50 4.22 0.6667 per_frame
-100 -100 -100 -100 0.0000 none
-100 -100 -100 -100 0.0000 none
-100 -100 -100 -100 0.0000 none
813.75 681.33 7.50 4.22 0.6392 per_frame
-100 -100 -100 -100 0.0000 none
-100 -100 -100 -100 0.0000 none
-100 -100 -100 -100 0.0000 none
802.50 677.11 30.00 14.77 1.0000 per_frame
802.50 677.11 33.75 14.77 1.0000 per_frame
810.00 681.33 18.75 8.44 0.9922 per_frame
813.75 681.33 15.00 6.33 0.9412 per_frame
810.00 679.22 15.00 8.44 0.9882 per_frame
802.50 677.11 30.00 12.66 1.0000 per_frame
802.50 677.11 26.25 12.66 1.0000 per_frame
806.25 681.33 18.75 6.33 0.9608 per_frame
802.50 679.22 26.25 10.55 1.0000 per_frame
-100 -100 -100 -100 0.0000 none
813.75 681.33 3.75 4.22 0.7137 per_frame
-100 -100 -100 -100 0.0000 none
-100 -100 -100 -100 0.0000 none
813.75 681.33 7.50 4.22 0.8706 per_frame
813.75 681.33 3.75 2.11 0.6745 per_frame
806.25 679.22 26.25 10.55 1.0000 per_frame
806.25 679.22 26.25 10.55 1.0000 per_frame
802.50 677.11 30.00 12.66 1.0000 per_frame
802.50 677.11 30.00 12.66 1.0000 per_frame
798.75 675.00 33.75 16.88 1.0000 per_frame
802.50 677.11 26.25 12.66 1.0000 per_frame
802.50 677.11 30.00 12.66 1.0000 per_frame
802.50 677.11 26.25 12.66 1.0000 per_frame
802.50 679.22 26.25 10.55 1.0000 per_frame
810.00 681.33 15.00 6.33 0.9569 per_frame
802.50 677.11 30.00 12.66 1.0000 per_frame
802.50 679.22 26.25 10.55 1.0000 per_frame
802.50 677.11 30.00 14.77 1.0000 per_frame
802.50 677.11 30.00 12.66 1.0000 per_frame
810.00 681.33 11.25 6.33 0.9255 per_frame
802.50 677.11 33.75 14.77 1.0000 per_frame
802.50 677.11 33.75 14.77 1.0000 per_frame
-100 -100 -100 -100 0.0000 none
-100 -100 -100 -100 0.0000 none
-100 -100 -100 -100 0.0000 none
-100 -100 -100 -100 0.0000 none
813.75 681.33 11.25 6.33 0.7961 per_frame
810.00 681.33 18.75 8.44 0.9804 per_frame
802.50 677.11 26.25 12.66 1.0000 per_frame
802.50 677.11 26.25 12.66 1.0000 per_frame
-100 -100 -100 -100 0.0000 none
-100 -100 -100 -100 0.0000 none
813.75 681.33 11.25 6.33 0.9098 per_frame
-100 -100 -100 -100 0.0000 none
-100 -100 -100 -100 0.0000 none
802.50 675.00 30.00 14.77 1.0000 per_frame
802.50 675.00 30.00 14.77 1.0000 per_frame
798.75 675.00 37.50 16.88 1.0000 per_frame
798.75 675.00 37.50 16.88 1.0000 per_frame
802.50 677.11 30.00 12.66 0.9961 per_frame
806.25 679.22 22.50 10.55 0.9922 per_frame
813.75 681.33 15.00 8.44 0.9922 per_frame
15.00 6.33 3.75 4.22 0.9922 per_frame
15.00 6.33 3.75 4.22 0.5725 per_frame
15.00 8.44 3.75 2.11 0.9020 per_frame
11.25 4.22 22.50 12.66 1.0000 per_frame
11.25 4.22 26.25 14.77 1.0000 per_frame
11.25 4.22 26.25 14.77 1.0000 per_frame
11.25 4.22 26.25 14.77 1.0000 per_frame
7.50 4.22 30.00 16.88 1.0000 per_frame
7.50 4.22 30.00 16.88 1.0000 per_frame
7.50 4.22 33.75 16.88 1.0000 per_frame
7.50 4.22 33.75 16.88 1.0000 per_frame
7.50 2.11 37.50 21.09 1.0000 per_frame
7.50 2.11 37.50 21.09 1.0000 per_frame
7.50 2.11 37.50 21.09 1.0000 per_frame
7.50 2.11 33.75 21.09 1.0000 per_frame
7.50 2.11 41.25 21.09 1.0000 per_frame
11.25 2.11 37.50 21.09 1.0000 per_frame
11.25 2.11 37.50 21.09 1.0000 per_frame
11.25 2.11 37.50 21.09 1.0000 per_frame
11.25 2.11 41.25 21.09 1.0000 per_frame
11.25 2.11 45.00 21.09 1.0000 per_frame
11.25 2.11 41.25 23.20 1.0000 per_frame
11.25 2.11 41.25 23.20 1.0000 per_frame
11.25 2.11 45.00 25.31 1.0000 per_frame
11.25 2.11 45.00 29.53 1.0000 per_frame
11.25 2.11 48.75 27.42 1.0000 per_frame
11.25 2.11 52.50 29.53 1.0000 per_frame
11.25 2.11 52.50 29.53 1.0000 per_frame
11.25 2.11 56.25 31.64 1.0000 per_frame
11.25 2.11 56.25 33.75 1.0000 per_frame
7.50 2.11 60.00 33.75 1.0000 per_frame
7.50 2.11 63.75 35.86 1.0000 per_frame
11.25 0.00 60.00 40.08 1.0000 per_frame
11.25 0.00 63.75 37.97 1.0000 per_frame
11.25 0.00 67.50 42.19 1.0000 per_frame
11.25 0.00 67.50 40.08 1.0000 per_frame
11.25 0.00 71.25 40.08 1.0000 per_frame
11.25 0.00 75.00 40.08 1.0000 per_frame
11.25 0.00 78.75 37.97 1.0000 per_frame
11.25 0.00 86.25 42.19 1.0000 per_frame
11.25 0.00 86.25 40.08 1.0000 per_frame
11.25 0.00 90.00 40.08 1.0000 per_frame
15.00 0.00 86.25 40.08 1.0000 per_frame
15.00 0.00 93.75 40.08 1.0000 per_frame
18.75 0.00 93.75 40.08 1.0000 per_frame
22.50 0.00 93.75 42.19 1.0000 per_frame
26.25 0.00 90.00 37.97 1.0000 per_frame
26.25 0.00 93.75 40.08 1.0000 per_frame
26.25 0.00 97.50 42.19 1.0000 per_frame
26.25 0.00 101.25 40.08 1.0000 per_frame
30.00 0.00 97.50 37.97 1.0000 per_frame
30.00 0.00 101.25 40.08 1.0000 per_frame
33.75 0.00 105.00 37.97 1.0000 per_frame
33.75 0.00 105.00 40.08 1.0000 per_frame
37.50 2.11 105.00 37.97 1.0000 per_frame
41.25 2.11 105.00 37.97 1.0000 per_frame
45.00 2.11 97.50 40.08 1.0000 per_frame
45.00 2.11 105.00 40.08 1.0000 per_frame
48.75 2.11 105.00 40.08 1.0000 per_frame
48.75 2.11 101.25 40.08 1.0000 per_frame
52.50 4.22 101.25 40.08 1.0000 per_frame
56.25 2.11 105.00 44.30 1.0000 per_frame
56.25 2.11 108.75 44.30 1.0000 per_frame
60.00 4.22 101.25 42.19 1.0000 per_frame
60.00 4.22 101.25 46.41 1.0000 per_frame
63.75 6.33 105.00 46.41 1.0000 per_frame
63.75 6.33 105.00 48.52 1.0000 per_frame
67.50 8.44 105.00 46.41 1.0000 per_frame
67.50 10.55 108.75 46.41 1.0000 per_frame
67.50 12.66 105.00 46.41 1.0000 per_frame
67.50 16.88 90.00 42.19 1.0000 per_frame
71.25 18.98 97.50 44.30 1.0000 per_frame
71.25 21.09 93.75 44.30 1.0000 per_frame
75.00 23.20 101.25 46.41 1.0000 per_frame
75.00 25.31 93.75 46.41 1.0000 per_frame
78.75 27.42 97.50 44.30 1.0000 per_frame
75.00 29.53 101.25 46.41 1.0000 per_frame
75.00 31.64 105.00 48.52 1.0000 per_frame
78.75 35.86 101.25 44.30 1.0000 per_frame
78.75 37.97 105.00 46.41 1.0000 per_frame
78.75 40.08 108.75 48.52 1.0000 per_frame
78.75 44.30 108.75 44.30 1.0000 per_frame
78.75 44.30 105.00 46.41 1.0000 per_frame
75.00 48.52 105.00 44.30 1.0000 per_frame
78.75 50.62 90.00 42.19 1.0000 per_frame
78.75 52.73 97.50 42.19 1.0000 per_frame
78.75 54.84 101.25 42.19 1.0000 per_frame
78.75 56.95 97.50 44.30 1.0000 per_frame
78.75 59.06 105.00 44.30 1.0000 per_frame
78.75 61.17 101.25 44.30 1.0000 per_frame
78.75 63.28 105.00 46.41 1.0000 per_frame
78.75 65.39 101.25 46.41 1.0000 per_frame
78.75 69.61 108.75 42.19 1.0000 per_frame
78.75 71.72 108.75 44.30 1.0000 per_frame
78.75 75.94 108.75 44.30 1.0000 per_frame
78.75 78.05 105.00 44.30 1.0000 per_frame
78.75 80.16 108.75 44.30 1.0000 per_frame
78.75 84.38 101.25 44.30 1.0000 per_frame
78.75 86.48 97.50 44.30 1.0000 per_frame
78.75 90.70 105.00 46.41 1.0000 per_frame
78.75 94.92 108.75 44.30 1.0000 per_frame
78.75 97.03 105.00 46.41 1.0000 per_frame
75.00 99.14 108.75 46.41 1.0000 per_frame
78.75 103.36 108.75 44.30 1.0000 per_frame
78.75 107.58 108.75 44.30 1.0000 per_frame
78.75 109.69 108.75 46.41 1.0000 per_frame
78.75 113.91 105.00 44.30 1.0000 per_frame
75.00 116.02 112.50 42.19 1.0000 per_frame
75.00 118.12 112.50 44.30 1.0000 per_frame
78.75 122.34 105.00 44.30 1.0000 per_frame
78.75 126.56 105.00 44.30 1.0000 per_frame
75.00 130.78 108.75 42.19 1.0000 per_frame
75.00 130.78 112.50 44.30 1.0000 per_frame
78.75 135.00 108.75 46.41 1.0000 per_frame
75.00 139.22 112.50 44.30 1.0000 per_frame
78.75 143.44 108.75 44.30 1.0000 per_frame
78.75 145.55 108.75 44.30 1.0000 per_frame
75.00 147.66 108.75 44.30 1.0000 per_frame
75.00 151.88 112.50 44.30 1.0000 per_frame
75.00 156.09 108.75 42.19 1.0000 per_frame
78.75 160.31 105.00 44.30 1.0000 per_frame
75.00 164.53 108.75 44.30 1.0000 per_frame
75.00 166.64 108.75 46.41 1.0000 per_frame
75.00 172.97 108.75 42.19 1.0000 per_frame
75.00 175.08 108.75 44.30 1.0000 per_frame
78.75 179.30 105.00 42.19 1.0000 per_frame
75.00 181.41 105.00 46.41 1.0000 per_frame
75.00 185.62 112.50 44.30 1.0000 per_frame
75.00 189.84 108.75 42.19 1.0000 per_frame
75.00 194.06 105.00 44.30 1.0000 per_frame
75.00 196.17 108.75 44.30 1.0000 per_frame
71.25 200.39 108.75 44.30 1.0000 per_frame
71.25 204.61 108.75 44.30 1.0000 per_frame
71.25 206.72 112.50 44.30 1.0000 per_frame
71.25 210.94 108.75 44.30 1.0000 per_frame
71.25 215.16 108.75 42.19 1.0000 per_frame
71.25 217.27 105.00 44.30 1.0000 per_frame
71.25 221.48 105.00 42.19 1.0000 per_frame
75.00 225.70 105.00 42.19 1.0000 per_frame
71.25 227.81 108.75 44.30 1.0000 per_frame
71.25 232.03 105.00 42.19 1.0000 per_frame
67.50 236.25 112.50 44.30 1.0000 per_frame
71.25 240.47 108.75 42.19 1.0000 per_frame
71.25 242.58 108.75 44.30 1.0000 per_frame
71.25 246.80 105.00 44.30 1.0000 per_frame
71.25 251.02 105.00 42.19 1.0000 per_frame
67.50 253.12 108.75 42.19 1.0000 per_frame
71.25 257.34 108.75 42.19 1.0000 per_frame
71.25 261.56 105.00 42.19 1.0000 per_frame
71.25 263.67 105.00 42.19 1.0000 per_frame
71.25 265.78 108.75 44.30 1.0000 per_frame
67.50 270.00 112.50 44.30 1.0000 per_frame
67.50 272.11 108.75 44.30 1.0000 per_frame
71.25 274.22 105.00 42.19 1.0000 per_frame
71.25 276.33 105.00 42.19 1.0000 per_frame
71.25 278.44 105.00 42.19 1.0000 per_frame
71.25 280.55 108.75 42.19 1.0000 per_frame
67.50 280.55 108.75 40.08 1.0000 per_frame
71.25 282.66 105.00 40.08 1.0000 per_frame
71.25 282.66 105.00 42.19 1.0000 per_frame
71.25 282.66 105.00 42.19 1.0000 per_frame
67.50 284.77 108.75 40.08 1.0000 per_frame
67.50 284.77 112.50 40.08 1.0000 per_frame
67.50 284.77 108.75 42.19 1.0000 per_frame
67.50 284.77 108.75 42.19 1.0000 per_frame
67.50 284.77 105.00 42.19 1.0000 per_frame
67.50 284.77 108.75 40.08 1.0000 per_frame
63.75 284.77 112.50 40.08 1.0000 per_frame
63.75 284.77 108.75 42.19 1.0000 per_frame
63.75 284.77 108.75 42.19 1.0000 per_frame
63.75 286.88 108.75 42.19 1.0000 per_frame
63.75 286.88 108.75 42.19 1.0000 per_frame
63.75 286.88 105.00 42.19 1.0000 per_frame
60.00 286.88 112.50 42.19 1.0000 per_frame
63.75 288.98 105.00 40.08 1.0000 per_frame
60.00 288.98 108.75 42.19 1.0000 per_frame
60.00 288.98 108.75 42.19 1.0000 per_frame
60.00 288.98 105.00 42.19 1.0000 per_frame
60.00 288.98 105.00 40.08 1.0000 per_frame
60.00 291.09 108.75 40.08 1.0000 per_frame
60.00 291.09 108.75 40.08 1.0000 per_frame
60.00 291.09 105.00 40.08 1.0000 per_frame
60.00 291.09 108.75 42.19 1.0000 per_frame
56.25 291.09 108.75 44.30 1.0000 per_frame
60.00 291.09 108.75 42.19 1.0000 per_frame
56.25 291.09 112.50 42.19 1.0000 per_frame
56.25 291.09 112.50 46.41 1.0000 per_frame
56.25 291.09 112.50 50.62 1.0000 per_frame
60.00 293.20 108.75 46.41 1.0000 per_frame
60.00 293.20 108.75 44.30 1.0000 per_frame
63.75 293.20 108.75 46.41 1.0000 per_frame
63.75 293.20 108.75 46.41 1.0000 per_frame
63.75 293.20 112.50 46.41 1.0000 per_frame
67.50 295.31 108.75 44.30 1.0000 per_frame
71.25 295.31 105.00 46.41 1.0000 per_frame
78.75 297.42 101.25 44.30 1.0000 per_frame
78.75 297.42 105.00 46.41 1.0000 per_frame
78.75 297.42 108.75 44.30 1.0000 per_frame
82.50 299.53 105.00 44.30 1.0000 per_frame
82.50 299.53 108.75 44.30 1.0000 per_frame
86.25 299.53 108.75 44.30 1.0000 per_frame
90.00 299.53 108.75 44.30 1.0000 per_frame
93.75 301.64 105.00 42.19 1.0000 per_frame
97.50 299.53 108.75 46.41 1.0000 per_frame
101.25 301.64 108.75 44.30 1.0000 per_frame
105.00 301.64 112.50 44.30 1.0000 per_frame
112.50 301.64 108.75 44.30 1.0000 per_frame
116.25 301.64 108.75 44.30 1.0000 per_frame
120.00 301.64 108.75 46.41 1.0000 per_frame
123.75 303.75 108.75 42.19 1.0000 per_frame
131.25 303.75 108.75 44.30 1.0000 per_frame
135.00 303.75 108.75 44.30 1.0000 per_frame
138.75 305.86 108.75 42.19 1.0000 per_frame
146.25 305.86 108.75 40.08 1.0000 per_frame
153.75 305.86 105.00 42.19 1.0000 per_frame
161.25 307.97 101.25 40.08 1.0000 per_frame
165.00 307.97 105.00 42.19 1.0000 per_frame
172.50 307.97 105.00 42.19 1.0000 per_frame
176.25 307.97 105.00 42.19 1.0000 per_frame
183.75 307.97 105.00 44.30 1.0000 per_frame
187.50 307.97 108.75 42.19 1.0000 per_frame
195.00 307.97 105.00 42.19 1.0000 per_frame
198.75 310.08 108.75 42.19 1.0000 per_frame
206.25 310.08 108.75 40.08 1.0000 per_frame
213.75 310.08 105.00 40.08 1.0000 per_frame
217.50 310.08 105.00 40.08 1.0000 per_frame
225.00 310.08 101.25 44.30 1.0000 per_frame
228.75 312.19 108.75 40.08 1.0000 per_frame
232.50 312.19 112.50 42.19 1.0000 per_frame
243.75 312.19 105.00 44.30 1.0000 per_frame
247.50 312.19 108.75 42.19 1.0000 per_frame
255.00 314.30 108.75 40.08 1.0000 per_frame
262.50 314.30 101.25 40.08 1.0000 per_frame
266.25 314.30 108.75 42.19 1.0000 per_frame
273.75 314.30 105.00 42.19 1.0000 per_frame
281.25 314.30 105.00 40.08 1.0000 per_frame
285.00 314.30 105.00 40.08 1.0000 per_frame
292.50 314.30 105.00 40.08 1.0000 per_frame
296.25 316.41 108.75 40.08 1.0000 per_frame
307.50 316.41 101.25 42.19 1.0000 per_frame
307.50 316.41 105.00 40.08 1.0000 per_frame
315.00 316.41 105.00 37.97 1.0000 per_frame
322.50 316.41 105.00 42.19 1.0000 per_frame
330.00 316.41 105.00 40.08 1.0000 per_frame
333.75 316.41 108.75 42.19 1.0000 per_frame
341.25 316.41 105.00 42.19 1.0000 per_frame
345.00 316.41 108.75 42.19 1.0000 per_frame
352.50 318.52 105.00 40.08 1.0000 per_frame
360.00 318.52 105.00 40.08 1.0000 per_frame
367.50 318.52 105.00 37.97 1.0000 per_frame
371.25 318.52 105.00 42.19 1.0000 per_frame
378.75 320.62 105.00 40.08 1.0000 per_frame
386.25 320.62 105.00 40.08 1.0000 per_frame
393.75 320.62 105.00 40.08 1.0000 per_frame
401.25 322.73 101.25 37.97 1.0000 per_frame
405.00 320.62 101.25 40.08 1.0000 per_frame
412.50 322.73 105.00 40.08 1.0000 per_frame
416.25 322.73 105.00 40.08 1.0000 per_frame
427.50 322.73 101.25 40.08 1.0000 per_frame
431.25 322.73 101.25 40.08 1.0000 per_frame
438.75 324.84 101.25 35.86 1.0000 per_frame
442.50 324.84 101.25 37.97 1.0000 per_frame
446.25 324.84 105.00 37.97 1.0000 per_frame
457.50 324.84 101.25 37.97 1.0000 per_frame
465.00 324.84 101.25 37.97 1.0000 per_frame
468.75 324.84 105.00 42.19 1.0000 per_frame
472.50 326.95 105.00 35.86 1.0000 per_frame
483.75 326.95 105.00 40.08 1.0000 per_frame
487.50 326.95 105.00 40.08 1.0000 per_frame
495.00 324.84 101.25 40.08 1.0000 per_frame
502.50 326.95 97.50 37.97 1.0000 per_frame
506.25 326.95 105.00 37.97 1.0000 per_frame
513.75 326.95 105.00 37.97 1.0000 per_frame
521.25 326.95 101.25 37.97 1.0000 per_frame
528.75 329.06 101.25 37.97 1.0000 per_frame
536.25 329.06 97.50 37.97 1.0000 per_frame
540.00 329.06 101.25 40.08 1.0000 per_frame
547.50 329.06 101.25 37.97 1.0000 per_frame
551.25 329.06 105.00 42.19 1.0000 per_frame
558.75 329.06 101.25 37.97 1.0000 per_frame
562.50 329.06 105.00 40.08 1.0000 per_frame
570.00 329.06 105.00 40.08 1.0000 per_frame
577.50 326.95 105.00 42.19 1.0000 per_frame
581.25 329.06 105.00 37.97 1.0000 per_frame
588.75 329.06 105.00 40.08 1.0000 per_frame
596.25 331.17 105.00 37.97 1.0000 per_frame
603.75 329.06 105.00 42.19 1.0000 per_frame
611.25 329.06 101.25 40.08 1.0000 per_frame
615.00 329.06 105.00 40.08 1.0000 per_frame
622.50 331.17 101.25 37.97 1.0000 per_frame
630.00 331.17 105.00 37.97 1.0000 per_frame
637.50 329.06 101.25 42.19 1.0000 per_frame
641.25 331.17 105.00 37.97 1.0000 per_frame
652.50 331.17 101.25 37.97 1.0000 per_frame
656.25 331.17 108.75 37.97 1.0000 per_frame
663.75 331.17 105.00 37.97 1.0000 per_frame
671.25 331.17 101.25 37.97 1.0000 per_frame
678.75 331.17 101.25 37.97 1.0000 per_frame
682.50 331.17 105.00 40.08 1.0000 per_frame
690.00 331.17 105.00 37.97 1.0000 per_frame
697.50 331.17 105.00 37.97 1.0000 per_frame
705.00 331.17 101.25 37.97 1.0000 per_frame
712.50 331.17 101.25 35.86 1.0000 per_frame
716.25 331.17 105.00 37.97 1.0000 per_frame
723.75 331.17 105.00 37.97 1.0000 per_frame
727.50 331.17 105.00 37.97 1.0000 per_frame
738.75 331.17 101.25 35.86 1.0000 per_frame
742.50 331.17 101.25 37.97 1.0000 per_frame
746.25 331.17 105.00 37.97 1.0000 per_frame
753.75 331.17 105.00 37.97 1.0000 per_frame
761.25 331.17 101.25 37.97 1.0000 per_frame
768.75 331.17 101.25 37.97 1.0000 per_frame
772.50 329.06 101.25 40.08 1.0000 per_frame
776.25 329.06 105.00 40.08 1.0000 per_frame
783.75 326.95 105.00 42.19 1.0000 per_frame
787.50 326.95 105.00 42.19 1.0000 per_frame
795.00 326.95 101.25 42.19 1.0000 per_frame
798.75 326.95 101.25 42.19 1.0000 per_frame
802.50 326.95 101.25 42.19 1.0000 per_frame
806.25 326.95 101.25 42.19 1.0000 per_frame
810.00 326.95 105.00 42.19 1.0000 per_frame
813.75 326.95 105.00 42.19 1.0000 per_frame
817.50 326.95 101.25 44.30 1.0000 per_frame
821.25 326.95 101.25 42.19 1.0000 per_frame
821.25 326.95 105.00 42.19 1.0000 per_frame
825.00 326.95 101.25 42.19 1.0000 per_frame
828.75 329.06 101.25 40.08 1.0000 per_frame
832.50 329.06 97.50 37.97 1.0000 per_frame
832.50 329.06 101.25 40.08 1.0000 per_frame
832.50 329.06 101.25 40.08 1.0000 per_frame
836.25 329.06 101.25 37.97 1.0000 per_frame
836.25 329.06 101.25 40.08 1.0000 per_frame
836.25 329.06 105.00 37.97 1.0000 per_frame
836.25 329.06 105.00 37.97 1.0000 per_frame
836.25 329.06 105.00 37.97 1.0000 per_frame
836.25 329.06 105.00 40.08 1.0000 per_frame
840.00 329.06 105.00 40.08 1.0000 per_frame
836.25 329.06 108.75 40.08 1.0000 per_frame
840.00 329.06 105.00 37.97 1.0000 per_frame
840.00 329.06 105.00 37.97 1.0000 per_frame
840.00 329.06 105.00 37.97 1.0000 per_frame
840.00 329.06 105.00 37.97 1.0000 per_frame
840.00 329.06 105.00 40.08 1.0000 per_frame
840.00 329.06 108.75 35.86 1.0000 per_frame
843.75 326.95 105.00 37.97 1.0000 per_frame
843.75 326.95 105.00 37.97 1.0000 per_frame
847.50 326.95 101.25 37.97 1.0000 per_frame
847.50 326.95 101.25 37.97 1.0000 per_frame
843.75 326.95 105.00 37.97 1.0000 per_frame
847.50 324.84 101.25 40.08 1.0000 per_frame
847.50 324.84 101.25 37.97 1.0000 per_frame
847.50 324.84 101.25 37.97 1.0000 per_frame
847.50 324.84 101.25 37.97 1.0000 per_frame
847.50 324.84 101.25 37.97 1.0000 per_frame
847.50 324.84 101.25 37.97 1.0000 per_frame
847.50 324.84 101.25 37.97 1.0000 per_frame
847.50 322.73 101.25 40.08 1.0000 per_frame
847.50 324.84 101.25 37.97 1.0000 per_frame
847.50 324.84 101.25 37.97 1.0000 per_frame
847.50 324.84 105.00 37.97 1.0000 per_frame
847.50 324.84 105.00 35.86 1.0000 per_frame
851.25 322.73 101.25 37.97 1.0000 per_frame
851.25 322.73 101.25 37.97 1.0000 per_frame
851.25 322.73 101.25 37.97 1.0000 per_frame
855.00 322.73 101.25 37.97 1.0000 per_frame
855.00 322.73 101.25 37.97 1.0000 per_frame
855.00 320.62 101.25 40.08 1.0000 per_frame
855.00 322.73 105.00 37.97 1.0000 per_frame
855.00 320.62 101.25 40.08 1.0000 per_frame
855.00 320.62 105.00 40.08 1.0000 per_frame
858.75 320.62 105.00 40.08 1.0000 per_frame
858.75 320.62 105.00 37.97 1.0000 per_frame
862.50 320.62 101.25 40.08 1.0000 per_frame
862.50 318.52 105.00 42.19 1.0000 per_frame
862.50 320.62 105.00 40.08 1.0000 per_frame
862.50 320.62 105.00 40.08 1.0000 per_frame
866.25 318.52 105.00 40.08 1.0000 per_frame
866.25 318.52 105.00 40.08 1.0000 per_frame
870.00 320.62 105.00 37.97 1.0000 per_frame
870.00 320.62 105.00 37.97 1.0000 per_frame
873.75 320.62 105.00 37.97 1.0000 per_frame
877.50 318.52 101.25 40.08 1.0000 per_frame
877.50 318.52 101.25 40.08 1.0000 per_frame
877.50 318.52 105.00 37.97 1.0000 per_frame
877.50 318.52 105.00 37.97 1.0000 per_frame
877.50 318.52 108.75 37.97 1.0000 per_frame
881.25 318.52 105.00 37.97 1.0000 per_frame
881.25 318.52 105.00 37.97 1.0000 per_frame
881.25 316.41 105.00 40.08 1.0000 per_frame
881.25 316.41 108.75 42.19 1.0000 per_frame
885.00 318.52 105.00 37.97 1.0000 per_frame
885.00 316.41 108.75 40.08 1.0000 per_frame
888.75 316.41 105.00 40.08 1.0000 per_frame
888.75 316.41 105.00 40.08 1.0000 per_frame
892.50 316.41 105.00 40.08 1.0000 per_frame
892.50 316.41 105.00 40.08 1.0000 per_frame
892.50 316.41 105.00 40.08 1.0000 per_frame
892.50 316.41 105.00 40.08 1.0000 per_frame
892.50 318.52 105.00 37.97 1.0000 per_frame
892.50 318.52 105.00 40.08 1.0000 per_frame
892.50 318.52 108.75 40.08 1.0000 per_frame
892.50 320.62 108.75 40.08 1.0000 per_frame
892.50 322.73 108.75 37.97 1.0000 per_frame
892.50 322.73 108.75 37.97 1.0000 per_frame
896.25 322.73 105.00 40.08 1.0000 per_frame
896.25 324.84 105.00 37.97 1.0000 per_frame
896.25 324.84 105.00 37.97 1.0000 per_frame
892.50 326.95 108.75 37.97 1.0000 per_frame
896.25 329.06 105.00 37.97 1.0000 per_frame
896.25 329.06 105.00 37.97 1.0000 per_frame
896.25 331.17 105.00 37.97 1.0000 per_frame
896.25 331.17 105.00 37.97 1.0000 per_frame
896.25 333.28 105.00 37.97 1.0000 per_frame
896.25 333.28 105.00 37.97 1.0000 per_frame
896.25 333.28 105.00 40.08 1.0000 per_frame
896.25 335.39 105.00 40.08 1.0000 per_frame
892.50 337.50 105.00 37.97 1.0000 per_frame
896.25 339.61 101.25 37.97 1.0000 per_frame
892.50 339.61 105.00 37.97 1.0000 per_frame
896.25 341.72 101.25 37.97 1.0000 per_frame
896.25 341.72 101.25 40.08 1.0000 per_frame
892.50 343.83 108.75 40.08 1.0000 per_frame
892.50 345.94 105.00 40.08 1.0000 per_frame
892.50 348.05 105.00 37.97 1.0000 per_frame
892.50 350.16 105.00 37.97 1.0000 per_frame
892.50 350.16 105.00 42.19 1.0000 per_frame
892.50 352.27 105.00 40.08 1.0000 per_frame
892.50 354.38 105.00 40.08 1.0000 per_frame
888.75 356.48 108.75 37.97 1.0000 per_frame
892.50 358.59 101.25 37.97 1.0000 per_frame
892.50 360.70 101.25 37.97 1.0000 per_frame
892.50 360.70 101.25 40.08 1.0000 per_frame
892.50 364.92 105.00 37.97 1.0000 per_frame
892.50 364.92 101.25 40.08 1.0000 per_frame
892.50 367.03 101.25 37.97 1.0000 per_frame
892.50 367.03 101.25 40.08 1.0000 per_frame
888.75 369.14 105.00 42.19 1.0000 per_frame
888.75 371.25 105.00 40.08 1.0000 per_frame
888.75 371.25 105.00 40.08 1.0000 per_frame
888.75 373.36 105.00 40.08 1.0000 per_frame
888.75 375.47 105.00 37.97 1.0000 per_frame
888.75 375.47 105.00 37.97 1.0000 per_frame
888.75 375.47 105.00 37.97 1.0000 per_frame
885.00 375.47 108.75 40.08 1.0000 per_frame
885.00 375.47 108.75 40.08 1.0000 per_frame
888.75 377.58 101.25 37.97 1.0000 per_frame
885.00 377.58 105.00 37.97 1.0000 per_frame
885.00 377.58 105.00 37.97 1.0000 per_frame
885.00 377.58 105.00 40.08 1.0000 per_frame
885.00 377.58 105.00 40.08 1.0000 per_frame
885.00 379.69 105.00 37.97 1.0000 per_frame
888.75 379.69 101.25 37.97 1.0000 per_frame
885.00 379.69 105.00 37.97 1.0000 per_frame
885.00 381.80 108.75 37.97 1.0000 per_frame
888.75 381.80 101.25 37.97 1.0000 per_frame
885.00 383.91 105.00 35.86 1.0000 per_frame
885.00 383.91 105.00 37.97 1.0000 per_frame
885.00 383.91 105.00 37.97 1.0000 per_frame
885.00 386.02 105.00 40.08 1.0000 per_frame
885.00 388.12 105.00 37.97 1.0000 per_frame
885.00 390.23 105.00 37.97 1.0000 per_frame
885.00 392.34 105.00 37.97 1.0000 per_frame
885.00 392.34 105.00 37.97 1.0000 per_frame
885.00 392.34 105.00 37.97 1.0000 per_frame
885.00 394.45 105.00 35.86 1.0000 per_frame
888.75 394.45 101.25 37.97 1.0000 per_frame
888.75 394.45 101.25 37.97 1.0000 per_frame
888.75 396.56 105.00 37.97 1.0000 per_frame
888.75 396.56 105.00 37.97 1.0000 per_frame
888.75 396.56 105.00 37.97 1.0000 per_frame
888.75 398.67 101.25 35.86 1.0000 per_frame
892.50 398.67 101.25 35.86 1.0000 per_frame
892.50 398.67 101.25 35.86 1.0000 per_frame
892.50 398.67 101.25 37.97 1.0000 per_frame
892.50 398.67 101.25 37.97 1.0000 per_frame
892.50 398.67 101.25 37.97 1.0000 per_frame
892.50 398.67 101.25 37.97 1.0000 per_frame
892.50 398.67 101.25 37.97 1.0000 per_frame
892.50 398.67 101.25 37.97 1.0000 per_frame
892.50 398.67 105.00 37.97 1.0000 per_frame
892.50 400.78 105.00 35.86 1.0000 per_frame
892.50 400.78 105.00 35.86 1.0000 per_frame
892.50 400.78 105.00 35.86 1.0000 per_frame
892.50 400.78 105.00 37.97 1.0000 per_frame
892.50 400.78 105.00 35.86 1.0000 per_frame
892.50 400.78 105.00 35.86 1.0000 per_frame
896.25 398.67 101.25 37.97 1.0000 per_frame
896.25 398.67 101.25 37.97 1.0000 per_frame
896.25 400.78 105.00 37.97 1.0000 per_frame
896.25 398.67 105.00 40.08 1.0000 per_frame
896.25 398.67 105.00 37.97 1.0000 per_frame
900.00 398.67 101.25 37.97 1.0000 per_frame
900.00 400.78 105.00 35.86 1.0000 per_frame
900.00 400.78 105.00 37.97 1.0000 per_frame
903.75 400.78 101.25 37.97 1.0000 per_frame
903.75 400.78 101.25 37.97 1.0000 per_frame
903.75 400.78 105.00 40.08 1.0000 per_frame
907.50 400.78 101.25 37.97 1.0000 per_frame
907.50 400.78 101.25 37.97 1.0000 per_frame
907.50 400.78 105.00 37.97 1.0000 per_frame
907.50 400.78 105.00 40.08 1.0000 per_frame
911.25 400.78 101.25 37.97 1.0000 per_frame
911.25 400.78 101.25 37.97 1.0000 per_frame
911.25 400.78 105.00 37.97 1.0000 per_frame
915.00 398.67 101.25 40.08 1.0000 per_frame
915.00 400.78 105.00 37.97 1.0000 per_frame
918.75 400.78 101.25 40.08 1.0000 per_frame
922.50 400.78 101.25 40.08 1.0000 per_frame
922.50 400.78 101.25 37.97 1.0000 per_frame
922.50 400.78 105.00 40.08 1.0000 per_frame
926.25 400.78 101.25 37.97 1.0000 per_frame
926.25 400.78 105.00 37.97 1.0000 per_frame
926.25 400.78 108.75 37.97 1.0000 per_frame
930.00 400.78 105.00 37.97 1.0000 per_frame
933.75 400.78 101.25 37.97 1.0000 per_frame
937.50 402.89 101.25 35.86 1.0000 per_frame
937.50 400.78 101.25 37.97 1.0000 per_frame
941.25 400.78 101.25 37.97 1.0000 per_frame
941.25 400.78 101.25 37.97 1.0000 per_frame
941.25 400.78 105.00 37.97 1.0000 per_frame
945.00 400.78 101.25 37.97 1.0000 per_frame
948.75 400.78 101.25 37.97 1.0000 per_frame
952.50 400.78 101.25 37.97 1.0000 per_frame
952.50 398.67 101.25 40.08 1.0000 per_frame
956.25 400.78 101.25 37.97 1.0000 per_frame
956.25 400.78 101.25 37.97 1.0000 per_frame
960.00 400.78 101.25 37.97 1.0000 per_frame
963.75 400.78 101.25 37.97 1.0000 per_frame
963.75 400.78 105.00 37.97 1.0000 per_frame
967.50 400.78 101.25 37.97 1.0000 per_frame
971.25 400.78 101.25 37.97 1.0000 per_frame
971.25 400.78 105.00 37.97 1.0000 per_frame
975.00 400.78 105.00 37.97 1.0000 per_frame
978.75 400.78 105.00 37.97 1.0000 per_frame
982.50 398.67 101.25 40.08 1.0000 per_frame
986.25 400.78 101.25 37.97 1.0000 per_frame
986.25 398.67 105.00 40.08 1.0000 per_frame
990.00 400.78 105.00 37.97 1.0000 per_frame
997.50 400.78 101.25 35.86 1.0000 per_frame
997.50 398.67 101.25 37.97 1.0000 per_frame
1001.25 400.78 101.25 35.86 1.0000 per_frame
1001.25 398.67 101.25 37.97 1.0000 per_frame
1005.00 398.67 105.00 37.97 1.0000 per_frame
1012.50 398.67 97.50 37.97 1.0000 per_frame
1012.50 398.67 101.25 37.97 1.0000 per_frame
1016.25 398.67 101.25 37.97 1.0000 per_frame
1020.00 398.67 101.25 37.97 1.0000 per_frame
1020.00 398.67 105.00 37.97 1.0000 per_frame
1023.75 398.67 105.00 37.97 1.0000 per_frame
1027.50 398.67 101.25 37.97 1.0000 per_frame
1031.25 398.67 101.25 37.97 1.0000 per_frame
1035.00 398.67 101.25 37.97 1.0000 per_frame
1038.75 398.67 101.25 37.97 1.0000 per_frame
1042.50 398.67 101.25 37.97 1.0000 per_frame
1042.50 398.67 105.00 37.97 1.0000 per_frame
1046.25 398.67 105.00 37.97 1.0000 per_frame
1050.00 398.67 105.00 37.97 1.0000 per_frame
1053.75 398.67 101.25 37.97 1.0000 per_frame
1057.50 398.67 101.25 37.97 1.0000 per_frame
1057.50 398.67 105.00 37.97 1.0000 per_frame
1061.25 398.67 101.25 37.97 1.0000 per_frame
1065.00 398.67 105.00 37.97 1.0000 per_frame
1072.50 398.67 97.50 37.97 1.0000 per_frame
1072.50 398.67 101.25 37.97 1.0000 per_frame
1076.25 398.67 101.25 37.97 1.0000 per_frame
1080.00 398.67 101.25 37.97 1.0000 per_frame
1080.00 398.67 105.00 37.97 1.0000 per_frame
1087.50 398.67 101.25 37.97 1.0000 per_frame
1087.50 400.78 105.00 35.86 1.0000 per_frame
1091.25 400.78 101.25 35.86 1.0000 per_frame
1095.00 400.78 101.25 35.86 1.0000 per_frame
1098.75 398.67 105.00 40.08 1.0000 per_frame
1102.50 400.78 105.00 37.97 1.0000 per_frame
1106.25 400.78 105.00 37.97 1.0000 per_frame
1106.25 400.78 105.00 37.97 1.0000 per_frame
1110.00 400.78 105.00 37.97 1.0000 per_frame
1113.75 400.78 105.00 37.97 1.0000 per_frame
1117.50 400.78 105.00 37.97 1.0000 per_frame
1121.25 400.78 101.25 37.97 1.0000 per_frame
1125.00 400.78 101.25 37.97 1.0000 per_frame
1128.75 400.78 105.00 37.97 1.0000 per_frame
1132.50 400.78 101.25 37.97 1.0000 per_frame
1132.50 400.78 105.00 37.97 1.0000 per_frame
1136.25 400.78 105.00 37.97 1.0000 per_frame
1140.00 400.78 105.00 37.97 1.0000 per_frame
1143.75 400.78 105.00 37.97 1.0000 per_frame
1147.50 400.78 101.25 37.97 1.0000 per_frame
1151.25 400.78 101.25 37.97 1.0000 per_frame
1155.00 400.78 101.25 37.97 1.0000 per_frame
1155.00 400.78 105.00 37.97 1.0000 per_frame
1158.75 400.78 105.00 37.97 1.0000 per_frame
1162.50 400.78 105.00 37.97 1.0000 per_frame
1166.25 400.78 105.00 37.97 1.0000 per_frame
1170.00 400.78 105.00 37.97 1.0000 per_frame
1173.75 400.78 105.00 37.97 1.0000 per_frame
1177.50 400.78 101.25 37.97 1.0000 per_frame
1181.25 398.67 101.25 40.08 1.0000 per_frame
1181.25 398.67 105.00 37.97 1.0000 per_frame
1185.00 400.78 105.00 37.97 1.0000 per_frame
1188.75 398.67 105.00 40.08 1.0000 per_frame
1192.50 400.78 105.00 37.97 1.0000 per_frame
1192.50 400.78 105.00 37.97 1.0000 per_frame
1200.00 400.78 101.25 35.86 1.0000 per_frame
1200.00 400.78 105.00 37.97 1.0000 per_frame
1203.75 400.78 105.00 37.97 1.0000 per_frame
1207.50 398.67 105.00 37.97 1.0000 per_frame
1211.25 398.67 105.00 37.97 1.0000 per_frame
1211.25 398.67 105.00 37.97 1.0000 per_frame
1215.00 398.67 105.00 37.97 1.0000 per_frame
1215.00 398.67 108.75 37.97 1.0000 per_frame
1218.75 398.67 108.75 37.97 1.0000 per_frame
1222.50 398.67 108.75 37.97 1.0000 per_frame
1222.50 398.67 108.75 37.97 1.0000 per_frame
1226.25 398.67 108.75 37.97 1.0000 per_frame
1230.00 398.67 105.00 37.97 1.0000 per_frame
1233.75 398.67 105.00 37.97 1.0000 per_frame
1233.75 398.67 105.00 37.97 1.0000 per_frame
1237.50 398.67 101.25 37.97 1.0000 per_frame
1237.50 398.67 105.00 37.97 1.0000 per_frame
1241.25 398.67 101.25 37.97 1.0000 per_frame
1241.25 398.67 101.25 37.97 1.0000 per_frame
1241.25 396.56 105.00 37.97 1.0000 per_frame
1241.25 396.56 105.00 37.97 1.0000 per_frame
1245.00 396.56 101.25 37.97 1.0000 per_frame
1245.00 394.45 101.25 40.08 1.0000 per_frame
1245.00 394.45 105.00 37.97 1.0000 per_frame
1245.00 392.34 105.00 40.08 1.0000 per_frame
1245.00 392.34 108.75 37.97 1.0000 per_frame
1248.75 392.34 105.00 37.97 1.0000 per_frame
1248.75 390.23 105.00 40.08 1.0000 per_frame
1248.75 390.23 105.00 37.97 1.0000 per_frame
1248.75 390.23 108.75 37.97 1.0000 per_frame
1248.75 390.23 108.75 40.08 1.0000 per_frame
1248.75 388.12 108.75 42.19 1.0000 per_frame
1248.75 388.12 108.75 40.08 1.0000 per_frame
1248.75 388.12 108.75 40.08 1.0000 per_frame
1248.75 388.12 108.75 40.08 1.0000 per_frame
1252.50 388.12 105.00 37.97 1.0000 per_frame
1252.50 388.12 105.00 37.97 1.0000 per_frame
1252.50 388.12 105.00 37.97 1.0000 per_frame
1252.50 388.12 105.00 37.97 1.0000 per_frame
1252.50 388.12 105.00 37.97 1.0000 per_frame
1252.50 388.12 105.00 37.97 1.0000 per_frame
1252.50 386.02 105.00 40.08 1.0000 per_frame
1252.50 386.02 105.00 40.08 1.0000 per_frame
1252.50 386.02 105.00 40.08 1.0000 per_frame
1252.50 386.02 105.00 40.08 1.0000 per_frame
1252.50 388.12 105.00 37.97 1.0000 per_frame
1248.75 388.12 108.75 37.97 1.0000 per_frame
1252.50 386.02 105.00 40.08 1.0000 per_frame
1252.50 386.02 105.00 40.08 1.0000 per_frame
1252.50 386.02 105.00 40.08 1.0000 per_frame
1252.50 386.02 105.00 40.08 1.0000 per_frame
1252.50 386.02 105.00 40.08 1.0000 per_frame
1252.50 386.02 105.00 40.08 1.0000 per_frame
1252.50 386.02 105.00 40.08 1.0000 per_frame
1252.50 386.02 105.00 40.08 1.0000 per_frame
1252.50 386.02 105.00 37.97 1.0000 per_frame
1252.50 386.02 108.75 40.08 1.0000 per_frame
1252.50 386.02 108.75 40.08 1.0000 per_frame
1252.50 386.02 108.75 40.08 1.0000 per_frame
1256.25 386.02 105.00 40.08 1.0000 per_frame
1256.25 386.02 105.00 40.08 1.0000 per_frame
1256.25 386.02 105.00 40.08 1.0000 per_frame
1256.25 386.02 105.00 40.08 1.0000 per_frame
1260.00 386.02 105.00 40.08 1.0000 per_frame
1260.00 386.02 105.00 40.08 1.0000 per_frame
1260.00 386.02 105.00 40.08 1.0000 per_frame
1263.75 386.02 101.25 40.08 1.0000 per_frame
1263.75 386.02 105.00 40.08 1.0000 per_frame
1263.75 386.02 105.00 40.08 1.0000 per_frame
1267.50 386.02 101.25 40.08 1.0000 per_frame
1267.50 388.12 101.25 37.97 1.0000 per_frame
1267.50 386.02 105.00 40.08 1.0000 per_frame
1271.25 386.02 101.25 40.08 1.0000 per_frame
1271.25 386.02 101.25 40.08 1.0000 per_frame
1275.00 386.02 101.25 42.19 1.0000 per_frame
1278.75 386.02 97.50 44.30 1.0000 per_frame
1278.75 386.02 101.25 44.30 1.0000 per_frame
1278.75 386.02 101.25 44.30 1.0000 per_frame
1282.50 388.12 105.00 42.19 1.0000 per_frame
1286.25 388.12 101.25 42.19 1.0000 per_frame
1290.00 388.12 101.25 42.19 1.0000 per_frame
1293.75 388.12 101.25 42.19 1.0000 per_frame
1297.50 390.23 101.25 40.08 1.0000 per_frame
1301.25 388.12 101.25 42.19 1.0000 per_frame
1301.25 390.23 108.75 40.08 1.0000 per_frame
1308.75 390.23 105.00 40.08 1.0000 per_frame
1312.50 392.34 105.00 37.97 1.0000 per_frame
1316.25 392.34 105.00 37.97 1.0000 per_frame
1316.25 392.34 108.75 40.08 1.0000 per_frame
1320.00 392.34 108.75 40.08 1.0000 per_frame
1327.50 394.45 105.00 37.97 1.0000 per_frame
1331.25 394.45 105.00 37.97 1.0000 per_frame
1335.00 392.34 105.00 40.08 1.0000 per_frame
1338.75 394.45 105.00 40.08 1.0000 per_frame
1342.50 394.45 105.00 40.08 1.0000 per_frame
1346.25 394.45 105.00 40.08 1.0000 per_frame
1350.00 392.34 108.75 42.19 1.0000 per_frame
1357.50 394.45 101.25 40.08 1.0000 per_frame
1357.50 394.45 105.00 40.08 1.0000 per_frame
1361.25 394.45 101.25 40.08 1.0000 per_frame
1365.00 392.34 101.25 42.19 1.0000 per_frame
1365.00 392.34 105.00 42.19 1.0000 per_frame
1368.75 394.45 105.00 42.19 1.0000 per_frame
1372.50 394.45 101.25 40.08 1.0000 per_frame
1372.50 394.45 105.00 40.08 1.0000 per_frame
1376.25 394.45 101.25 40.08 1.0000 per_frame
1376.25 394.45 105.00 40.08 1.0000 per_frame
1376.25 394.45 105.00 37.97 1.0000 per_frame
1380.00 394.45 105.00 37.97 1.0000 per_frame
1380.00 394.45 105.00 37.97 1.0000 per_frame
1380.00 394.45 108.75 37.97 1.0000 per_frame
1383.75 394.45 105.00 37.97 1.0000 per_frame
1383.75 392.34 105.00 40.08 1.0000 per_frame
1383.75 394.45 105.00 35.86 1.0000 per_frame
1387.50 392.34 105.00 40.08 1.0000 per_frame
1387.50 392.34 105.00 40.08 1.0000 per_frame
1391.25 392.34 101.25 37.97 1.0000 per_frame
1391.25 392.34 101.25 37.97 1.0000 per_frame
1391.25 390.23 105.00 40.08 1.0000 per_frame
1391.25 390.23 105.00 40.08 1.0000 per_frame
1395.00 390.23 101.25 40.08 1.0000 per_frame
1395.00 390.23 105.00 40.08 1.0000 per_frame
1395.00 390.23 105.00 40.08 1.0000 per_frame
1395.00 390.23 105.00 37.97 1.0000 per_frame
1398.75 388.12 105.00 40.08 1.0000 per_frame
1398.75 388.12 105.00 40.08 1.0000 per_frame
1398.75 388.12 105.00 42.19 1.0000 per_frame
1398.75 388.12 108.75 40.08 1.0000 per_frame
1402.50 388.12 105.00 37.97 1.0000 per_frame
1402.50 386.02 105.00 40.08 1.0000 per_frame
1402.50 386.02 105.00 40.08 1.0000 per_frame
1402.50 386.02 105.00 40.08 1.0000 per_frame
1402.50 386.02 108.75 37.97 1.0000 per_frame
1406.25 386.02 105.00 37.97 1.0000 per_frame
1406.25 386.02 105.00 37.97 1.0000 per_frame
1406.25 386.02 108.75 35.86 1.0000 per_frame
1406.25 383.91 108.75 37.97 1.0000 per_frame
1406.25 383.91 108.75 37.97 1.0000 per_frame
1406.25 383.91 108.75 37.97 1.0000 per_frame
1410.00 381.80 105.00 37.97 1.0000 per_frame
1410.00 381.80 105.00 37.97 1.0000 per_frame
1410.00 381.80 108.75 37.97 1.0000 per_frame
1410.00 381.80 105.00 37.97 1.0000 per_frame
1410.00 379.69 108.75 37.97 1.0000 per_frame
1410.00 379.69 108.75 37.97 1.0000 per_frame
1410.00 377.58 108.75 40.08 1.0000 per_frame
1410.00 377.58 108.75 40.08 1.0000 per_frame
1410.00 377.58 108.75 37.97 1.0000 per_frame
1410.00 375.47 108.75 40.08 1.0000 per_frame
1410.00 375.47 108.75 37.97 1.0000 per_frame
1413.75 375.47 105.00 37.97 1.0000 per_frame
1413.75 373.36 105.00 40.08 1.0000 per_frame
1413.75 373.36 108.75 40.08 1.0000 per_frame
1413.75 373.36 108.75 37.97 1.0000 per_frame
1413.75 371.25 105.00 40.08 1.0000 per_frame
1413.75 371.25 108.75 40.08 1.0000 per_frame
1413.75 369.14 108.75 40.08 1.0000 per_frame
1413.75 369.14 108.75 40.08 1.0000 per_frame
1413.75 369.14 108.75 37.97 1.0000 per_frame
1410.00 367.03 112.50 40.08 1.0000 per_frame
1410.00 367.03 112.50 37.97 1.0000 per_frame
1413.75 364.92 108.75 40.08 1.0000 per_frame
1413.75 364.92 108.75 40.08 1.0000 per_frame
1413.75 364.92 108.75 37.97 1.0000 per_frame
1410.00 362.81 112.50 40.08 1.0000 per_frame
1413.75 360.70 108.75 40.08 1.0000 per_frame
1413.75 360.70 108.75 40.08 1.0000 per_frame
1410.00 358.59 112.50 40.08 1.0000 per_frame
1410.00 358.59 112.50 40.08 1.0000 per_frame
1410.00 356.48 112.50 40.08 1.0000 per_frame
1410.00 356.48 112.50 40.08 1.0000 per_frame
1410.00 354.38 112.50 42.19 1.0000 per_frame
1410.00 354.38 112.50 40.08 1.0000 per_frame
1410.00 352.27 112.50 42.19 1.0000 per_frame
1410.00 352.27 112.50 40.08 1.0000 per_frame
1410.00 350.16 112.50 40.08 1.0000 per_frame
1410.00 350.16 112.50 40.08 1.0000 per_frame
1410.00 348.05 112.50 42.19 1.0000 per_frame
1410.00 345.94 112.50 44.30 1.0000 per_frame
1410.00 343.83 108.75 44.30 1.0000 per_frame
1410.00 343.83 108.75 44.30 1.0000 per_frame
1410.00 341.72 108.75 44.30 1.0000 per_frame
1406.25 341.72 116.25 44.30 1.0000 per_frame
1410.00 339.61 112.50 44.30 1.0000 per_frame
1410.00 339.61 108.75 44.30 1.0000 per_frame
1406.25 337.50 112.50 42.19 1.0000 per_frame
1406.25 335.39 112.50 44.30 1.0000 per_frame
1406.25 333.28 112.50 44.30 1.0000 per_frame
1406.25 333.28 112.50 44.30 1.0000 per_frame
1406.25 331.17 112.50 44.30 1.0000 per_frame
1402.50 329.06 116.25 46.41 1.0000 per_frame
1402.50 329.06 116.25 46.41 1.0000 per_frame
1402.50 326.95 116.25 44.30 1.0000 per_frame
1402.50 324.84 116.25 44.30 1.0000 per_frame
1402.50 322.73 116.25 44.30 1.0000 per_frame
1402.50 322.73 116.25 44.30 1.0000 per_frame
1398.75 320.62 120.00 46.41 1.0000 per_frame
1398.75 318.52 120.00 46.41 1.0000 per_frame
1402.50 316.41 116.25 48.52 1.0000 per_frame
1398.75 316.41 120.00 48.52 1.0000 per_frame
1398.75 316.41 120.00 46.41 1.0000 per_frame
1398.75 314.30 120.00 46.41 1.0000 per_frame
1398.75 314.30 116.25 44.30 1.0000 per_frame
1398.75 312.19 116.25 42.19 1.0000 per_frame
1398.75 310.08 116.25 46.41 1.0000 per_frame
1398.75 310.08 116.25 44.30 1.0000 per_frame
1395.00 307.97 120.00 46.41 1.0000 per_frame
1395.00 307.97 120.00 46.41 1.0000 per_frame
1395.00 305.86 120.00 48.52 1.0000 per_frame
1395.00 303.75 120.00 46.41 1.0000 per_frame
1395.00 301.64 120.00 50.62 1.0000 per_frame
1395.00 299.53 120.00 50.62 1.0000 per_frame
1391.25 299.53 123.75 46.41 1.0000 per_frame
1391.25 297.42 123.75 48.52 1.0000 per_frame
1391.25 297.42 123.75 48.52 1.0000 per_frame
1391.25 295.31 123.75 48.52 1.0000 per_frame
1387.50 293.20 123.75 50.62 1.0000 per_frame
1387.50 293.20 127.50 50.62 1.0000 per_frame
1387.50 291.09 123.75 50.62 1.0000 per_frame
1387.50 291.09 123.75 50.62 1.0000 per_frame
1387.50 288.98 123.75 52.73 1.0000 per_frame
1387.50 288.98 123.75 48.52 1.0000 per_frame
1387.50 286.88 123.75 50.62 1.0000 per_frame
1387.50 284.77 123.75 52.73 1.0000 per_frame
1387.50 282.66 123.75 54.84 1.0000 per_frame
1383.75 280.55 127.50 52.73 1.0000 per_frame
1383.75 280.55 127.50 52.73 1.0000 per_frame
1383.75 278.44 127.50 50.62 1.0000 per_frame
1383.75 278.44 127.50 48.52 1.0000 per_frame
1383.75 276.33 127.50 52.73 1.0000 per_frame
1383.75 276.33 123.75 52.73 1.0000 per_frame
1380.00 276.33 127.50 52.73 1.0000 per_frame
1383.75 276.33 123.75 52.73 1.0000 per_frame
1380.00 274.22 127.50 52.73 1.0000 per_frame
1380.00 274.22 127.50 52.73 1.0000 per_frame
1380.00 274.22 127.50 52.73 1.0000 per_frame
1383.75 274.22 123.75 52.73 1.0000 per_frame
1380.00 274.22 127.50 52.73 1.0000 per_frame
1380.00 276.33 127.50 50.62 1.0000 per_frame
1380.00 276.33 127.50 52.73 1.0000 per_frame
1380.00 276.33 127.50 52.73 1.0000 per_frame
1380.00 276.33 123.75 52.73 1.0000 per_frame
1380.00 276.33 127.50 52.73 1.0000 per_frame
1380.00 278.44 127.50 50.62 1.0000 per_frame
1380.00 278.44 127.50 50.62 1.0000 per_frame
1380.00 280.55 127.50 50.62 1.0000 per_frame
1380.00 280.55 127.50 54.84 1.0000 per_frame
1380.00 280.55 127.50 54.84 1.0000 per_frame
1380.00 282.66 127.50 52.73 1.0000 per_frame
1380.00 282.66 127.50 54.84 1.0000 per_frame
1380.00 282.66 127.50 54.84 1.0000 per_frame
1380.00 284.77 127.50 52.73 1.0000 per_frame
1383.75 284.77 123.75 52.73 1.0000 per_frame
1383.75 284.77 123.75 52.73 1.0000 per_frame
1383.75 284.77 123.75 54.84 1.0000 per_frame
1383.75 286.88 123.75 52.73 1.0000 per_frame
1383.75 286.88 123.75 52.73 1.0000 per_frame
1383.75 288.98 123.75 50.62 1.0000 per_frame
1383.75 288.98 123.75 50.62 1.0000 per_frame
1383.75 288.98 127.50 50.62 1.0000 per_frame
1383.75 291.09 127.50 48.52 1.0000 per_frame
1383.75 291.09 127.50 50.62 1.0000 per_frame
1383.75 291.09 127.50 50.62 1.0000 per_frame
1383.75 291.09 123.75 50.62 1.0000 per_frame
1383.75 291.09 127.50 50.62 1.0000 per_frame
1383.75 293.20 127.50 48.52 1.0000 per_frame
1383.75 293.20 127.50 50.62 1.0000 per_frame
1383.75 293.20 127.50 50.62 1.0000 per_frame
1383.75 295.31 127.50 50.62 1.0000 per_frame
1383.75 295.31 127.50 48.52 1.0000 per_frame
1383.75 295.31 131.25 50.62 1.0000 per_frame
1383.75 297.42 131.25 50.62 1.0000 per_frame
1383.75 297.42 131.25 50.62 1.0000 per_frame
1383.75 297.42 131.25 52.73 1.0000 per_frame
1383.75 297.42 131.25 52.73 1.0000 per_frame
1383.75 299.53 131.25 50.62 1.0000 per_frame
1383.75 299.53 131.25 52.73 1.0000 per_frame
1383.75 301.64 131.25 50.62 1.0000 per_frame
1383.75 301.64 131.25 50.62 1.0000 per_frame
1383.75 303.75 131.25 50.62 1.0000 per_frame
1383.75 305.86 131.25 50.62 1.0000 per_frame
1383.75 307.97 131.25 48.52 1.0000 per_frame
1383.75 307.97 131.25 50.62 1.0000 per_frame
1383.75 310.08 131.25 46.41 1.0000 per_frame
1383.75 310.08 131.25 48.52 1.0000 per_frame
1387.50 312.19 127.50 46.41 1.0000 per_frame
1383.75 314.30 131.25 46.41 1.0000 per_frame
1383.75 316.41 131.25 46.41 1.0000 per_frame
1383.75 316.41 131.25 48.52 1.0000 per_frame
1383.75 318.52 131.25 48.52 1.0000 per_frame
1383.75 320.62 131.25 46.41 1.0000 per_frame
1387.50 322.73 127.50 46.41 1.0000 per_frame
1387.50 324.84 127.50 46.41 1.0000 per_frame
1387.50 324.84 127.50 46.41 1.0000 per_frame
1387.50 326.95 127.50 48.52 1.0000 per_frame
1387.50 329.06 127.50 46.41 1.0000 per_frame
1387.50 331.17 127.50 52.73 1.0000 per_frame
1387.50 333.28 127.50 52.73 1.0000 per_frame
1387.50 335.39 127.50 52.73 1.0000 per_frame
1387.50 337.50 127.50 50.62 1.0000 per_frame
1387.50 339.61 127.50 50.62 1.0000 per_frame
1387.50 341.72 127.50 50.62 1.0000 per_frame
1387.50 343.83 127.50 50.62 1.0000 per_frame
1387.50 345.94 127.50 50.62 1.0000 per_frame
1387.50 348.05 127.50 50.62 1.0000 per_frame
1387.50 348.05 127.50 52.73 1.0000 per_frame
1383.75 350.16 131.25 50.62 1.0000 per_frame
1383.75 352.27 131.25 48.52 1.0000 per_frame
1383.75 354.38 131.25 46.41 1.0000 per_frame
1383.75 356.48 127.50 46.41 1.0000 per_frame
1383.75 358.59 131.25 46.41 1.0000 per_frame
1380.00 360.70 135.00 46.41 1.0000 per_frame
1380.00 362.81 135.00 46.41 1.0000 per_frame
1380.00 364.92 131.25 46.41 1.0000 per_frame
1380.00 364.92 131.25 48.52 1.0000 per_frame
1380.00 367.03 131.25 46.41 1.0000 per_frame
1380.00 369.14 131.25 48.52 1.0000 per_frame
1376.25 371.25 135.00 46.41 1.0000 per_frame
1380.00 373.36 131.25 46.41 1.0000 per_frame
1380.00 373.36 127.50 46.41 1.0000 per_frame
1380.00 375.47 127.50 46.41 1.0000 per_frame
1380.00 375.47 127.50 48.52 1.0000 per_frame
1380.00 377.58 127.50 48.52 1.0000 per_frame
1376.25 377.58 131.25 48.52 1.0000 per_frame
1376.25 379.69 131.25 46.41 1.0000 per_frame
1376.25 381.80 131.25 46.41 1.0000 per_frame
1376.25 381.80 131.25 48.52 1.0000 per_frame
1376.25 383.91 131.25 46.41 1.0000 per_frame
1376.25 383.91 131.25 46.41 1.0000 per_frame
1376.25 386.02 131.25 46.41 1.0000 per_frame
1376.25 386.02 131.25 46.41 1.0000 per_frame
1376.25 386.02 131.25 48.52 1.0000 per_frame
1376.25 388.12 131.25 46.41 1.0000 per_frame
1376.25 388.12 131.25 46.41 1.0000 per_frame
1376.25 388.12 131.25 46.41 1.0000 per_frame
1376.25 388.12 131.25 48.52 1.0000 per_frame
1376.25 388.12 127.50 48.52 1.0000 per_frame
1376.25 390.23 127.50 50.62 1.0000 per_frame
1376.25 390.23 127.50 50.62 1.0000 per_frame
1376.25 390.23 127.50 50.62 1.0000 per_frame
1376.25 390.23 127.50 52.73 1.0000 per_frame
1376.25 390.23 127.50 52.73 1.0000 per_frame
1376.25 390.23 127.50 52.73 1.0000 per_frame
1372.50 390.23 131.25 48.52 1.0000 per_frame
1372.50 390.23 131.25 52.73 1.0000 per_frame
1372.50 392.34 131.25 46.41 1.0000 per_frame
1372.50 392.34 131.25 46.41 1.0000 per_frame
1372.50 392.34 131.25 46.41 1.0000 per_frame
1372.50 392.34 127.50 46.41 1.0000 per_frame
1372.50 392.34 127.50 46.41 1.0000 per_frame
1372.50 392.34 127.50 46.41 1.0000 per_frame
1372.50 392.34 127.50 46.41 1.0000 per_frame
1372.50 392.34 127.50 46.41 1.0000 per_frame
1372.50 392.34 127.50 46.41 1.0000 per_frame
1372.50 392.34 127.50 46.41 1.0000 per_frame
1372.50 392.34 127.50 46.41 1.0000 per_frame
1372.50 392.34 127.50 46.41 1.0000 per_frame
1372.50 392.34 127.50 46.41 1.0000 per_frame
1372.50 392.34 127.50 46.41 1.0000 per_frame
1372.50 392.34 127.50 46.41 1.0000 per_frame
1372.50 392.34 127.50 46.41 1.0000 per_frame
1372.50 392.34 127.50 46.41 1.0000 per_frame
1372.50 392.34 127.50 46.41 1.0000 per_frame
1372.50 390.23 127.50 48.52 1.0000 per_frame
1372.50 390.23 127.50 48.52 1.0000 per_frame
1372.50 390.23 127.50 48.52 1.0000 per_frame
1372.50 390.23 127.50 48.52 1.0000 per_frame
1372.50 390.23 127.50 46.41 1.0000 per_frame
1372.50 390.23 127.50 48.52 1.0000 per_frame
1372.50 390.23 127.50 46.41 1.0000 per_frame
1372.50 388.12 127.50 46.41 1.0000 per_frame
1372.50 388.12 127.50 46.41 1.0000 per_frame
1372.50 388.12 127.50 46.41 1.0000 per_frame
1372.50 388.12 127.50 46.41 1.0000 per_frame
1372.50 388.12 127.50 46.41 1.0000 per_frame
1372.50 386.02 127.50 48.52 1.0000 per_frame
1372.50 386.02 127.50 48.52 1.0000 per_frame
1372.50 386.02 131.25 48.52 1.0000 per_frame
1372.50 386.02 131.25 46.41 1.0000 per_frame
1372.50 386.02 127.50 46.41 1.0000 per_frame
1372.50 386.02 131.25 46.41 1.0000 per_frame
1372.50 386.02 127.50 46.41 1.0000 per_frame
1372.50 386.02 127.50 46.41 1.0000 per_frame
1372.50 386.02 127.50 46.41 1.0000 per_frame
1372.50 386.02 127.50 46.41 1.0000 per_frame
1372.50 386.02 127.50 46.41 1.0000 per_frame
1372.50 386.02 127.50 46.41 1.0000 per_frame
1372.50 386.02 127.50 46.41 1.0000 per_frame
1372.50 386.02 127.50 46.41 1.0000 per_frame
1372.50 386.02 127.50 46.41 1.0000 per_frame
1372.50 386.02 127.50 50.62 1.0000 per_frame
1372.50 386.02 127.50 50.62 1.0000 per_frame
1372.50 386.02 127.50 46.41 1.0000 per_frame
1372.50 386.02 127.50 46.41 1.0000 per_frame
1372.50 386.02 127.50 48.52 1.0000 per_frame
1372.50 386.02 127.50 46.41 1.0000 per_frame
1368.75 386.02 131.25 50.62 1.0000 per_frame
1368.75 386.02 131.25 50.62 1.0000 per_frame
1368.75 386.02 131.25 50.62 1.0000 per_frame
1372.50 386.02 127.50 52.73 1.0000 per_frame
1372.50 386.02 127.50 52.73 1.0000 per_frame
1372.50 386.02 127.50 50.62 1.0000 per_frame
1372.50 386.02 127.50 52.73 1.0000 per_frame
1368.75 386.02 131.25 52.73 1.0000 per_frame
1368.75 388.12 131.25 50.62 1.0000 per_frame
1368.75 388.12 131.25 50.62 1.0000 per_frame
1368.75 388.12 131.25 50.62 1.0000 per_frame
1368.75 390.23 131.25 48.52 1.0000 per_frame
1368.75 390.23 131.25 44.30 1.0000 per_frame
1368.75 390.23 131.25 44.30 1.0000 per_frame
1368.75 390.23 131.25 44.30 1.0000 per_frame
1368.75 390.23 131.25 44.30 1.0000 per_frame
1368.75 390.23 127.50 46.41 1.0000 per_frame
1368.75 390.23 127.50 44.30 1.0000 per_frame
1368.75 390.23 127.50 48.52 1.0000 per_frame
1368.75 390.23 127.50 48.52 1.0000 per_frame
1368.75 390.23 127.50 48.52 1.0000 per_frame
1368.75 390.23 123.75 48.52 1.0000 per_frame
1368.75 390.23 123.75 48.52 1.0000 per_frame
1365.00 390.23 127.50 46.41 1.0000 per_frame
1365.00 390.23 127.50 46.41 1.0000 per_frame
1365.00 390.23 127.50 48.52 1.0000 per_frame
1365.00 390.23 127.50 48.52 1.0000 per_frame
1365.00 390.23 127.50 44.30 1.0000 per_frame
1365.00 390.23 127.50 44.30 1.0000 per_frame
1361.25 390.23 131.25 44.30 1.0000 per_frame
1361.25 390.23 131.25 44.30 1.0000 per_frame
1361.25 390.23 131.25 44.30 1.0000 per_frame
1361.25 390.23 131.25 44.30 1.0000 per_frame
1361.25 388.12 131.25 46.41 1.0000 per_frame
1361.25 388.12 131.25 44.30 1.0000 per_frame
1361.25 388.12 127.50 44.30 1.0000 per_frame
1361.25 386.02 131.25 46.41 1.0000 per_frame
1361.25 386.02 127.50 44.30 1.0000 per_frame
1361.25 386.02 127.50 44.30 1.0000 per_frame
1357.50 383.91 131.25 46.41 1.0000 per_frame
1361.25 383.91 127.50 44.30 1.0000 per_frame
1357.50 381.80 131.25 46.41 1.0000 per_frame
1357.50 381.80 131.25 44.30 1.0000 per_frame
1357.50 379.69 131.25 46.41 1.0000 per_frame
1357.50 379.69 131.25 44.30 1.0000 per_frame
1357.50 377.58 131.25 44.30 1.0000 per_frame
1357.50 375.47 127.50 46.41 1.0000 per_frame
1353.75 375.47 131.25 44.30 1.0000 per_frame
1353.75 373.36 135.00 44.30 1.0000 per_frame
1353.75 371.25 131.25 46.41 1.0000 per_frame
1353.75 369.14 131.25 46.41 1.0000 per_frame
1353.75 367.03 131.25 46.41 1.0000 per_frame
1350.00 367.03 135.00 46.41 1.0000 per_frame
1353.75 364.92 131.25 46.41 1.0000 per_frame
1350.00 362.81 131.25 46.41 1.0000 per_frame
1346.25 362.81 135.00 46.41 1.0000 per_frame
1350.00 360.70 135.00 44.30 1.0000 per_frame
1346.25 358.59 135.00 46.41 1.0000 per_frame
1346.25 356.48 138.75 46.41 1.0000 per_frame
1346.25 354.38 138.75 46.41 1.0000 per_frame
1346.25 352.27 138.75 48.52 1.0000 per_frame
1346.25 350.16 135.00 46.41 1.0000 per_frame
1342.50 350.16 138.75 46.41 1.0000 per_frame
1342.50 345.94 135.00 48.52 1.0000 per_frame
1342.50 343.83 135.00 48.52 1.0000 per_frame
1342.50 341.72 135.00 48.52 1.0000 per_frame
1342.50 341.72 135.00 46.41 1.0000 per_frame
1338.75 339.61 138.75 46.41 1.0000 per_frame
1338.75 335.39 135.00 50.62 1.0000 per_frame
1338.75 335.39 135.00 48.52 1.0000 per_frame
1338.75 333.28 135.00 48.52 1.0000 per_frame
1335.00 331.17 138.75 50.62 1.0000 per_frame
1335.00 329.06 138.75 50.62 1.0000 per_frame
1335.00 326.95 138.75 50.62 1.0000 per_frame
1335.00 324.84 135.00 50.62 1.0000 per_frame
1331.25 322.73 142.50 50.62 1.0000 per_frame
1331.25 320.62 138.75 50.62 1.0000 per_frame
1331.25 318.52 138.75 50.62 1.0000 per_frame
1327.50 316.41 142.50 52.73 1.0000 per_frame
1327.50 314.30 142.50 52.73 1.0000 per_frame
1327.50 310.08 138.75 56.95 1.0000 per_frame
1327.50 310.08 142.50 52.73 1.0000 per_frame
1327.50 307.97 138.75 54.84 1.0000 per_frame
1323.75 305.86 142.50 52.73 1.0000 per_frame
1323.75 301.64 142.50 56.95 1.0000 per_frame
1320.00 299.53 142.50 54.84 1.0000 per_frame
1320.00 297.42 142.50 54.84 1.0000 per_frame
1320.00 295.31 142.50 54.84 1.0000 per_frame
1316.25 291.09 146.25 56.95 1.0000 per_frame
1316.25 288.98 146.25 54.84 1.0000 per_frame
1316.25 284.77 146.25 56.95 1.0000 per_frame
1312.50 282.66 150.00 56.95 1.0000 per_frame
1312.50 278.44 146.25 56.95 1.0000 per_frame
1308.75 276.33 150.00 59.06 1.0000 per_frame
1308.75 274.22 150.00 61.17 1.0000 per_frame
1308.75 270.00 150.00 61.17 1.0000 per_frame
1308.75 267.89 150.00 61.17 1.0000 per_frame
1308.75 265.78 150.00 61.17 1.0000 per_frame
1305.00 261.56 150.00 61.17 1.0000 per_frame
1305.00 259.45 150.00 59.06 1.0000 per_frame
1301.25 257.34 153.75 54.84 1.0000 per_frame
1301.25 255.23 153.75 52.73 1.0000 per_frame
1301.25 251.02 153.75 54.84 1.0000 per_frame
1301.25 248.91 153.75 54.84 1.0000 per_frame
1301.25 246.80 153.75 61.17 1.0000 per_frame
1297.50 242.58 157.50 63.28 1.0000 per_frame
1297.50 240.47 157.50 63.28 1.0000 per_frame
1297.50 238.36 157.50 61.17 1.0000 per_frame
1297.50 236.25 157.50 61.17 1.0000 per_frame
1297.50 234.14 157.50 61.17 1.0000 per_frame
1297.50 229.92 157.50 63.28 1.0000 per_frame
1293.75 227.81 161.25 63.28 1.0000 per_frame
1293.75 225.70 157.50 65.39 1.0000 per_frame
1293.75 223.59 157.50 65.39 1.0000 per_frame
1293.75 221.48 157.50 65.39 1.0000 per_frame
1290.00 217.27 161.25 69.61 1.0000 per_frame
1290.00 215.16 161.25 67.50 1.0000 per_frame
1290.00 213.05 157.50 67.50 1.0000 per_frame
1286.25 210.94 161.25 67.50 1.0000 per_frame
1286.25 208.83 161.25 69.61 1.0000 per_frame
1286.25 206.72 161.25 69.61 1.0000 per_frame
1282.50 202.50 165.00 71.72 1.0000 per_frame
1286.25 200.39 161.25 73.83 1.0000 per_frame
1282.50 196.17 161.25 78.05 1.0000 per_frame
1282.50 194.06 165.00 78.05 1.0000 per_frame
1282.50 191.95 165.00 78.05 1.0000 per_frame
1278.75 191.95 165.00 78.05 1.0000 per_frame
1278.75 189.84 165.00 78.05 1.0000 per_frame
1278.75 187.73 165.00 80.16 1.0000 per_frame
1278.75 187.73 165.00 78.05 1.0000 per_frame
1278.75 185.62 165.00 78.05 1.0000 per_frame
1275.00 183.52 168.75 80.16 1.0000 per_frame
1275.00 183.52 168.75 80.16 1.0000 per_frame
1275.00 183.52 168.75 78.05 1.0000 per_frame
1275.00 183.52 168.75 78.05 1.0000 per_frame
1275.00 183.52 168.75 75.94 1.0000 per_frame
1275.00 183.52 165.00 75.94 1.0000 per_frame
1275.00 183.52 165.00 75.94 1.0000 per_frame
1271.25 183.52 168.75 75.94 1.0000 per_frame
1271.25 183.52 168.75 75.94 1.0000 per_frame
1271.25 183.52 168.75 73.83 1.0000 per_frame
1271.25 183.52 168.75 73.83 1.0000 per_frame
1271.25 183.52 168.75 73.83 1.0000 per_frame
1271.25 183.52 168.75 73.83 1.0000 per_frame
1271.25 183.52 168.75 73.83 1.0000 per_frame
1271.25 183.52 165.00 73.83 1.0000 per_frame
1271.25 183.52 165.00 73.83 1.0000 per_frame
1271.25 183.52 165.00 73.83 1.0000 per_frame
1267.50 183.52 168.75 73.83 1.0000 per_frame
1271.25 183.52 165.00 75.94 1.0000 per_frame
1271.25 185.62 165.00 73.83 1.0000 per_frame
1271.25 185.62 168.75 73.83 1.0000 per_frame
1271.25 187.73 168.75 71.72 1.0000 per_frame
1271.25 187.73 168.75 73.83 1.0000 per_frame
1271.25 189.84 168.75 71.72 1.0000 per_frame
1271.25 189.84 168.75 71.72 1.0000 per_frame
1271.25 191.95 168.75 69.61 1.0000 per_frame
1271.25 191.95 168.75 71.72 1.0000 per_frame
1271.25 191.95 168.75 71.72 1.0000 per_frame
1271.25 194.06 168.75 69.61 1.0000 per_frame
1271.25 194.06 168.75 71.72 1.0000 per_frame
1271.25 196.17 168.75 69.61 1.0000 per_frame
1271.25 196.17 168.75 69.61 1.0000 per_frame
1275.00 196.17 168.75 71.72 1.0000 per_frame
1271.25 198.28 172.50 71.72 1.0000 per_frame
1275.00 198.28 168.75 71.72 1.0000 per_frame
1275.00 198.28 172.50 71.72 1.0000 per_frame
1275.00 198.28 172.50 71.72 1.0000 per_frame
1275.00 200.39 172.50 71.72 1.0000 per_frame
1278.75 200.39 168.75 71.72 1.0000 per_frame
1278.75 200.39 168.75 71.72 1.0000 per_frame
1278.75 202.50 168.75 69.61 1.0000 per_frame
1278.75 202.50 172.50 71.72 1.0000 per_frame
1278.75 202.50 172.50 71.72 1.0000 per_frame
1282.50 202.50 168.75 71.72 1.0000 per_frame
1282.50 204.61 168.75 71.72 1.0000 per_frame
1282.50 204.61 172.50 71.72 1.0000 per_frame
1282.50 204.61 172.50 71.72 1.0000 per_frame
1282.50 204.61 172.50 73.83 1.0000 per_frame
1286.25 204.61 168.75 73.83 1.0000 per_frame
1286.25 206.72 168.75 71.72 1.0000 per_frame
1286.25 206.72 172.50 71.72 1.0000 per_frame
1286.25 206.72 172.50 71.72 1.0000 per_frame
1286.25 208.83 172.50 71.72 1.0000 per_frame
1290.00 208.83 168.75 71.72 1.0000 per_frame
1290.00 208.83 172.50 71.72 1.0000 per_frame
1290.00 208.83 172.50 69.61 1.0000 per_frame
1290.00 208.83 172.50 71.72 1.0000 per_frame
1290.00 208.83 172.50 71.72 1.0000 per_frame
1290.00 208.83 172.50 71.72 1.0000 per_frame
1293.75 208.83 172.50 71.72 1.0000 per_frame
1293.75 208.83 172.50 69.61 1.0000 per_frame
1293.75 208.83 172.50 71.72 1.0000 per_frame
1293.75 208.83 172.50 71.72 1.0000 per_frame
1293.75 208.83 176.25 71.72 1.0000 per_frame
1297.50 206.72 172.50 73.83 1.0000 per_frame
1297.50 206.72 172.50 73.83 1.0000 per_frame
1297.50 206.72 172.50 71.72 1.0000 per_frame
1297.50 206.72 176.25 73.83 1.0000 per_frame
1297.50 206.72 176.25 71.72 1.0000 per_frame
1297.50 204.61 176.25 73.83 1.0000 per_frame
1297.50 204.61 176.25 73.83 1.0000 per_frame
1301.25 202.50 172.50 73.83 1.0000 per_frame
1301.25 202.50 172.50 73.83 1.0000 per_frame
1301.25 202.50 176.25 71.72 1.0000 per_frame
1301.25 200.39 176.25 75.94 1.0000 per_frame
1301.25 200.39 176.25 73.83 1.0000 per_frame
1301.25 200.39 176.25 73.83 1.0000 per_frame
1301.25 198.28 176.25 73.83 1.0000 per_frame
1301.25 198.28 176.25 73.83 1.0000 per_frame
1301.25 196.17 176.25 75.94 1.0000 per_frame
1301.25 194.06 176.25 75.94 1.0000 per_frame
1305.00 194.06 176.25 75.94 1.0000 per_frame
1305.00 194.06 176.25 73.83 1.0000 per_frame
1305.00 191.95 176.25 73.83 1.0000 per_frame
1305.00 191.95 176.25 73.83 1.0000 per_frame
1305.00 189.84 180.00 73.83 1.0000 per_frame
1305.00 187.73 176.25 75.94 1.0000 per_frame
1305.00 187.73 180.00 73.83 1.0000 per_frame
1305.00 185.62 180.00 73.83 1.0000 per_frame
1305.00 183.52 180.00 75.94 1.0000 per_frame
1305.00 181.41 180.00 78.05 1.0000 per_frame
1308.75 181.41 176.25 75.94 1.0000 per_frame
1308.75 179.30 176.25 75.94 1.0000 per_frame
1308.75 177.19 176.25 75.94 1.0000 per_frame
1308.75 177.19 180.00 73.83 1.0000 per_frame
1308.75 175.08 176.25 73.83 1.0000 per_frame
1308.75 172.97 180.00 75.94 1.0000 per_frame
1308.75 170.86 180.00 75.94 1.0000 per_frame
1308.75 168.75 180.00 78.05 1.0000 per_frame
1308.75 166.64 180.00 78.05 1.0000 per_frame
1308.75 166.64 180.00 75.94 1.0000 per_frame
1308.75 164.53 180.00 75.94 1.0000 per_frame
1312.50 162.42 176.25 75.94 1.0000 per_frame
1312.50 160.31 176.25 78.05 1.0000 per_frame
1312.50 160.31 180.00 73.83 1.0000 per_frame
1312.50 158.20 180.00 75.94 1.0000 per_frame
1312.50 156.09 180.00 78.05 1.0000 per_frame
1312.50 153.98 180.00 78.05 1.0000 per_frame
1308.75 151.88 183.75 78.05 1.0000 per_frame
1312.50 149.77 180.00 71.72 1.0000 per_frame
1312.50 147.66 180.00 78.05 1.0000 per_frame
1312.50 145.55 180.00 75.94 1.0000 per_frame
1312.50 143.44 180.00 78.05 1.0000 per_frame
1312.50 141.33 180.00 78.05 1.0000 per_frame
1312.50 139.22 180.00 75.94 1.0000 per_frame
1312.50 137.11 180.00 80.16 1.0000 per_frame
1312.50 135.00 180.00 80.16 1.0000 per_frame
1312.50 135.00 180.00 78.05 1.0000 per_frame
1312.50 132.89 180.00 75.94 1.0000 per_frame
1312.50 130.78 180.00 78.05 1.0000 per_frame
1308.75 128.67 183.75 78.05 1.0000 per_frame
1308.75 126.56 183.75 78.05 1.0000 per_frame
1308.75 124.45 183.75 78.05 1.0000 per_frame
1308.75 122.34 183.75 80.16 1.0000 per_frame
1308.75 120.23 183.75 80.16 1.0000 per_frame
1308.75 118.12 183.75 80.16 1.0000 per_frame
1308.75 116.02 187.50 80.16 1.0000 per_frame
1308.75 113.91 187.50 80.16 1.0000 per_frame
1308.75 111.80 187.50 80.16 1.0000 per_frame
1305.00 109.69 187.50 80.16 1.0000 per_frame
1305.00 107.58 191.25 80.16 1.0000 per_frame
1305.00 105.47 187.50 78.05 1.0000 per_frame
1305.00 103.36 187.50 78.05 1.0000 per_frame
1305.00 101.25 187.50 80.16 1.0000 per_frame
1305.00 99.14 187.50 80.16 1.0000 per_frame
1301.25 97.03 191.25 80.16 1.0000 per_frame
1301.25 94.92 191.25 82.27 1.0000 per_frame
1301.25 92.81 191.25 80.16 1.0000 per_frame
1301.25 90.70 191.25 80.16 1.0000 per_frame
1297.50 88.59 195.00 80.16 1.0000 per_frame
1297.50 84.38 191.25 84.38 1.0000 per_frame
1297.50 82.27 191.25 84.38 1.0000 per_frame
1297.50 80.16 191.25 80.16 1.0000 per_frame
1293.75 78.05 195.00 82.27 1.0000 per_frame
1293.75 75.94 195.00 80.16 1.0000 per_frame
1293.75 73.83 195.00 82.27 1.0000 per_frame
1290.00 71.72 198.75 82.27 1.0000 per_frame
1290.00 69.61 195.00 82.27 1.0000 per_frame
1290.00 67.50 195.00 82.27 1.0000 per_frame
1290.00 65.39 195.00 80.16 1.0000 per_frame
1286.25 61.17 198.75 82.27 1.0000 per_frame
1286.25 59.06 198.75 82.27 1.0000 per_frame
1282.50 56.95 202.50 80.16 1.0000 per_frame
1282.50 52.73 202.50 84.38 1.0000 per_frame
1282.50 50.62 198.75 86.48 1.0000 per_frame
1282.50 46.41 198.75 78.05 1.0000 per_frame
1278.75 44.30 202.50 88.59 1.0000 per_frame
1278.75 40.08 195.00 88.59 1.0000 per_frame
1278.75 35.86 198.75 92.81 1.0000 per_frame
1278.75 35.86 198.75 84.38 1.0000 per_frame
1278.75 33.75 198.75 88.59 1.0000 per_frame
1278.75 31.64 195.00 88.59 1.0000 per_frame
1278.75 29.53 198.75 88.59 1.0000 per_frame
1282.50 31.64 180.00 84.38 1.0000 per_frame
1282.50 29.53 187.50 84.38 1.0000 per_frame
1278.75 23.20 198.75 90.70 1.0000 per_frame
1278.75 18.98 176.25 88.59 1.0000 per_frame
1278.75 16.88 195.00 90.70 1.0000 per_frame
1278.75 14.77 198.75 90.70 1.0000 per_frame
1278.75 12.66 202.50 92.81 1.0000 per_frame
1278.75 16.88 172.50 86.48 1.0000 per_frame
1278.75 10.55 180.00 90.70 1.0000 per_frame
1278.75 6.33 172.50 92.81 1.0000 per_frame
1278.75 6.33 176.25 92.81 1.0000 per_frame
1278.75 4.22 198.75 92.81 1.0000 per_frame
1278.75 2.11 165.00 92.81 1.0000 per_frame
1278.75 2.11 165.00 88.59 1.0000 per_frame
1282.50 2.11 161.25 84.38 1.0000 per_frame
1282.50 2.11 161.25 78.05 1.0000 per_frame
1282.50 2.11 161.25 84.38 1.0000 per_frame
1278.75 2.11 161.25 69.61 1.0000 per_frame
1278.75 2.11 168.75 69.61 1.0000 per_frame
1278.75 2.11 161.25 67.50 1.0000 per_frame
1278.75 2.11 176.25 73.83 1.0000 per_frame
1278.75 2.11 187.50 82.27 1.0000 per_frame
1278.75 2.11 187.50 82.27 1.0000 per_frame
1278.75 2.11 191.25 80.16 1.0000 per_frame
1278.75 2.11 195.00 80.16 1.0000 per_frame
1278.75 2.11 198.75 78.05 1.0000 per_frame
1278.75 2.11 198.75 78.05 1.0000 per_frame
1275.00 2.11 202.50 75.94 1.0000 per_frame
1275.00 2.11 176.25 73.83 1.0000 per_frame
1271.25 2.11 168.75 73.83 1.0000 per_frame
1271.25 2.11 161.25 69.61 1.0000 per_frame
1271.25 2.11 161.25 69.61 1.0000 per_frame
1271.25 2.11 195.00 71.72 1.0000 per_frame
1271.25 2.11 195.00 71.72 1.0000 per_frame
1271.25 2.11 172.50 71.72 1.0000 per_frame
1271.25 2.11 165.00 69.61 1.0000 per_frame
1271.25 2.11 168.75 67.50 1.0000 per_frame
1271.25 2.11 195.00 69.61 1.0000 per_frame
1271.25 2.11 191.25 67.50 1.0000 per_frame
1275.00 2.11 161.25 67.50 1.0000 per_frame
1275.00 2.11 191.25 73.83 1.0000 per_frame
1275.00 2.11 168.75 69.61 1.0000 per_frame
1275.00 2.11 195.00 71.72 1.0000 per_frame
1275.00 2.11 195.00 73.83 1.0000 per_frame
1275.00 2.11 191.25 75.94 1.0000 per_frame
1278.75 2.11 157.50 59.06 1.0000 per_frame
1278.75 2.11 157.50 65.39 1.0000 per_frame
1278.75 2.11 180.00 73.83 1.0000 per_frame
1282.50 2.11 191.25 78.05 1.0000 per_frame
1278.75 2.11 195.00 78.05 1.0000 per_frame
1282.50 2.11 191.25 80.16 1.0000 per_frame
1282.50 2.11 191.25 80.16 1.0000 per_frame
1282.50 2.11 187.50 82.27 1.0000 per_frame
1282.50 2.11 191.25 82.27 1.0000 per_frame
1282.50 2.11 172.50 82.27 1.0000 per_frame
1282.50 2.11 165.00 82.27 1.0000 per_frame
1286.25 2.11 195.00 84.38 1.0000 per_frame
1286.25 2.11 191.25 84.38 1.0000 per_frame
1286.25 2.11 153.75 86.48 1.0000 per_frame
1286.25 2.11 150.00 86.48 1.0000 per_frame
1286.25 2.11 165.00 88.59 1.0000 per_frame
1286.25 2.11 165.00 90.70 1.0000 per_frame
1290.00 4.22 195.00 90.70 1.0000 per_frame
1286.25 4.22 195.00 90.70 1.0000 per_frame
1290.00 6.33 191.25 90.70 1.0000 per_frame
1293.75 8.44 187.50 90.70 1.0000 per_frame
1293.75 10.55 187.50 88.59 1.0000 per_frame
1290.00 12.66 191.25 88.59 1.0000 per_frame
1290.00 10.55 165.00 84.38 1.0000 per_frame
1290.00 14.77 195.00 80.16 1.0000 per_frame
1293.75 16.88 191.25 84.38 1.0000 per_frame
1293.75 18.98 195.00 86.48 1.0000 per_frame
1297.50 21.09 191.25 86.48 1.0000 per_frame
1293.75 18.98 191.25 86.48 1.0000 per_frame
1293.75 21.09 195.00 86.48 1.0000 per_frame
1297.50 23.20 191.25 84.38 1.0000 per_frame
1297.50 25.31 187.50 86.48 1.0000 per_frame
1301.25 25.31 183.75 82.27 1.0000 per_frame
1301.25 29.53 191.25 86.48 1.0000 per_frame
1301.25 29.53 183.75 86.48 1.0000 per_frame
1301.25 31.64 168.75 75.94 1.0000 per_frame
1301.25 31.64 191.25 86.48 1.0000 per_frame
1305.00 35.86 187.50 86.48 1.0000 per_frame
1308.75 37.97 176.25 84.38 1.0000 per_frame
1308.75 40.08 183.75 82.27 1.0000 per_frame
1308.75 42.19 187.50 84.38 1.0000 per_frame
1308.75 44.30 191.25 84.38 1.0000 per_frame
1312.50 46.41 187.50 84.38 1.0000 per_frame
1308.75 48.52 191.25 84.38 1.0000 per_frame
1312.50 50.62 187.50 84.38 1.0000 per_frame
1312.50 52.73 187.50 84.38 1.0000 per_frame
