265.00 268.59 100.00 37.97 1.0000 per_frame
270.00 261.56 105.00 39.38 1.0000 per_frame
287.50 262.97 97.50 37.97 1.0000 per_frame
292.50 262.97 100.00 35.16 1.0000 per_frame
290.00 258.75 102.50 37.97 1.0000 per_frame
290.00 255.94 100.00 35.16 1.0000 per_frame
295.00 254.53 100.00 35.16 1.0000 per_frame
300.00 253.12 102.50 37.97 1.0000 per_frame
307.50 248.91 100.00 36.56 1.0000 per_frame
307.50 246.09 100.00 37.97 1.0000 per_frame
310.00 243.28 100.00 37.97 1.0000 per_frame
315.00 243.28 100.00 36.56 1.0000 per_frame
307.50 241.88 102.50 37.97 1.0000 per_frame
307.50 240.47 100.00 35.16 1.0000 per_frame
302.50 237.66 100.00 36.56 1.0000 per_frame
295.00 237.66 102.50 36.56 1.0000 per_frame
295.00 236.25 100.00 35.16 1.0000 per_frame
287.50 236.25 100.00 37.97 1.0000 per_frame
275.00 239.06 102.50 36.56 1.0000 per_frame
270.00 234.84 100.00 35.16 1.0000 per_frame
265.00 230.62 100.00 36.56 1.0000 per_frame
260.00 226.41 102.50 36.56 1.0000 per_frame
265.00 227.81 105.00 35.16 1.0000 per_frame
265.00 225.00 100.00 36.56 1.0000 per_frame
267.50 223.59 100.00 36.56 1.0000 per_frame
270.00 227.81 100.00 35.16 1.0000 per_frame
267.50 232.03 100.00 35.16 1.0000 per_frame
250.00 233.44 102.50 36.56 1.0000 per_frame
242.50 237.66 102.50 36.56 1.0000 per_frame
242.50 237.66 102.50 36.56 1.0000 per_frame
242.50 251.72 110.00 37.97 1.0000 per_frame
245.00 258.75 102.50 36.56 1.0000 per_frame
245.00 258.75 102.50 36.56 1.0000 per_frame
222.50 268.59 102.50 37.97 1.0000 per_frame
217.50 271.41 102.50 36.56 1.0000 per_frame
217.50 271.41 105.00 36.56 1.0000 per_frame
217.50 260.16 105.00 37.97 1.0000 per_frame
242.50 264.38 102.50 35.16 1.0000 per_frame
242.50 264.38 102.50 35.16 1.0000 per_frame
270.00 251.72 107.50 36.56 1.0000 per_frame
285.00 248.91 102.50 35.16 1.0000 per_frame
285.00 248.91 102.50 35.16 1.0000 per_frame
300.00 241.88 105.00 36.56 1.0000 per_frame
317.50 240.47 107.50 36.56 1.0000 per_frame
317.50 239.06 107.50 37.97 1.0000 per_frame
335.00 240.47 102.50 36.56 1.0000 per_frame
335.00 241.88 100.00 37.97 1.0000 per_frame
337.50 253.12 105.00 37.97 1.0000 per_frame
337.50 253.12 105.00 37.97 1.0000 per_frame
332.50 254.53 105.00 36.56 1.0000 per_frame
297.50 247.50 102.50 36.56 1.0000 per_frame
297.50 247.50 102.50 36.56 1.0000 per_frame
315.00 244.69 100.00 39.38 1.0000 per_frame
350.00 244.69 100.00 37.97 1.0000 per_frame
350.00 244.69 100.00 37.97 1.0000 per_frame
347.50 244.69 102.50 37.97 1.0000 per_frame
355.00 247.50 107.50 37.97 1.0000 per_frame
355.00 247.50 107.50 37.97 1.0000 per_frame
357.50 251.72 105.00 37.97 1.0000 per_frame
345.00 257.34 102.50 36.56 1.0000 per_frame
345.00 257.34 102.50 36.56 1.0000 per_frame
342.50 255.94 102.50 37.97 1.0000 per_frame
345.00 265.78 107.50 36.56 1.0000 per_frame
345.00 265.78 107.50 36.56 1.0000 per_frame
352.50 261.56 102.50 36.56 1.0000 per_frame
342.50 258.75 105.00 36.56 1.0000 per_frame
340.00 258.75 110.00 37.97 1.0000 per_frame
340.00 258.75 110.00 37.97 1.0000 per_frame
340.00 264.38 105.00 36.56 1.0000 per_frame
342.50 264.38 105.00 35.16 1.0000 per_frame
342.50 264.38 105.00 35.16 1.0000 per_frame
342.50 261.56 102.50 36.56 1.0000 per_frame
352.50 260.16 105.00 36.56 1.0000 per_frame
352.50 260.16 105.00 36.56 1.0000 per_frame
362.50 257.34 105.00 36.56 1.0000 per_frame
377.50 254.53 107.50 35.16 1.0000 per_frame
377.50 254.53 107.50 35.16 1.0000 per_frame
387.50 250.31 112.50 36.56 1.0000 per_frame
397.50 247.50 105.00 35.16 1.0000 per_frame
397.50 247.50 105.00 35.16 1.0000 per_frame
370.00 239.06 115.00 36.56 1.0000 per_frame
372.50 220.78 112.50 37.97 1.0000 per_frame
372.50 220.78 112.50 37.97 1.0000 per_frame
395.00 220.78 107.50 35.16 1.0000 per_frame
377.50 215.16 112.50 35.16 1.0000 per_frame
377.50 208.12 107.50 35.16 1.0000 per_frame
365.00 192.66 107.50 35.16 1.0000 per_frame
350.00 175.78 105.00 33.75 1.0000 per_frame
342.50 168.75 105.00 35.16 1.0000 per_frame
352.50 163.12 115.00 36.56 1.0000 per_frame
385.00 156.09 107.50 33.75 1.0000 per_frame
405.00 149.06 112.50 36.56 1.0000 per_frame
420.00 142.03 107.50 35.16 1.0000 per_frame
425.00 140.62 110.00 36.56 1.0000 per_frame
432.50 133.59 110.00 36.56 1.0000 per_frame
427.50 119.53 107.50 37.97 1.0000 per_frame
422.50 123.75 110.00 37.97 1.0000 per_frame
427.50 135.00 107.50 37.97 1.0000 per_frame
437.50 139.22 110.00 39.38 1.0000 per_frame
442.50 146.25 110.00 37.97 1.0000 per_frame
440.00 149.06 110.00 36.56 1.0000 per_frame
425.00 150.47 117.50 37.97 1.0000 per_frame
417.50 160.31 110.00 37.97 1.0000 per_frame
425.00 171.56 110.00 36.56 1.0000 per_frame
420.00 172.97 117.50 37.97 1.0000 per_frame
415.00 175.78 112.50 37.97 1.0000 per_frame
397.50 175.78 110.00 36.56 1.0000 per_frame
392.50 170.16 115.00 37.97 1.0000 per_frame
412.50 171.56 115.00 37.97 1.0000 per_frame
425.00 164.53 110.00 37.97 1.0000 per_frame
417.50 153.28 112.50 40.78 1.0000 per_frame
422.50 151.88 110.00 39.38 1.0000 per_frame
447.50 147.66 112.50 39.38 1.0000 per_frame
475.00 143.44 112.50 40.78 1.0000 per_frame
490.00 144.84 110.00 40.78 1.0000 per_frame
490.00 142.03 112.50 40.78 1.0000 per_frame
492.50 136.41 117.50 42.19 1.0000 per_frame
505.00 135.00 112.50 40.78 1.0000 per_frame
517.50 137.81 115.00 42.19 1.0000 per_frame
525.00 137.81 112.50 42.19 1.0000 per_frame
525.00 136.41 115.00 40.78 1.0000 per_frame
517.50 133.59 112.50 43.59 1.0000 per_frame
527.50 136.41 115.00 42.19 1.0000 per_frame
545.00 140.62 112.50 42.19 1.0000 per_frame
547.50 140.62 122.50 43.59 1.0000 per_frame
550.00 144.84 112.50 42.19 1.0000 per_frame
547.50 149.06 112.50 40.78 1.0000 per_frame
547.50 149.06 115.00 42.19 1.0000 per_frame
552.50 151.88 115.00 40.78 1.0000 per_frame
555.00 151.88 112.50 42.19 1.0000 per_frame
555.00 156.09 115.00 43.59 1.0000 per_frame
565.00 163.12 115.00 42.19 1.0000 per_frame
572.50 167.34 117.50 42.19 1.0000 per_frame
577.50 165.94 115.00 42.19 1.0000 per_frame
587.50 165.94 115.00 43.59 1.0000 per_frame
592.50 170.16 115.00 43.59 1.0000 per_frame
597.50 174.38 115.00 43.59 1.0000 per_frame
595.00 180.00 115.00 42.19 1.0000 per_frame
595.00 180.00 115.00 43.59 1.0000 per_frame
600.00 182.81 115.00 42.19 1.0000 per_frame
602.50 184.22 117.50 42.19 1.0000 per_frame
600.00 185.62 122.50 43.59 1.0000 per_frame
605.00 188.44 115.00 43.59 1.0000 per_frame
605.00 189.84 115.00 42.19 1.0000 per_frame
600.00 187.03 115.00 45.00 1.0000 per_frame
600.00 189.84 115.00 45.00 1.0000 per_frame
600.00 192.66 117.50 42.19 1.0000 per_frame
590.00 189.84 117.50 45.00 1.0000 per_frame
585.00 191.25 115.00 43.59 1.0000 per_frame
575.00 189.84 117.50 43.59 1.0000 per_frame
557.50 180.00 125.00 45.00 1.0000 per_frame
547.50 180.00 117.50 43.59 1.0000 per_frame
547.50 175.78 117.50 45.00 1.0000 per_frame
545.00 175.78 122.50 45.00 1.0000 per_frame
545.00 174.38 117.50 43.59 1.0000 per_frame
532.50 168.75 115.00 43.59 1.0000 per_frame
515.00 158.91 122.50 45.00 1.0000 per_frame
507.50 153.28 122.50 43.59 1.0000 per_frame
500.00 153.28 117.50 45.00 1.0000 per_frame
497.50 146.25 120.00 45.00 1.0000 per_frame
492.50 139.22 117.50 45.00 1.0000 per_frame
485.00 133.59 120.00 46.41 1.0000 per_frame
487.50 130.78 120.00 45.00 1.0000 per_frame
482.50 129.38 120.00 46.41 1.0000 per_frame
462.50 129.38 125.00 46.41 1.0000 per_frame
465.00 130.78 125.00 46.41 1.0000 per_frame
455.00 132.19 120.00 46.41 1.0000 per_frame
432.50 133.59 125.00 46.41 1.0000 per_frame
482.50 174.38 120.00 33.75 1.0000 per_frame
555.00 150.47 122.50 45.00 1.0000 per_frame
510.00 130.78 120.00 39.38 1.0000 per_frame
477.50 129.38 117.50 49.22 1.0000 per_frame
490.00 144.84 125.00 45.00 1.0000 per_frame
520.00 140.62 122.50 46.41 1.0000 per_frame
527.50 143.44 120.00 49.22 1.0000 per_frame
520.00 188.44 120.00 49.22 1.0000 per_frame
522.50 246.09 127.50 49.22 1.0000 per_frame
547.50 234.84 117.50 45.00 1.0000 per_frame
640.00 174.38 52.50 35.16 1.0000 per_frame
535.00 154.69 100.00 28.12 1.0000 per_frame
425.00 192.66 122.50 47.81 1.0000 per_frame
462.50 172.97 122.50 33.75 1.0000 per_frame
585.00 160.31 127.50 40.78 1.0000 per_frame
567.50 151.88 122.50 47.81 1.0000 per_frame
542.50 182.81 132.50 50.62 1.0000 per_frame
572.50 212.34 127.50 47.81 1.0000 per_frame
612.50 215.16 125.00 46.41 1.0000 per_frame
642.50 232.03 130.00 47.81 1.0000 per_frame
682.50 209.53 122.50 43.59 1.0000 per_frame
665.00 184.22 125.00 47.81 1.0000 per_frame
680.00 188.44 130.00 47.81 1.0000 per_frame
685.00 196.88 122.50 46.41 1.0000 per_frame
672.50 216.56 122.50 47.81 1.0000 per_frame
667.50 201.09 122.50 45.00 1.0000 per_frame
685.00 205.31 122.50 47.81 1.0000 per_frame
667.50 208.12 125.00 45.00 1.0000 per_frame
650.00 160.31 122.50 42.19 1.0000 per_frame
650.00 112.50 132.50 47.81 1.0000 per_frame
637.50 147.66 122.50 43.59 1.0000 per_frame
592.50 164.53 122.50 46.41 1.0000 per_frame
572.50 147.66 125.00 46.41 1.0000 per_frame
537.50 132.19 132.50 46.41 1.0000 per_frame
527.50 139.22 127.50 47.81 1.0000 per_frame
507.50 146.25 127.50 42.19 1.0000 per_frame
447.50 164.53 127.50 52.03 1.0000 per_frame
417.50 189.84 135.00 52.03 1.0000 per_frame
407.50 185.62 127.50 46.41 1.0000 per_frame
380.00 150.47 130.00 47.81 1.0000 per_frame
350.00 164.53 135.00 52.03 1.0000 per_frame
350.00 184.22 132.50 49.22 1.0000 per_frame
337.50 163.12 132.50 46.41 1.0000 per_frame
297.50 158.91 137.50 50.62 1.0000 per_frame
305.00 175.78 140.00 49.22 1.0000 per_frame
335.00 171.56 130.00 47.81 1.0000 per_frame
327.50 177.19 130.00 47.81 1.0000 per_frame
330.00 185.62 145.00 47.81 1.0000 per_frame
390.00 188.44 130.00 47.81 1.0000 per_frame
375.00 185.62 130.00 49.22 1.0000 per_frame
385.00 206.72 145.00 49.22 1.0000 per_frame
425.00 205.31 130.00 49.22 1.0000 per_frame
410.00 212.34 130.00 52.03 1.0000 per_frame
415.00 247.50 140.00 46.41 1.0000 per_frame
477.50 243.28 130.00 46.41 1.0000 per_frame
482.50 232.03 132.50 50.62 1.0000 per_frame
465.00 261.56 130.00 49.22 1.0000 per_frame
457.50 278.44 142.50 52.03 1.0000 per_frame
450.00 293.91 135.00 49.22 1.0000 per_frame
462.50 322.03 130.00 50.62 1.0000 per_frame
480.00 336.09 135.00 47.81 1.0000 per_frame
490.00 307.97 132.50 46.41 1.0000 per_frame
512.50 305.16 137.50 49.22 1.0000 per_frame
540.00 320.62 130.00 47.81 1.0000 per_frame
550.00 324.84 147.50 49.22 1.0000 per_frame
567.50 329.06 137.50 47.81 1.0000 per_frame
560.00 330.47 130.00 47.81 1.0000 per_frame
552.50 319.22 140.00 49.22 1.0000 per_frame
595.00 302.34 135.00 46.41 1.0000 per_frame
610.00 288.28 140.00 49.22 1.0000 per_frame
600.00 278.44 137.50 47.81 1.0000 per_frame
622.50 254.53 132.50 49.22 1.0000 per_frame
622.50 229.22 130.00 46.41 1.0000 per_frame
612.50 217.97 142.50 47.81 1.0000 per_frame
630.00 226.41 132.50 50.62 1.0000 per_frame
650.00 219.38 132.50 47.81 1.0000 per_frame
650.00 201.09 142.50 49.22 1.0000 per_frame
640.00 192.66 142.50 50.62 1.0000 per_frame
617.50 195.47 135.00 50.62 1.0000 per_frame
592.50 196.88 162.50 53.44 1.0000 per_frame
595.00 199.69 132.50 52.03 1.0000 per_frame
587.50 202.50 145.00 53.44 1.0000 per_frame
560.00 208.12 150.00 52.03 1.0000 per_frame
547.50 219.38 142.50 53.44 1.0000 per_frame
527.50 229.22 140.00 52.03 1.0000 per_frame
490.00 232.03 147.50 52.03 1.0000 per_frame
455.00 220.78 140.00 49.22 1.0000 per_frame
407.50 209.53 147.50 50.62 1.0000 per_frame
412.50 201.09 135.00 52.03 1.0000 per_frame
407.50 201.09 147.50 53.44 1.0000 per_frame
400.00 223.59 152.50 53.44 1.0000 per_frame
395.00 241.88 142.50 49.22 1.0000 per_frame
382.50 212.34 137.50 49.22 1.0000 per_frame
377.50 191.25 160.00 52.03 1.0000 per_frame
407.50 192.66 140.00 53.44 1.0000 per_frame
407.50 178.59 140.00 52.03 1.0000 per_frame
405.00 156.09 150.00 54.84 1.0000 per_frame
422.50 149.06 150.00 56.25 1.0000 per_frame
412.50 153.28 140.00 54.84 1.0000 per_frame
395.00 146.25 157.50 53.44 1.0000 per_frame
377.50 115.31 142.50 52.03 1.0000 per_frame
355.00 85.78 142.50 53.44 1.0000 per_frame
365.00 39.38 147.50 52.03 1.0000 per_frame
80.00 35.16 897.50 127.97 1.0000 per_frame
35.00 29.53 482.50 133.59 1.0000 per_frame
495.00 70.31 400.00 104.06 1.0000 per_frame
550.00 64.69 345.00 104.06 1.0000 per_frame
550.00 87.19 205.00 85.78 1.0000 per_frame
535.00 95.62 167.50 81.56 1.0000 per_frame
535.00 98.44 167.50 82.97 1.0000 per_frame
537.50 101.25 155.00 71.72 1.0000 per_frame
552.50 154.69 42.50 21.09 1.0000 per_frame
315.00 1.41 115.00 52.03 1.0000 per_frame
312.50 2.81 132.50 64.69 1.0000 per_frame
297.50 2.81 137.50 64.69 1.0000 per_frame
357.50 1.41 105.00 52.03 1.0000 per_frame
332.50 32.34 162.50 63.28 1.0000 per_frame
327.50 52.03 147.50 64.69 1.0000 per_frame
352.50 98.44 145.00 60.47 1.0000 per_frame
395.00 97.03 150.00 56.25 1.0000 per_frame
425.00 98.44 152.50 60.47 1.0000 per_frame
447.50 137.81 147.50 57.66 1.0000 per_frame
460.00 135.00 145.00 54.84 1.0000 per_frame
482.50 119.53 155.00 56.25 1.0000 per_frame
567.50 112.50 155.00 35.16 1.0000 per_frame
597.50 106.88 147.50 56.25 1.0000 per_frame
582.50 97.03 150.00 57.66 1.0000 per_frame
620.00 87.19 157.50 57.66 1.0000 per_frame
670.00 75.94 150.00 57.66 1.0000 per_frame
705.00 49.22 160.00 60.47 1.0000 per_frame
730.00 57.66 150.00 61.88 1.0000 per_frame
775.00 56.25 157.50 37.97 1.0000 per_frame
137.50 222.19 85.00 37.97 1.0000 per_frame
942.50 1.41 57.50 28.12 1.0000 per_frame
175.00 223.59 62.50 30.94 1.0000 per_frame
190.00 181.41 70.00 42.19 1.0000 per_frame
200.00 120.94 117.50 63.28 1.0000 per_frame
195.00 108.28 122.50 68.91 1.0000 per_frame
497.50 50.62 165.00 60.47 1.0000 per_frame
272.50 95.62 130.00 66.09 1.0000 per_frame
300.00 109.69 117.50 60.47 1.0000 per_frame
325.00 95.62 117.50 67.50 1.0000 per_frame
340.00 78.75 132.50 66.09 1.0000 per_frame
360.00 74.53 142.50 68.91 1.0000 per_frame
387.50 46.41 132.50 64.69 1.0000 per_frame
365.00 23.91 150.00 71.72 1.0000 per_frame
325.00 50.62 125.00 70.31 1.0000 per_frame
332.50 81.56 125.00 64.69 1.0000 per_frame
330.00 101.25 120.00 64.69 1.0000 per_frame
575.00 81.56 17.50 9.84 0.9412 per_frame
260.00 142.03 117.50 59.06 1.0000 per_frame
277.50 140.62 112.50 63.28 1.0000 per_frame
302.50 160.31 37.50 16.88 1.0000 per_frame
-100 -100 -100 -100 0.0000 none
105.00 206.72 100.00 46.41 1.0000 per_frame
107.50 180.00 112.50 66.09 1.0000 per_frame
-100 -100 -100 -100 0.0000 none
707.50 123.75 10.00 16.88 1.0000 per_frame
770.00 144.84 20.00 9.84 1.0000 per_frame
1062.50 2.81 27.50 7.03 0.9961 per_frame
665.00 127.97 12.50 7.03 0.9922 per_frame
215.00 161.72 32.50 19.69 1.0000 per_frame
190.00 130.78 12.50 9.84 0.8667 per_frame
135.00 170.16 37.50 12.66 0.9843 per_frame
162.50 147.66 25.00 16.88 0.8549 per_frame
165.00 98.44 42.50 22.50 0.9882 per_frame
120.00 165.94 17.50 11.25 0.8784 per_frame
940.00 101.25 17.50 14.06 1.0000 per_frame
1057.50 82.97 30.00 29.53 1.0000 per_frame
1030.00 132.19 22.50 26.72 1.0000 per_frame
1025.00 160.31 17.50 22.50 1.0000 per_frame
600.00 1.41 55.00 42.19 1.0000 per_frame
1007.50 243.28 10.00 16.88 1.0000 per_frame
542.50 50.62 160.00 75.94 1.0000 per_frame
547.50 63.28 155.00 78.75 1.0000 per_frame
552.50 84.38 152.50 80.16 1.0000 per_frame
520.00 109.69 160.00 70.31 1.0000 per_frame
517.50 125.16 150.00 70.31 1.0000 per_frame
530.00 136.41 155.00 78.75 1.0000 per_frame
522.50 140.62 147.50 74.53 1.0000 per_frame
495.00 144.84 162.50 81.56 1.0000 per_frame
492.50 161.72 157.50 81.56 1.0000 per_frame
487.50 168.75 150.00 75.94 1.0000 per_frame
465.00 164.53 162.50 80.16 1.0000 per_frame
455.00 170.16 157.50 78.75 1.0000 per_frame
462.50 164.53 147.50 75.94 1.0000 per_frame
447.50 150.47 175.00 80.16 1.0000 per_frame
425.00 161.72 152.50 77.34 1.0000 per_frame
415.00 160.31 157.50 78.75 1.0000 per_frame
417.50 149.06 167.50 80.16 1.0000 per_frame
405.00 146.25 157.50 75.94 1.0000 per_frame
382.50 133.59 162.50 78.75 1.0000 per_frame
382.50 126.56 157.50 78.75 1.0000 per_frame
367.50 119.53 165.00 82.97 1.0000 per_frame
335.00 125.16 195.00 82.97 1.0000 per_frame
340.00 142.03 175.00 80.16 1.0000 per_frame
365.00 146.25 175.00 81.56 1.0000 per_frame
367.50 149.06 182.50 82.97 1.0000 per_frame
382.50 158.91 172.50 82.97 1.0000 per_frame
390.00 177.19 170.00 80.16 1.0000 per_frame
382.50 184.22 167.50 81.56 1.0000 per_frame
392.50 182.81 170.00 87.19 1.0000 per_frame
402.50 187.03 185.00 87.19 1.0000 per_frame
407.50 192.66 187.50 87.19 1.0000 per_frame
420.00 213.75 180.00 84.38 1.0000 per_frame
417.50 223.59 180.00 84.38 1.0000 per_frame
425.00 217.97 190.00 88.59 1.0000 per_frame
427.50 227.81 197.50 90.00 1.0000 per_frame
437.50 241.88 192.50 82.97 1.0000 per_frame
442.50 244.69 190.00 82.97 1.0000 per_frame
445.00 260.16 190.00 88.59 1.0000 per_frame
452.50 264.38 195.00 85.78 1.0000 per_frame
452.50 260.16 210.00 85.78 1.0000 per_frame
447.50 278.44 207.50 85.78 1.0000 per_frame
450.00 285.47 200.00 80.16 1.0000 per_frame
450.00 275.62 200.00 81.56 1.0000 per_frame
442.50 277.03 202.50 84.38 1.0000 per_frame
432.50 282.66 210.00 84.38 1.0000 per_frame
442.50 277.03 217.50 82.97 1.0000 per_frame
432.50 279.84 220.00 84.38 1.0000 per_frame
432.50 285.47 217.50 84.38 1.0000 per_frame
442.50 268.59 210.00 82.97 1.0000 per_frame
437.50 262.97 210.00 87.19 1.0000 per_frame
427.50 270.00 207.50 84.38 1.0000 per_frame
437.50 255.94 207.50 85.78 1.0000 per_frame
430.00 253.12 212.50 87.19 1.0000 per_frame
430.00 253.12 217.50 87.19 1.0000 per_frame
440.00 241.88 222.50 87.19 1.0000 per_frame
447.50 229.22 217.50 84.38 1.0000 per_frame
447.50 219.38 207.50 88.59 1.0000 per_frame
442.50 219.38 205.00 87.19 1.0000 per_frame
450.00 206.72 205.00 88.59 1.0000 per_frame
462.50 196.88 212.50 85.78 1.0000 per_frame
455.00 189.84 217.50 91.41 1.0000 per_frame
455.00 192.66 212.50 85.78 1.0000 per_frame
467.50 175.78 197.50 92.81 1.0000 per_frame
475.00 177.19 192.50 87.19 1.0000 per_frame
457.50 168.75 190.00 91.41 1.0000 per_frame
452.50 178.59 200.00 85.78 1.0000 per_frame
467.50 163.12 185.00 88.59 1.0000 per_frame
472.50 147.66 180.00 84.38 1.0000 per_frame
442.50 153.28 172.50 94.22 1.0000 per_frame
432.50 158.91 172.50 81.56 1.0000 per_frame
445.00 123.75 182.50 84.38 1.0000 per_frame
432.50 108.28 175.00 84.38 1.0000 per_frame
392.50 94.22 162.50 87.19 1.0000 per_frame
362.50 66.09 162.50 85.78 1.0000 per_frame
320.00 29.53 195.00 90.00 1.0000 per_frame
312.50 23.91 170.00 88.59 1.0000 per_frame
267.50 18.28 190.00 81.56 1.0000 per_frame
260.00 1.41 150.00 80.16 1.0000 per_frame
250.00 1.41 112.50 63.28 1.0000 per_frame
995.00 28.12 67.50 40.78 1.0000 per_frame
577.50 127.97 90.00 50.62 1.0000 per_frame
582.50 115.31 80.00 52.03 1.0000 per_frame
572.50 99.84 92.50 57.66 1.0000 per_frame
550.00 99.84 92.50 56.25 1.0000 per_frame
552.50 111.09 57.50 37.97 1.0000 per_frame
565.00 39.38 112.50 68.91 1.0000 per_frame
555.00 32.34 152.50 81.56 1.0000 per_frame
527.50 43.59 200.00 73.12 1.0000 per_frame
492.50 30.94 215.00 87.19 1.0000 per_frame
470.00 61.88 142.50 81.56 1.0000 per_frame
425.00 61.88 177.50 78.75 1.0000 per_frame
457.50 53.44 155.00 71.72 1.0000 per_frame
470.00 66.09 55.00 30.94 1.0000 per_frame
492.50 49.22 110.00 53.44 1.0000 per_frame
480.00 29.53 122.50 82.97 1.0000 per_frame
557.50 2.81 90.00 61.88 1.0000 per_frame
557.50 2.81 90.00 61.88 1.0000 per_frame
537.50 30.94 52.50 45.00 1.0000 per_frame
412.50 119.53 37.50 19.69 1.0000 per_frame
497.50 101.25 37.50 35.16 1.0000 per_frame
492.50 102.66 65.00 36.56 1.0000 per_frame
330.00 313.59 10.00 4.22 1.0000 per_frame
982.50 264.38 52.50 23.91 1.0000 per_frame
587.50 28.12 100.00 52.03 1.0000 per_frame
897.50 140.62 162.50 137.81 1.0000 per_frame
655.00 160.31 162.50 109.69 1.0000 per_frame
970.00 143.44 140.00 126.56 1.0000 per_frame
917.50 98.44 240.00 154.69 1.0000 per_frame
972.50 135.00 107.50 123.75 1.0000 per_frame
952.50 98.44 172.50 133.59 1.0000 per_frame
965.00 67.50 122.50 106.88 1.0000 per_frame
685.00 85.78 107.50 60.47 0.9961 per_frame
907.50 77.34 162.50 135.00 1.0000 per_frame
900.00 74.53 150.00 132.19 1.0000 per_frame
840.00 42.19 317.50 168.75 1.0000 per_frame
922.50 90.00 130.00 140.62 1.0000 per_frame
847.50 84.38 197.50 158.91 1.0000 per_frame
905.00 75.94 170.00 149.06 1.0000 per_frame
865.00 77.34 202.50 172.97 1.0000 per_frame
870.00 115.31 162.50 146.25 1.0000 per_frame
772.50 105.47 260.00 147.66 1.0000 per_frame
852.50 68.91 212.50 143.44 1.0000 per_frame
870.00 53.44 187.50 156.09 1.0000 per_frame
825.00 90.00 272.50 156.09 1.0000 per_frame
857.50 78.75 295.00 144.84 1.0000 per_frame
955.00 30.94 165.00 136.41 1.0000 per_frame
942.50 2.81 225.00 184.22 1.0000 per_frame
947.50 8.44 222.50 137.81 1.0000 per_frame
780.00 0.00 62.50 36.56 1.0000 per_frame
995.00 0.00 167.50 80.16 1.0000 per_frame
950.00 0.00 200.00 78.75 1.0000 per_frame
957.50 0.00 205.00 95.62 1.0000 per_frame
1012.50 0.00 172.50 95.62 1.0000 per_frame
1037.50 0.00 122.50 78.75 1.0000 per_frame
772.50 1.41 82.50 63.28 1.0000 per_frame
1030.00 0.00 180.00 95.62 1.0000 per_frame
757.50 364.22 22.50 8.44 1.0000 per_frame
862.50 375.47 10.00 7.03 0.9961 per_frame
637.50 624.38 20.00 21.09 1.0000 per_frame
737.50 348.75 22.50 11.25 1.0000 per_frame
735.00 343.12 27.50 14.06 1.0000 per_frame
727.50 330.47 20.00 11.25 1.0000 per_frame
777.50 625.78 22.50 8.44 0.9843 per_frame
682.50 316.41 27.50 12.66 1.0000 per_frame
667.50 317.81 27.50 11.25 1.0000 per_frame
642.50 312.19 30.00 14.06 1.0000 per_frame
915.00 243.28 25.00 11.25 1.0000 per_frame
907.50 237.66 25.00 11.25 1.0000 per_frame
617.50 299.53 22.50 11.25 1.0000 per_frame
605.00 303.75 32.50 14.06 1.0000 per_frame
587.50 306.56 35.00 16.88 1.0000 per_frame
590.00 298.12 32.50 15.47 1.0000 per_frame
592.50 291.09 32.50 15.47 1.0000 per_frame
582.50 293.91 30.00 12.66 1.0000 per_frame
572.50 292.50 30.00 12.66 1.0000 per_frame
945.00 303.75 40.00 32.34 1.0000 per_frame
635.00 271.41 17.50 5.62 1.0000 per_frame
622.50 255.94 35.00 18.28 1.0000 per_frame
617.50 258.75 35.00 16.88 1.0000 per_frame
507.50 579.38 35.00 32.34 1.0000 per_frame
490.00 559.69 42.50 43.59 1.0000 per_frame
465.00 561.09 55.00 52.03 1.0000 per_frame
197.50 621.56 12.50 12.66 0.9686 per_frame
167.50 587.81 25.00 35.16 1.0000 per_frame
447.50 558.28 35.00 18.28 1.0000 per_frame
210.00 607.50 5.00 9.84 0.9216 per_frame
187.50 409.22 20.00 9.84 1.0000 per_frame
155.00 585.00 62.50 59.06 1.0000 per_frame
502.50 437.34 37.50 18.28 1.0000 per_frame
202.50 585.00 12.50 21.09 1.0000 per_frame
200.00 582.19 12.50 18.28 1.0000 per_frame
732.50 362.81 52.50 29.53 1.0000 per_frame
342.50 603.28 25.00 16.88 1.0000 per_frame
575.00 389.53 40.00 9.84 1.0000 per_frame
485.00 64.69 32.50 14.06 1.0000 per_frame
1125.00 153.28 107.50 63.28 1.0000 per_frame
390.00 87.19 47.50 23.91 1.0000 per_frame
1010.00 101.25 217.50 172.97 1.0000 per_frame
997.50 73.12 215.00 202.50 1.0000 per_frame
1007.50 66.09 210.00 230.62 1.0000 per_frame
1002.50 85.78 172.50 157.50 1.0000 per_frame
1020.00 73.12 172.50 112.50 1.0000 per_frame
970.00 61.88 217.50 118.12 1.0000 per_frame
935.00 46.41 185.00 111.09 1.0000 per_frame
1040.00 178.59 237.50 143.44 1.0000 per_frame
1015.00 213.75 257.50 130.78 1.0000 per_frame
1027.50 188.44 245.00 140.62 1.0000 per_frame
1002.50 199.69 237.50 104.06 1.0000 per_frame
1045.00 151.88 230.00 151.88 1.0000 per_frame
1040.00 198.28 182.50 91.41 1.0000 per_frame
1042.50 537.19 127.50 70.31 1.0000 per_frame
912.50 42.19 245.00 132.19 1.0000 per_frame
970.00 66.09 95.00 101.25 1.0000 per_frame
932.50 71.72 160.00 126.56 1.0000 per_frame
1037.50 68.91 92.50 75.94 1.0000 per_frame
992.50 56.25 240.00 130.78 1.0000 per_frame
1000.00 87.19 170.00 115.31 1.0000 per_frame
1045.00 108.28 160.00 123.75 1.0000 per_frame
1007.50 239.06 132.50 74.53 1.0000 per_frame
1077.50 237.66 95.00 68.91 1.0000 per_frame
1082.50 244.69 130.00 68.91 1.0000 per_frame
422.50 73.12 25.00 9.84 1.0000 per_frame
302.50 253.12 22.50 11.25 1.0000 per_frame
300.00 355.78 42.50 25.31 1.0000 per_frame
337.50 354.38 40.00 15.47 1.0000 per_frame
577.50 483.75 52.50 23.91 1.0000 per_frame
580.00 32.34 32.50 15.47 1.0000 per_frame
387.50 362.81 55.00 32.34 1.0000 per_frame
392.50 371.25 42.50 25.31 1.0000 per_frame
590.00 42.19 40.00 14.06 1.0000 per_frame
447.50 378.28 17.50 9.84 1.0000 per_frame
422.50 379.69 62.50 37.97 1.0000 per_frame
442.50 386.72 57.50 32.34 1.0000 per_frame
452.50 400.78 27.50 26.72 1.0000 per_frame
395.00 583.59 35.00 35.16 1.0000 per_frame
337.50 447.19 70.00 54.84 1.0000 per_frame
322.50 483.75 32.50 25.31 1.0000 per_frame
342.50 544.22 40.00 73.12 1.0000 per_frame
812.50 427.50 40.00 32.34 1.0000 per_frame
830.00 438.75 50.00 40.78 1.0000 per_frame
440.00 622.97 25.00 18.28 1.0000 per_frame
755.00 555.47 30.00 25.31 1.0000 per_frame
782.50 554.06 65.00 35.16 1.0000 per_frame
620.00 303.75 60.00 39.38 1.0000 per_frame
615.00 300.94 55.00 37.97 1.0000 per_frame
615.00 330.47 47.50 29.53 1.0000 per_frame
630.00 340.31 65.00 39.38 1.0000 per_frame
660.00 198.28 50.00 23.91 1.0000 per_frame
1225.00 213.75 22.50 16.88 1.0000 per_frame
592.50 441.56 67.50 37.97 1.0000 per_frame
627.50 473.91 60.00 19.69 1.0000 per_frame
1155.00 77.34 30.00 18.28 1.0000 per_frame
972.50 4.22 17.50 7.03 0.9961 per_frame
772.50 337.50 20.00 25.31 1.0000 per_frame
700.00 111.09 57.50 30.94 1.0000 per_frame
975.00 92.81 80.00 57.66 1.0000 per_frame
780.00 146.25 77.50 40.78 1.0000 per_frame
962.50 43.59 105.00 71.72 1.0000 per_frame
1085.00 118.12 62.50 26.72 1.0000 per_frame
635.00 185.62 75.00 56.25 1.0000 per_frame
500.00 247.50 102.50 57.66 1.0000 per_frame
310.00 307.97 67.50 36.56 1.0000 per_frame
982.50 130.78 130.00 68.91 1.0000 per_frame
90.00 195.47 117.50 47.81 1.0000 per_frame
105.00 202.50 112.50 46.41 1.0000 per_frame
992.50 164.53 97.50 73.12 1.0000 per_frame
310.00 347.34 85.00 36.56 1.0000 per_frame
607.50 64.69 127.50 54.84 1.0000 per_frame
587.50 98.44 182.50 47.81 1.0000 per_frame
592.50 112.50 177.50 66.09 1.0000 per_frame
607.50 172.97 115.00 56.25 1.0000 per_frame
597.50 217.97 137.50 67.50 1.0000 per_frame
582.50 233.44 185.00 50.62 1.0000 per_frame
587.50 272.81 110.00 73.12 1.0000 per_frame
585.00 323.44 137.50 53.44 1.0000 per_frame
607.50 354.38 182.50 71.72 1.0000 per_frame
612.50 333.28 155.00 66.09 1.0000 per_frame
605.00 298.12 185.00 68.91 1.0000 per_frame
642.50 289.69 190.00 70.31 1.0000 per_frame
650.00 277.03 187.50 67.50 1.0000 per_frame
652.50 247.50 187.50 67.50 1.0000 per_frame
637.50 247.50 210.00 73.12 1.0000 per_frame
660.00 267.19 202.50 73.12 1.0000 per_frame
667.50 277.03 192.50 70.31 1.0000 per_frame
662.50 272.81 195.00 70.31 1.0000 per_frame
655.00 260.16 202.50 68.91 1.0000 per_frame
660.00 250.31 192.50 68.91 1.0000 per_frame
657.50 251.72 207.50 74.53 1.0000 per_frame
637.50 268.59 212.50 75.94 1.0000 per_frame
672.50 251.72 192.50 67.50 1.0000 per_frame
717.50 181.41 180.00 68.91 1.0000 per_frame
747.50 146.25 180.00 68.91 1.0000 per_frame
722.50 139.22 197.50 74.53 1.0000 per_frame
755.00 113.91 215.00 73.12 1.0000 per_frame
750.00 90.00 202.50 73.12 1.0000 per_frame
735.00 85.78 200.00 80.16 1.0000 per_frame
742.50 84.38 220.00 75.94 1.0000 per_frame
742.50 78.75 202.50 73.12 1.0000 per_frame
710.00 78.75 207.50 78.75 1.0000 per_frame
702.50 101.25 222.50 75.94 1.0000 per_frame
695.00 112.50 210.00 74.53 1.0000 per_frame
690.00 112.50 202.50 78.75 1.0000 per_frame
695.00 127.97 220.00 75.94 1.0000 per_frame
697.50 112.50 217.50 74.53 1.0000 per_frame
725.00 109.69 205.00 80.16 1.0000 per_frame
757.50 142.03 227.50 81.56 1.0000 per_frame
702.50 181.41 227.50 77.34 1.0000 per_frame
672.50 180.00 207.50 81.56 1.0000 per_frame
655.00 188.44 205.00 84.38 1.0000 per_frame
645.00 175.78 217.50 75.94 1.0000 per_frame
627.50 125.16 207.50 81.56 1.0000 per_frame
625.00 98.44 215.00 80.16 1.0000 per_frame
615.00 70.31 237.50 82.97 1.0000 per_frame
607.50 39.38 212.50 84.38 1.0000 per_frame
587.50 14.06 212.50 88.59 1.0000 per_frame
630.00 0.00 187.50 91.41 1.0000 per_frame
645.00 12.66 175.00 90.00 1.0000 per_frame
612.50 26.72 235.00 87.19 1.0000 per_frame
625.00 43.59 240.00 90.00 1.0000 per_frame
635.00 53.44 215.00 82.97 1.0000 per_frame
655.00 40.78 212.50 85.78 1.0000 per_frame
655.00 61.88 242.50 91.41 1.0000 per_frame
647.50 105.47 232.50 84.38 1.0000 per_frame
670.00 105.47 212.50 81.56 1.0000 per_frame
685.00 85.78 220.00 87.19 1.0000 per_frame
680.00 90.00 232.50 85.78 1.0000 per_frame
680.00 95.62 215.00 85.78 1.0000 per_frame
672.50 81.56 217.50 84.38 1.0000 per_frame
665.00 49.22 230.00 82.97 1.0000 per_frame
695.00 16.88 215.00 84.38 1.0000 per_frame
737.50 1.41 220.00 78.75 1.0000 per_frame
1090.00 199.69 57.50 39.38 1.0000 per_frame
192.50 160.31 65.00 39.38 1.0000 per_frame
1050.00 189.84 77.50 43.59 1.0000 per_frame
1000.00 157.50 145.00 77.34 1.0000 per_frame
990.00 144.84 145.00 71.72 1.0000 per_frame
117.50 139.22 40.00 18.28 1.0000 per_frame
945.00 129.38 157.50 78.75 1.0000 per_frame
1097.50 105.47 32.50 36.56 1.0000 per_frame
960.00 127.97 112.50 49.22 1.0000 per_frame
1115.00 42.19 92.50 80.16 1.0000 per_frame
602.50 126.56 32.50 18.28 1.0000 per_frame
915.00 47.81 267.50 130.78 1.0000 per_frame
870.00 26.72 312.50 143.44 1.0000 per_frame
867.50 98.44 202.50 74.53 1.0000 per_frame
1087.50 29.53 90.00 52.03 1.0000 per_frame
1087.50 18.28 72.50 46.41 1.0000 per_frame
1027.50 0.00 167.50 92.81 1.0000 per_frame
560.00 118.12 67.50 30.94 1.0000 per_frame
1125.00 26.72 80.00 52.03 1.0000 per_frame
1117.50 23.91 97.50 80.16 1.0000 per_frame
592.50 133.59 62.50 25.31 1.0000 per_frame
1145.00 26.72 55.00 43.59 1.0000 per_frame
1070.00 126.56 40.00 26.72 1.0000 per_frame
477.50 278.44 45.00 23.91 1.0000 per_frame
97.50 225.00 12.50 5.62 1.0000 per_frame
1212.50 78.75 65.00 50.62 1.0000 per_frame
507.50 274.22 50.00 25.31 1.0000 per_frame
535.00 253.12 47.50 21.09 1.0000 per_frame
375.00 233.44 27.50 28.12 1.0000 per_frame
612.50 208.12 42.50 21.09 1.0000 per_frame
1067.50 46.41 82.50 54.84 1.0000 per_frame
762.50 80.16 57.50 30.94 1.0000 per_frame
1075.00 91.41 90.00 52.03 1.0000 per_frame
1062.50 91.41 85.00 47.81 1.0000 per_frame
617.50 247.50 37.50 18.28 1.0000 per_frame
605.00 293.91 50.00 26.72 1.0000 per_frame
1040.00 164.53 110.00 64.69 1.0000 per_frame
200.00 194.06 80.00 37.97 1.0000 per_frame
187.50 284.06 60.00 30.94 1.0000 per_frame
812.50 18.28 175.00 81.56 1.0000 per_frame
792.50 33.75 232.50 92.81 1.0000 per_frame
770.00 52.03 230.00 90.00 1.0000 per_frame
752.50 77.34 232.50 81.56 1.0000 per_frame
717.50 84.38 232.50 87.19 1.0000 per_frame
705.00 88.59 230.00 88.59 1.0000 per_frame
687.50 87.19 232.50 87.19 1.0000 per_frame
665.00 74.53 235.00 85.78 1.0000 per_frame
662.50 66.09 232.50 85.78 1.0000 per_frame
660.00 78.75 235.00 88.59 1.0000 per_frame
637.50 74.53 237.50 85.78 1.0000 per_frame
617.50 60.47 242.50 88.59 1.0000 per_frame
617.50 87.19 240.00 90.00 1.0000 per_frame
617.50 102.66 235.00 90.00 1.0000 per_frame
612.50 102.66 235.00 91.41 1.0000 per_frame
612.50 115.31 242.50 95.62 1.0000 per_frame
605.00 123.75 240.00 92.81 1.0000 per_frame
592.50 130.78 250.00 97.03 1.0000 per_frame
587.50 154.69 255.00 97.03 1.0000 per_frame
592.50 165.94 242.50 91.41 1.0000 per_frame
572.50 167.34 237.50 91.41 1.0000 per_frame
562.50 163.12 235.00 91.41 1.0000 per_frame
587.50 139.22 235.00 88.59 1.0000 per_frame
625.00 99.84 235.00 91.41 1.0000 per_frame
650.00 75.94 237.50 99.84 1.0000 per_frame
645.00 70.31 250.00 99.84 1.0000 per_frame
627.50 63.28 237.50 95.62 1.0000 per_frame
615.00 59.06 247.50 106.88 1.0000 per_frame
597.50 74.53 252.50 99.84 1.0000 per_frame
582.50 68.91 237.50 88.59 1.0000 per_frame
585.00 59.06 247.50 104.06 1.0000 per_frame
587.50 80.16 257.50 98.44 1.0000 per_frame
577.50 87.19 237.50 88.59 1.0000 per_frame
572.50 87.19 237.50 104.06 1.0000 per_frame
575.00 102.66 235.00 106.88 1.0000 per_frame
577.50 112.50 250.00 102.66 1.0000 per_frame
575.00 102.66 242.50 105.47 1.0000 per_frame
587.50 92.81 235.00 102.66 1.0000 per_frame
600.00 84.38 235.00 105.47 1.0000 per_frame
597.50 70.31 240.00 109.69 1.0000 per_frame
592.50 52.03 240.00 105.47 1.0000 per_frame
590.00 39.38 235.00 104.06 1.0000 per_frame
592.50 25.31 240.00 112.50 1.0000 per_frame
602.50 26.72 192.50 92.81 1.0000 per_frame
612.50 14.06 192.50 97.03 1.0000 per_frame
615.00 15.47 170.00 87.19 1.0000 per_frame
617.50 1.41 157.50 90.00 1.0000 per_frame
625.00 2.81 187.50 102.66 1.0000 per_frame
637.50 15.47 242.50 119.53 1.0000 per_frame
642.50 30.94 240.00 113.91 1.0000 per_frame
645.00 53.44 235.00 112.50 1.0000 per_frame
657.50 75.94 232.50 113.91 1.0000 per_frame
657.50 77.34 240.00 116.72 1.0000 per_frame
665.00 85.78 247.50 113.91 1.0000 per_frame
697.50 88.59 232.50 104.06 1.0000 per_frame
712.50 73.12 235.00 104.06 1.0000 per_frame
712.50 47.81 240.00 111.09 1.0000 per_frame
735.00 47.81 250.00 109.69 1.0000 per_frame
770.00 59.06 232.50 101.25 1.0000 per_frame
787.50 46.41 237.50 104.06 1.0000 per_frame
780.00 49.22 245.00 111.09 1.0000 per_frame
785.00 71.72 252.50 109.69 1.0000 per_frame
802.50 80.16 250.00 102.66 1.0000 per_frame
812.50 78.75 242.50 99.84 1.0000 per_frame
807.50 90.00 235.00 101.25 1.0000 per_frame
802.50 91.41 232.50 105.47 1.0000 per_frame
810.00 95.62 242.50 109.69 1.0000 per_frame
820.00 106.88 250.00 108.28 1.0000 per_frame
810.00 112.50 237.50 101.25 1.0000 per_frame
785.00 119.53 232.50 102.66 1.0000 per_frame
767.50 146.25 230.00 106.88 1.0000 per_frame
747.50 171.56 235.00 109.69 1.0000 per_frame
730.00 184.22 242.50 106.88 1.0000 per_frame
717.50 198.28 245.00 101.25 1.0000 per_frame
710.00 199.69 227.50 97.03 1.0000 per_frame
707.50 198.28 227.50 97.03 1.0000 per_frame
712.50 191.25 222.50 98.44 1.0000 per_frame
712.50 171.56 232.50 97.03 1.0000 per_frame
707.50 147.66 245.00 97.03 1.0000 per_frame
712.50 149.06 222.50 95.62 1.0000 per_frame
697.50 137.81 225.00 95.62 1.0000 per_frame
672.50 118.12 235.00 94.22 1.0000 per_frame
677.50 136.41 245.00 95.62 1.0000 per_frame
702.50 161.72 242.50 99.84 1.0000 per_frame
720.00 167.34 232.50 97.03 1.0000 per_frame
732.50 178.59 222.50 98.44 1.0000 per_frame
745.00 206.72 220.00 97.03 1.0000 per_frame
737.50 208.12 217.50 87.19 1.0000 per_frame
732.50 196.88 215.00 101.25 1.0000 per_frame
760.00 212.34 225.00 104.06 1.0000 per_frame
780.00 219.38 227.50 97.03 1.0000 per_frame
792.50 202.50 235.00 94.22 1.0000 per_frame
797.50 195.47 232.50 84.38 1.0000 per_frame
785.00 189.84 220.00 88.59 1.0000 per_frame
780.00 177.19 212.50 90.00 1.0000 per_frame
792.50 175.78 212.50 88.59 1.0000 per_frame
800.00 175.78 222.50 85.78 1.0000 per_frame
807.50 167.34 235.00 92.81 1.0000 per_frame
825.00 165.94 235.00 90.00 1.0000 per_frame
847.50 160.31 217.50 88.59 1.0000 per_frame
855.00 140.62 210.00 90.00 1.0000 per_frame
840.00 130.78 210.00 95.62 1.0000 per_frame
825.00 129.38 227.50 88.59 1.0000 per_frame
822.50 125.16 230.00 85.78 1.0000 per_frame
830.00 125.16 242.50 92.81 1.0000 per_frame
845.00 137.81 227.50 90.00 1.0000 per_frame
835.00 149.06 217.50 90.00 1.0000 per_frame
820.00 154.69 210.00 82.97 1.0000 per_frame
822.50 158.91 205.00 90.00 1.0000 per_frame
820.00 158.91 220.00 85.78 1.0000 per_frame
805.00 174.38 240.00 92.81 1.0000 per_frame
795.00 189.84 232.50 88.59 1.0000 per_frame
797.50 195.47 215.00 85.78 1.0000 per_frame
792.50 206.72 210.00 88.59 1.0000 per_frame
795.00 208.12 202.50 87.19 1.0000 per_frame
792.50 201.09 225.00 90.00 1.0000 per_frame
785.00 209.53 227.50 85.78 1.0000 per_frame
797.50 219.38 197.50 87.19 1.0000 per_frame
795.00 217.97 210.00 92.81 1.0000 per_frame
787.50 225.00 220.00 88.59 1.0000 per_frame
765.00 223.59 212.50 82.97 1.0000 per_frame
750.00 198.28 195.00 85.78 1.0000 per_frame
747.50 184.22 217.50 90.00 1.0000 per_frame
745.00 180.00 215.00 84.38 1.0000 per_frame
735.00 165.94 197.50 84.38 1.0000 per_frame
745.00 151.88 190.00 91.41 1.0000 per_frame
760.00 149.06 212.50 91.41 1.0000 per_frame
752.50 140.62 225.00 81.56 1.0000 per_frame
762.50 127.97 190.00 85.78 1.0000 per_frame
765.00 132.19 187.50 87.19 1.0000 per_frame
747.50 129.38 197.50 91.41 1.0000 per_frame
742.50 119.53 215.00 87.19 1.0000 per_frame
765.00 119.53 207.50 87.19 1.0000 per_frame
765.00 122.34 195.00 84.38 1.0000 per_frame
742.50 125.16 195.00 84.38 1.0000 per_frame
737.50 132.19 192.50 87.19 1.0000 per_frame
750.00 140.62 182.50 88.59 1.0000 per_frame
747.50 143.44 200.00 85.78 1.0000 per_frame
725.00 144.84 222.50 82.97 1.0000 per_frame
735.00 146.25 197.50 80.16 1.0000 per_frame
740.00 130.78 175.00 81.56 1.0000 per_frame
727.50 122.34 190.00 85.78 1.0000 per_frame
735.00 122.34 200.00 84.38 1.0000 per_frame
740.00 119.53 197.50 82.97 1.0000 per_frame
715.00 118.12 212.50 81.56 1.0000 per_frame
717.50 125.16 202.50 75.94 1.0000 per_frame
732.50 119.53 170.00 80.16 1.0000 per_frame
715.00 113.91 185.00 80.16 1.0000 per_frame
717.50 116.72 185.00 82.97 1.0000 per_frame
737.50 113.91 180.00 82.97 1.0000 per_frame
732.50 111.09 192.50 81.56 1.0000 per_frame
725.00 116.72 210.00 81.56 1.0000 per_frame
750.00 119.53 182.50 78.75 1.0000 per_frame
742.50 119.53 177.50 78.75 1.0000 per_frame
715.00 127.97 190.00 78.75 1.0000 per_frame
735.00 130.78 165.00 80.16 1.0000 per_frame
737.50 125.16 162.50 81.56 1.0000 per_frame
717.50 125.16 190.00 81.56 1.0000 per_frame
737.50 122.34 182.50 80.16 1.0000 per_frame
750.00 119.53 180.00 78.75 1.0000 per_frame
735.00 123.75 195.00 77.34 1.0000 per_frame
740.00 126.56 175.00 77.34 1.0000 per_frame
740.00 127.97 162.50 77.34 1.0000 per_frame
727.50 132.19 177.50 78.75 1.0000 per_frame
737.50 136.41 170.00 78.75 1.0000 per_frame
750.00 130.78 160.00 80.16 1.0000 per_frame
732.50 130.78 182.50 78.75 1.0000 per_frame
745.00 133.59 180.00 78.75 1.0000 per_frame
742.50 133.59 170.00 75.94 1.0000 per_frame
725.00 130.78 180.00 75.94 1.0000 per_frame
742.50 137.81 162.50 75.94 1.0000 per_frame
745.00 136.41 162.50 75.94 1.0000 per_frame
740.00 135.00 172.50 75.94 1.0000 per_frame
760.00 137.81 160.00 77.34 1.0000 per_frame
755.00 137.81 167.50 77.34 1.0000 per_frame
760.00 136.41 180.00 75.94 1.0000 per_frame
770.00 142.03 172.50 74.53 1.0000 per_frame
755.00 146.25 177.50 71.72 1.0000 per_frame
747.50 149.06 172.50 70.31 1.0000 per_frame
760.00 156.09 160.00 70.31 1.0000 per_frame
745.00 156.09 177.50 68.91 1.0000 per_frame
745.00 154.69 172.50 68.91 1.0000 per_frame
755.00 160.31 157.50 68.91 1.0000 per_frame
737.50 158.91 167.50 68.91 1.0000 per_frame
737.50 153.28 165.00 70.31 1.0000 per_frame
745.00 158.91 167.50 70.31 1.0000 per_frame
732.50 163.12 182.50 68.91 1.0000 per_frame
740.00 161.72 170.00 67.50 1.0000 per_frame
742.50 167.34 162.50 67.50 1.0000 per_frame
722.50 165.94 175.00 66.09 1.0000 per_frame
735.00 158.91 157.50 66.09 1.0000 per_frame
742.50 157.50 157.50 66.09 1.0000 per_frame
737.50 154.69 175.00 66.09 1.0000 per_frame
750.00 147.66 155.00 67.50 1.0000 per_frame
735.00 149.06 165.00 70.31 1.0000 per_frame
735.00 154.69 170.00 67.50 1.0000 per_frame
745.00 147.66 162.50 67.50 1.0000 per_frame
732.50 147.66 175.00 66.09 1.0000 per_frame
740.00 153.28 170.00 66.09 1.0000 per_frame
747.50 154.69 152.50 66.09 1.0000 per_frame
727.50 154.69 167.50 64.69 1.0000 per_frame
727.50 163.12 165.00 64.69 1.0000 per_frame
732.50 165.94 155.00 64.69 1.0000 per_frame
717.50 163.12 167.50 64.69 1.0000 per_frame
725.00 165.94 162.50 66.09 1.0000 per_frame
730.00 164.53 155.00 64.69 1.0000 per_frame
715.00 154.69 167.50 66.09 1.0000 per_frame
732.50 154.69 155.00 66.09 1.0000 per_frame
737.50 156.09 155.00 64.69 1.0000 per_frame
720.00 151.88 170.00 64.69 1.0000 per_frame
727.50 156.09 152.50 63.28 1.0000 per_frame
715.00 157.50 160.00 63.28 1.0000 per_frame
712.50 154.69 157.50 61.88 1.0000 per_frame
720.00 154.69 150.00 64.69 1.0000 per_frame
702.50 154.69 167.50 64.69 1.0000 per_frame
715.00 153.28 150.00 66.09 1.0000 per_frame
700.00 156.09 160.00 64.69 1.0000 per_frame
692.50 158.91 160.00 64.69 1.0000 per_frame
695.00 158.91 150.00 61.88 1.0000 per_frame
677.50 154.69 165.00 63.28 1.0000 per_frame
687.50 160.31 150.00 60.47 1.0000 per_frame
685.00 158.91 150.00 61.88 1.0000 per_frame
665.00 160.31 162.50 60.47 1.0000 per_frame
675.00 163.12 150.00 60.47 1.0000 per_frame
675.00 160.31 150.00 61.88 1.0000 per_frame
657.50 157.50 160.00 61.88 1.0000 per_frame
657.50 161.72 150.00 63.28 1.0000 per_frame
647.50 165.94 147.50 63.28 1.0000 per_frame
637.50 164.53 152.50 61.88 1.0000 per_frame
645.00 163.12 147.50 60.47 1.0000 per_frame
642.50 161.72 145.00 60.47 1.0000 per_frame
625.00 156.09 157.50 59.06 1.0000 per_frame
632.50 149.06 145.00 59.06 1.0000 per_frame
620.00 147.66 152.50 57.66 1.0000 per_frame
605.00 147.66 157.50 57.66 1.0000 per_frame
607.50 143.44 145.00 57.66 1.0000 per_frame
597.50 135.00 155.00 59.06 1.0000 per_frame
605.00 130.78 147.50 59.06 1.0000 per_frame
602.50 132.19 145.00 59.06 1.0000 per_frame
587.50 127.97 155.00 59.06 1.0000 per_frame
592.50 122.34 145.00 59.06 1.0000 per_frame
585.00 120.94 150.00 59.06 1.0000 per_frame
587.50 119.53 145.00 56.25 1.0000 per_frame
585.00 115.31 142.50 56.25 1.0000 per_frame
575.00 118.12 152.50 57.66 1.0000 per_frame
587.50 120.94 142.50 57.66 1.0000 per_frame
582.50 118.12 145.00 57.66 1.0000 per_frame
575.00 119.53 150.00 59.06 1.0000 per_frame
575.00 130.78 142.50 57.66 1.0000 per_frame
560.00 132.19 147.50 59.06 1.0000 per_frame
555.00 137.81 145.00 57.66 1.0000 per_frame
555.00 140.62 140.00 57.66 1.0000 per_frame
552.50 143.44 147.50 56.25 1.0000 per_frame
562.50 144.84 142.50 56.25 1.0000 per_frame
570.00 143.44 142.50 56.25 1.0000 per_frame
577.50 137.81 147.50 59.06 1.0000 per_frame
597.50 139.22 140.00 57.66 1.0000 per_frame
595.00 136.41 142.50 56.25 1.0000 per_frame
595.00 143.44 145.00 56.25 1.0000 per_frame
607.50 150.47 137.50 56.25 1.0000 per_frame
615.00 144.84 142.50 56.25 1.0000 per_frame
630.00 147.66 145.00 57.66 1.0000 per_frame
650.00 153.28 140.00 56.25 1.0000 per_frame
655.00 153.28 145.00 54.84 1.0000 per_frame
667.50 151.88 137.50 54.84 1.0000 per_frame
677.50 156.09 137.50 53.44 1.0000 per_frame
680.00 154.69 147.50 54.84 1.0000 per_frame
697.50 150.47 137.50 54.84 1.0000 per_frame
705.00 149.06 140.00 54.84 1.0000 per_frame
717.50 143.44 140.00 54.84 1.0000 per_frame
730.00 136.41 137.50 53.44 1.0000 per_frame
730.00 137.81 147.50 54.84 1.0000 per_frame
747.50 143.44 142.50 54.84 1.0000 per_frame
755.00 143.44 135.00 54.84 1.0000 per_frame
745.00 147.66 145.00 56.25 1.0000 per_frame
760.00 153.28 135.00 54.84 1.0000 per_frame
767.50 150.47 135.00 54.84 1.0000 per_frame
765.00 150.47 142.50 53.44 1.0000 per_frame
775.00 154.69 135.00 54.84 1.0000 per_frame
777.50 157.50 135.00 53.44 1.0000 per_frame
772.50 156.09 140.00 53.44 1.0000 per_frame
785.00 156.09 132.50 56.25 1.0000 per_frame
787.50 156.09 132.50 56.25 1.0000 per_frame
780.00 156.09 142.50 56.25 1.0000 per_frame
787.50 161.72 132.50 53.44 1.0000 per_frame
787.50 163.12 135.00 52.03 1.0000 per_frame
787.50 156.09 137.50 52.03 1.0000 per_frame
797.50 154.69 132.50 53.44 1.0000 per_frame
797.50 156.09 135.00 54.84 1.0000 per_frame
787.50 150.47 135.00 53.44 1.0000 per_frame
782.50 147.66 130.00 53.44 1.0000 per_frame
775.00 149.06 135.00 52.03 1.0000 per_frame
772.50 146.25 132.50 52.03 1.0000 per_frame
767.50 143.44 132.50 53.44 1.0000 per_frame
760.00 142.03 137.50 54.84 1.0000 per_frame
760.00 143.44 132.50 53.44 1.0000 per_frame
757.50 144.84 130.00 53.44 1.0000 per_frame
750.00 144.84 137.50 50.62 1.0000 per_frame
750.00 143.44 135.00 50.62 1.0000 per_frame
747.50 143.44 127.50 52.03 1.0000 per_frame
730.00 144.84 140.00 50.62 1.0000 per_frame
730.00 143.44 132.50 52.03 1.0000 per_frame
725.00 142.03 130.00 52.03 1.0000 per_frame
715.00 142.03 135.00 50.62 1.0000 per_frame
710.00 143.44 132.50 49.22 1.0000 per_frame
702.50 146.25 130.00 49.22 1.0000 per_frame
687.50 146.25 135.00 49.22 1.0000 per_frame
690.00 142.03 130.00 50.62 1.0000 per_frame
692.50 139.22 130.00 49.22 1.0000 per_frame
682.50 136.41 137.50 50.62 1.0000 per_frame
685.00 137.81 127.50 49.22 1.0000 per_frame
677.50 140.62 127.50 49.22 1.0000 per_frame
672.50 140.62 132.50 49.22 1.0000 per_frame
677.50 144.84 127.50 47.81 1.0000 per_frame
672.50 144.84 130.00 49.22 1.0000 per_frame
670.00 143.44 130.00 49.22 1.0000 per_frame
670.00 143.44 130.00 49.22 1.0000 per_frame
670.00 142.03 130.00 47.81 1.0000 per_frame
677.50 139.22 125.00 47.81 1.0000 per_frame
682.50 136.41 127.50 47.81 1.0000 per_frame
675.00 135.00 135.00 47.81 1.0000 per_frame
680.00 136.41 127.50 47.81 1.0000 per_frame
677.50 133.59 125.00 47.81 1.0000 per_frame
670.00 133.59 132.50 47.81 1.0000 per_frame
677.50 135.00 125.00 49.22 1.0000 per_frame
675.00 139.22 127.50 46.41 1.0000 per_frame
675.00 143.44 130.00 46.41 1.0000 per_frame
680.00 144.84 125.00 46.41 1.0000 per_frame
672.50 146.25 125.00 45.00 1.0000 per_frame
662.50 144.84 130.00 47.81 1.0000 per_frame
662.50 150.47 122.50 46.41 1.0000 per_frame
662.50 156.09 122.50 46.41 1.0000 per_frame
662.50 161.72 127.50 46.41 1.0000 per_frame
675.00 160.31 120.00 46.41 1.0000 per_frame
675.00 157.50 122.50 45.00 1.0000 per_frame
667.50 154.69 130.00 46.41 1.0000 per_frame
670.00 157.50 120.00 45.00 1.0000 per_frame
662.50 158.91 120.00 43.59 1.0000 per_frame
650.00 158.91 125.00 45.00 1.0000 per_frame
652.50 156.09 120.00 45.00 1.0000 per_frame
652.50 153.28 120.00 46.41 1.0000 per_frame
647.50 153.28 125.00 43.59 1.0000 per_frame
650.00 153.28 120.00 45.00 1.0000 per_frame
647.50 153.28 120.00 45.00 1.0000 per_frame
645.00 153.28 122.50 46.41 1.0000 per_frame
655.00 157.50 120.00 45.00 1.0000 per_frame
657.50 160.31 120.00 45.00 1.0000 per_frame
652.50 163.12 120.00 43.59 1.0000 per_frame
645.00 164.53 122.50 42.19 1.0000 per_frame
642.50 168.75 120.00 45.00 1.0000 per_frame
640.00 165.94 120.00 43.59 1.0000 per_frame
640.00 164.53 117.50 42.19 1.0000 per_frame
637.50 165.94 120.00 43.59 1.0000 per_frame
632.50 167.34 120.00 42.19 1.0000 per_frame
627.50 165.94 120.00 40.78 1.0000 per_frame
625.00 164.53 120.00 40.78 1.0000 per_frame
617.50 164.53 122.50 39.38 1.0000 per_frame
612.50 163.12 122.50 39.38 1.0000 per_frame
607.50 163.12 122.50 39.38 1.0000 per_frame
602.50 164.53 125.00 39.38 1.0000 per_frame
597.50 168.75 122.50 40.78 1.0000 per_frame
590.00 168.75 122.50 39.38 1.0000 per_frame
582.50 164.53 125.00 40.78 1.0000 per_frame
580.00 167.34 125.00 40.78 1.0000 per_frame
575.00 165.94 127.50 40.78 1.0000 per_frame
575.00 160.31 125.00 42.19 1.0000 per_frame
575.00 153.28 127.50 43.59 1.0000 per_frame
572.50 153.28 130.00 43.59 1.0000 per_frame
570.00 153.28 125.00 43.59 1.0000 per_frame
562.50 153.28 125.00 40.78 1.0000 per_frame
555.00 149.06 125.00 42.19 1.0000 per_frame
547.50 149.06 125.00 42.19 1.0000 per_frame
545.00 144.84 125.00 43.59 1.0000 per_frame
540.00 137.81 127.50 43.59 1.0000 per_frame
530.00 137.81 125.00 45.00 1.0000 per_frame
517.50 139.22 127.50 43.59 1.0000 per_frame
510.00 133.59 125.00 43.59 1.0000 per_frame
507.50 126.56 125.00 42.19 1.0000 per_frame
497.50 123.75 127.50 33.75 1.0000 per_frame
490.00 120.94 122.50 42.19 1.0000 per_frame
475.00 112.50 122.50 46.41 1.0000 per_frame
462.50 106.88 122.50 43.59 1.0000 per_frame
445.00 102.66 120.00 36.56 1.0000 per_frame
427.50 101.25 120.00 42.19 1.0000 per_frame
417.50 97.03 120.00 43.59 1.0000 per_frame
402.50 90.00 117.50 37.97 1.0000 per_frame
377.50 87.19 117.50 39.38 1.0000 per_frame
355.00 78.75 112.50 39.38 1.0000 per_frame
327.50 70.31 112.50 40.78 1.0000 per_frame
310.00 66.09 120.00 46.41 1.0000 per_frame
300.00 60.47 107.50 40.78 1.0000 per_frame
275.00 50.62 100.00 39.38 1.0000 per_frame
255.00 36.56 100.00 43.59 1.0000 per_frame
925.00 120.94 87.50 50.62 1.0000 per_frame
267.50 85.78 115.00 78.75 1.0000 per_frame
245.00 75.94 112.50 74.53 1.0000 per_frame
457.50 39.38 142.50 97.03 1.0000 per_frame
392.50 29.53 215.00 97.03 1.0000 per_frame
100.00 39.38 165.00 77.34 1.0000 per_frame
730.00 47.81 110.00 68.91 1.0000 per_frame
730.00 47.81 110.00 68.91 1.0000 per_frame
645.00 37.97 110.00 70.31 1.0000 per_frame
607.50 28.12 110.00 68.91 1.0000 per_frame
572.50 18.28 132.50 70.31 1.0000 per_frame
540.00 7.03 135.00 74.53 1.0000 per_frame
502.50 5.62 135.00 71.72 1.0000 per_frame
1242.50 1.41 32.50 12.66 1.0000 per_frame
420.00 4.22 115.00 68.91 1.0000 per_frame
390.00 4.22 87.50 25.31 1.0000 per_frame
357.50 1.41 90.00 32.34 1.0000 per_frame
322.50 1.41 97.50 30.94 1.0000 per_frame
287.50 1.41 105.00 32.34 1.0000 per_frame
265.00 1.41 85.00 22.50 1.0000 per_frame
-100 -100 -100 -100 0.0000 none
235.00 36.56 45.00 40.78 1.0000 per_frame
177.50 40.78 80.00 61.88 1.0000 per_frame
160.00 64.69 107.50 53.44 1.0000 per_frame
155.00 67.50 112.50 59.06 1.0000 per_frame
160.00 70.31 110.00 49.22 1.0000 per_frame
175.00 49.22 97.50 63.28 1.0000 per_frame
177.50 46.41 105.00 66.09 1.0000 per_frame
160.00 50.62 107.50 64.69 1.0000 per_frame
152.50 64.69 95.00 50.62 1.0000 per_frame
150.00 42.19 107.50 63.28 1.0000 per_frame
160.00 25.31 107.50 67.50 1.0000 per_frame
155.00 19.69 112.50 60.47 1.0000 per_frame
162.50 9.84 107.50 60.47 1.0000 per_frame
165.00 2.81 95.00 54.84 1.0000 per_frame
165.00 2.81 95.00 57.66 1.0000 per_frame
147.50 0.00 82.50 33.75 1.0000 per_frame
135.00 0.00 85.00 28.12 1.0000 per_frame
125.00 1.41 92.50 30.94 1.0000 per_frame
175.00 2.81 40.00 8.44 0.9804 per_frame
1240.00 122.34 25.00 16.88 1.0000 per_frame
152.50 0.00 60.00 16.88 1.0000 per_frame
1242.50 118.12 22.50 14.06 1.0000 per_frame
1245.00 112.50 20.00 15.47 1.0000 per_frame
1242.50 109.69 27.50 18.28 1.0000 per_frame
1210.00 108.28 55.00 22.50 1.0000 per_frame
1237.50 99.84 12.50 15.47 0.9961 per_frame
1197.50 85.78 70.00 26.72 1.0000 per_frame
1152.50 70.31 100.00 28.12 1.0000 per_frame
1240.00 73.12 35.00 23.91 1.0000 per_frame
-100 -100 -100 -100 0.0000 none
1245.00 61.88 32.50 21.09 1.0000 per_frame
1247.50 70.31 25.00 14.06 0.9686 per_frame
982.50 61.88 2.50 4.22 0.5843 per_frame
912.50 54.84 5.00 5.62 0.7804 per_frame
1217.50 47.81 20.00 15.47 1.0000 per_frame
1227.50 30.94 27.50 21.09 1.0000 per_frame
1210.00 25.31 55.00 25.31 1.0000 per_frame
1225.00 21.09 42.50 22.50 1.0000 per_frame
1245.00 14.06 22.50 19.69 1.0000 per_frame
1222.50 4.22 50.00 26.72 1.0000 per_frame
1220.00 1.41 52.50 22.50 1.0000 per_frame
1232.50 2.81 37.50 21.09 1.0000 per_frame
1207.50 1.41 60.00 25.31 1.0000 per_frame
1220.00 0.00 35.00 11.25 0.9843 per_frame
1212.50 1.41 25.00 14.06 1.0000 per_frame
1227.50 23.91 5.00 2.81 0.7098 per_frame
1205.00 28.12 62.50 25.31 1.0000 per_frame
1190.00 21.09 85.00 28.12 1.0000 per_frame
1207.50 25.31 62.50 28.12 1.0000 per_frame
1152.50 36.56 120.00 33.75 1.0000 per_frame
1120.00 37.97 102.50 30.94 1.0000 per_frame
492.50 180.00 15.00 9.84 0.9765 per_frame
910.00 168.75 7.50 4.22 0.7608 per_frame
1155.00 1.41 12.50 7.03 0.9176 per_frame
-100 -100 -100 -100 0.0000 none
1260.00 711.56 7.50 4.22 0.9373 per_frame
-100 -100 -100 -100 0.0000 none
452.50 136.41 17.50 16.88 1.0000 per_frame
-100 -100 -100 -100 0.0000 none
-100 -100 -100 -100 0.0000 none
972.50 143.44 27.50 9.84 0.9882 per_frame
987.50 164.53 32.50 14.06 1.0000 per_frame
1242.50 59.06 32.50 21.09 1.0000 per_frame
1050.00 209.53 47.50 16.88 1.0000 per_frame
-100 -100 -100 -100 0.0000 none
-100 -100 -100 -100 0.0000 none
-100 -100 -100 -100 0.0000 none
810.00 199.69 7.50 8.44 0.8039 per_frame
-100 -100 -100 -100 0.0000 none
840.00 267.19 17.50 8.44 1.0000 per_frame
902.50 272.81 12.50 12.66 1.0000 per_frame
-100 -100 -100 -100 0.0000 none
7.50 2.81 12.50 18.28 1.0000 per_frame
-100 -100 -100 -100 0.0000 none
-100 -100 -100 -100 0.0000 none
-100 -100 -100 -100 0.0000 none
-100 -100 -100 -100 0.0000 none
-100 -100 -100 -100 0.0000 none
-100 -100 -100 -100 0.0000 none
-100 -100 -100 -100 0.0000 none
-100 -100 -100 -100 0.0000 none
745.00 8.44 10.00 8.44 0.8980 per_frame
-100 -100 -100 -100 0.0000 none
-100 -100 -100 -100 0.0000 none
-100 -100 -100 -100 0.0000 none
30.00 95.62 15.00 16.88 1.0000 per_frame
-100 -100 -100 -100 0.0000 none
630.00 73.12 2.50 2.81 0.5333 per_frame
607.50 68.91 20.00 18.28 1.0000 per_frame
-100 -100 -100 -100 0.0000 none
580.00 49.22 17.50 15.47 0.8824 per_frame
-100 -100 -100 -100 0.0000 none
1225.00 265.78 10.00 5.62 0.9922 per_frame
537.50 127.97 40.00 47.81 1.0000 per_frame
545.00 175.78 22.50 11.25 1.0000 per_frame
552.50 143.44 132.50 70.31 1.0000 per_frame
562.50 149.06 132.50 68.91 1.0000 per_frame
570.00 147.66 107.50 66.09 1.0000 per_frame
595.00 157.50 140.00 74.53 1.0000 per_frame
617.50 172.97 110.00 70.31 1.0000 per_frame
1135.00 215.16 22.50 7.03 1.0000 per_frame
695.00 156.09 72.50 47.81 1.0000 per_frame
710.00 143.44 142.50 70.31 1.0000 per_frame
715.00 154.69 147.50 71.72 1.0000 per_frame
730.00 160.31 150.00 73.12 1.0000 per_frame
737.50 164.53 172.50 68.91 1.0000 per_frame
710.00 149.06 142.50 68.91 1.0000 per_frame
707.50 127.97 115.00 67.50 1.0000 per_frame
137.50 109.69 105.00 60.47 1.0000 per_frame
797.50 97.03 107.50 68.91 1.0000 per_frame
790.00 90.00 115.00 71.72 1.0000 per_frame
752.50 92.81 117.50 77.34 1.0000 per_frame
715.00 101.25 117.50 70.31 1.0000 per_frame
710.00 84.38 117.50 70.31 1.0000 per_frame
715.00 77.34 117.50 70.31 1.0000 per_frame
717.50 71.72 115.00 70.31 1.0000 per_frame
717.50 64.69 117.50 70.31 1.0000 per_frame
705.00 63.28 117.50 71.72 1.0000 per_frame
690.00 71.72 115.00 71.72 1.0000 per_frame
675.00 73.12 117.50 70.31 1.0000 per_frame
650.00 84.38 112.50 71.72 1.0000 per_frame
622.50 112.50 95.00 49.22 1.0000 per_frame
612.50 74.53 112.50 67.50 1.0000 per_frame
620.00 46.41 115.00 68.91 1.0000 per_frame
632.50 26.72 110.00 68.91 1.0000 per_frame
635.00 14.06 110.00 61.88 1.0000 per_frame
640.00 1.41 80.00 52.03 1.0000 per_frame
687.50 1.41 27.50 7.03 0.9882 per_frame
75.00 1.41 27.50 9.84 1.0000 per_frame
662.50 1.41 32.50 9.84 1.0000 per_frame
10.00 2.81 12.50 11.25 0.9961 per_frame
57.50 1.41 37.50 21.09 1.0000 per_frame
642.50 0.00 87.50 28.12 1.0000 per_frame
682.50 1.41 30.00 9.84 0.9882 per_frame
122.50 37.97 12.50 7.03 0.9176 per_frame
1027.50 40.78 10.00 9.84 0.9373 per_frame
682.50 45.00 100.00 73.12 1.0000 per_frame
132.50 91.41 60.00 39.38 1.0000 per_frame
125.00 102.66 55.00 36.56 1.0000 per_frame
117.50 120.94 35.00 22.50 1.0000 per_frame
92.50 75.94 57.50 57.66 1.0000 per_frame
682.50 67.50 112.50 70.31 1.0000 per_frame
692.50 68.91 107.50 68.91 1.0000 per_frame
120.00 73.12 75.00 64.69 1.0000 per_frame
127.50 97.03 70.00 46.41 1.0000 per_frame
127.50 82.97 72.50 61.88 1.0000 per_frame
715.00 78.75 107.50 64.69 1.0000 per_frame
722.50 115.31 37.50 40.78 1.0000 per_frame
100.00 102.66 57.50 56.25 1.0000 per_frame
640.00 87.19 112.50 70.31 1.0000 per_frame
637.50 85.78 115.00 68.91 1.0000 per_frame
642.50 81.56 110.00 67.50 1.0000 per_frame
650.00 88.59 75.00 50.62 1.0000 per_frame
685.00 74.53 60.00 49.22 1.0000 per_frame
122.50 68.91 62.50 56.25 1.0000 per_frame
692.50 60.47 110.00 73.12 1.0000 per_frame
682.50 70.31 107.50 71.72 1.0000 per_frame
95.00 104.06 60.00 39.38 1.0000 per_frame
642.50 82.97 112.50 68.91 1.0000 per_frame
650.00 73.12 82.50 67.50 1.0000 per_frame
662.50 66.09 115.00 70.31 1.0000 per_frame
677.50 64.69 115.00 73.12 1.0000 per_frame
687.50 80.16 77.50 54.84 1.0000 per_frame
700.00 59.06 95.00 68.91 1.0000 per_frame
782.50 42.19 30.00 33.75 1.0000 per_frame
205.00 46.41 12.50 15.47 0.9608 per_frame
197.50 21.09 70.00 63.28 1.0000 per_frame
795.00 25.31 105.00 66.09 1.0000 per_frame
795.00 23.91 110.00 71.72 1.0000 per_frame
110.00 52.03 115.00 59.06 1.0000 per_frame
290.00 74.53 55.00 45.00 1.0000 per_frame
880.00 68.91 107.50 70.31 1.0000 per_frame
900.00 99.84 45.00 46.41 1.0000 per_frame
890.00 82.97 90.00 68.91 1.0000 per_frame
880.00 80.16 112.50 70.31 1.0000 per_frame
872.50 74.53 112.50 70.31 1.0000 per_frame
865.00 64.69 112.50 70.31 1.0000 per_frame
875.00 67.50 110.00 71.72 1.0000 per_frame
877.50 70.31 107.50 70.31 1.0000 per_frame
875.00 68.91 110.00 70.31 1.0000 per_frame
870.00 68.91 102.50 68.91 1.0000 per_frame
857.50 70.31 110.00 70.31 1.0000 per_frame
855.00 71.72 102.50 68.91 1.0000 per_frame
857.50 71.72 92.50 68.91 1.0000 per_frame
850.00 71.72 82.50 68.91 1.0000 per_frame
850.00 74.53 95.00 68.91 1.0000 per_frame
845.00 68.91 110.00 68.91 1.0000 per_frame
842.50 60.47 112.50 68.91 1.0000 per_frame
845.00 50.62 110.00 70.31 1.0000 per_frame
840.00 42.19 112.50 74.53 1.0000 per_frame
835.00 39.38 115.00 75.94 1.0000 per_frame
840.00 36.56 110.00 70.31 1.0000 per_frame
850.00 70.31 92.50 32.34 1.0000 per_frame
840.00 39.38 107.50 73.12 1.0000 per_frame
835.00 36.56 117.50 77.34 1.0000 per_frame
837.50 36.56 117.50 77.34 1.0000 per_frame
835.00 40.78 117.50 75.94 1.0000 per_frame
837.50 42.19 115.00 75.94 1.0000 per_frame
837.50 45.00 112.50 73.12 1.0000 per_frame
847.50 47.81 92.50 70.31 1.0000 per_frame
820.00 45.00 112.50 74.53 1.0000 per_frame
822.50 77.34 42.50 39.38 1.0000 per_frame
820.00 74.53 105.00 42.19 1.0000 per_frame
262.50 74.53 45.00 29.53 1.0000 per_frame
257.50 61.88 50.00 39.38 1.0000 per_frame
885.00 70.31 25.00 25.31 0.9961 per_frame
807.50 29.53 97.50 66.09 1.0000 per_frame
872.50 45.00 7.50 8.44 0.8745 per_frame
852.50 37.97 27.50 35.16 1.0000 per_frame
242.50 77.34 30.00 21.09 1.0000 per_frame
232.50 78.75 37.50 26.72 1.0000 per_frame
222.50 77.34 47.50 29.53 1.0000 per_frame
775.00 64.69 42.50 42.19 1.0000 per_frame
200.00 77.34 27.50 23.91 1.0000 per_frame
185.00 82.97 45.00 35.16 1.0000 per_frame
175.00 87.19 35.00 33.75 1.0000 per_frame
150.00 91.41 37.50 28.12 1.0000 per_frame
700.00 70.31 87.50 46.41 1.0000 per_frame
692.50 64.69 70.00 52.03 1.0000 per_frame
117.50 106.88 15.00 8.44 0.9255 per_frame
645.00 43.59 97.50 71.72 1.0000 per_frame
642.50 42.19 102.50 71.72 1.0000 per_frame
652.50 104.06 7.50 5.62 0.7765 per_frame
617.50 71.72 72.50 54.84 1.0000 per_frame
595.00 101.25 45.00 35.16 1.0000 per_frame
580.00 91.41 80.00 50.62 1.0000 per_frame
560.00 82.97 107.50 68.91 1.0000 per_frame
560.00 132.19 30.00 21.09 1.0000 per_frame
537.50 120.94 50.00 39.38 1.0000 per_frame
530.00 102.66 87.50 68.91 1.0000 per_frame
512.50 105.47 115.00 70.31 1.0000 per_frame
505.00 105.47 92.50 66.09 1.0000 per_frame
487.50 108.28 97.50 70.31 1.0000 per_frame
477.50 136.41 50.00 43.59 1.0000 per_frame
455.00 116.72 110.00 68.91 1.0000 per_frame
447.50 116.72 102.50 70.31 1.0000 per_frame
440.00 113.91 110.00 68.91 1.0000 per_frame
435.00 112.50 115.00 70.31 1.0000 per_frame
427.50 109.69 112.50 70.31 1.0000 per_frame
425.00 127.97 75.00 50.62 1.0000 per_frame
412.50 106.88 112.50 67.50 1.0000 per_frame
405.00 102.66 110.00 67.50 1.0000 per_frame
395.00 95.62 115.00 71.72 1.0000 per_frame
390.00 92.81 110.00 70.31 1.0000 per_frame
382.50 87.19 110.00 70.31 1.0000 per_frame
375.00 82.97 110.00 70.31 1.0000 per_frame
375.00 81.56 112.50 68.91 1.0000 per_frame
377.50 78.75 115.00 70.31 1.0000 per_frame
372.50 78.75 117.50 68.91 1.0000 per_frame
367.50 75.94 115.00 70.31 1.0000 per_frame
367.50 77.34 112.50 70.31 1.0000 per_frame
365.00 75.94 117.50 70.31 1.0000 per_frame
362.50 71.72 112.50 70.31 1.0000 per_frame
367.50 71.72 112.50 70.31 1.0000 per_frame
372.50 70.31 112.50 68.91 1.0000 per_frame
367.50 67.50 115.00 70.31 1.0000 per_frame
365.00 67.50 112.50 68.91 1.0000 per_frame
367.50 64.69 115.00 70.31 1.0000 per_frame
372.50 63.28 117.50 70.31 1.0000 per_frame
377.50 63.28 105.00 70.31 1.0000 per_frame
382.50 66.09 112.50 68.91 1.0000 per_frame
390.00 70.31 112.50 70.31 1.0000 per_frame
397.50 70.31 112.50 71.72 1.0000 per_frame
400.00 80.16 110.00 68.91 1.0000 per_frame
397.50 85.78 115.00 71.72 1.0000 per_frame
390.00 92.81 110.00 71.72 1.0000 per_frame
390.00 101.25 115.00 68.91 1.0000 per_frame
402.50 104.06 107.50 71.72 1.0000 per_frame
407.50 109.69 90.00 68.91 1.0000 per_frame
410.00 119.53 100.00 67.50 1.0000 per_frame
415.00 143.44 105.00 53.44 1.0000 per_frame
417.50 149.06 70.00 52.03 1.0000 per_frame
410.00 151.88 117.50 54.84 1.0000 per_frame
410.00 140.62 110.00 68.91 1.0000 per_frame
412.50 154.69 100.00 54.84 1.0000 per_frame
412.50 153.28 115.00 61.88 1.0000 per_frame
417.50 164.53 95.00 54.84 1.0000 per_frame
410.00 164.53 85.00 52.03 1.0000 per_frame
412.50 154.69 80.00 68.91 1.0000 per_frame
82.50 35.16 142.50 49.22 1.0000 per_frame
85.00 40.78 145.00 50.62 1.0000 per_frame
87.50 53.44 142.50 50.62 1.0000 per_frame
95.00 67.50 135.00 50.62 1.0000 per_frame
80.00 77.34 152.50 52.03 1.0000 per_frame
85.00 81.56 157.50 52.03 1.0000 per_frame
95.00 88.59 155.00 50.62 1.0000 per_frame
97.50 91.41 157.50 53.44 1.0000 per_frame
105.00 97.03 157.50 52.03 1.0000 per_frame
112.50 99.84 157.50 52.03 1.0000 per_frame
117.50 102.66 157.50 52.03 1.0000 per_frame
125.00 102.66 157.50 52.03 1.0000 per_frame
132.50 101.25 160.00 53.44 1.0000 per_frame
142.50 102.66 157.50 53.44 1.0000 per_frame
142.50 102.66 160.00 52.03 1.0000 per_frame
142.50 102.66 157.50 53.44 1.0000 per_frame
145.00 102.66 160.00 53.44 1.0000 per_frame
152.50 104.06 162.50 53.44 1.0000 per_frame
157.50 102.66 160.00 54.84 1.0000 per_frame
147.50 104.06 167.50 54.84 1.0000 per_frame
152.50 105.47 162.50 53.44 1.0000 per_frame
155.00 102.66 175.00 53.44 1.0000 per_frame
157.50 99.84 167.50 54.84 1.0000 per_frame
165.00 102.66 162.50 53.44 1.0000 per_frame
152.50 105.47 172.50 56.25 1.0000 per_frame
157.50 105.47 177.50 56.25 1.0000 per_frame
157.50 106.88 165.00 56.25 1.0000 per_frame
152.50 111.09 170.00 56.25 1.0000 per_frame
157.50 112.50 165.00 54.84 1.0000 per_frame
152.50 112.50 177.50 56.25 1.0000 per_frame
152.50 111.09 167.50 56.25 1.0000 per_frame
140.00 108.28 175.00 56.25 1.0000 per_frame
142.50 106.88 172.50 54.84 1.0000 per_frame
135.00 106.88 175.00 56.25 1.0000 per_frame
142.50 108.28 170.00 56.25 1.0000 per_frame
135.00 108.28 185.00 57.66 1.0000 per_frame
142.50 112.50 172.50 56.25 1.0000 per_frame
142.50 109.69 172.50 57.66 1.0000 per_frame
137.50 108.28 175.00 57.66 1.0000 per_frame
142.50 108.28 172.50 57.66 1.0000 per_frame
142.50 108.28 192.50 59.06 1.0000 per_frame
160.00 112.50 172.50 59.06 1.0000 per_frame
150.00 115.31 185.00 59.06 1.0000 per_frame
162.50 116.72 182.50 57.66 1.0000 per_frame
152.50 116.72 187.50 57.66 1.0000 per_frame
162.50 118.12 175.00 57.66 1.0000 per_frame
150.00 118.12 200.00 59.06 1.0000 per_frame
162.50 116.72 177.50 59.06 1.0000 per_frame
162.50 112.50 187.50 60.47 1.0000 per_frame
172.50 109.69 182.50 59.06 1.0000 per_frame
170.00 105.47 180.00 60.47 1.0000 per_frame
170.00 105.47 180.00 60.47 1.0000 per_frame
167.50 99.84 187.50 63.28 1.0000 per_frame
172.50 97.03 180.00 61.88 1.0000 per_frame
172.50 97.03 182.50 63.28 1.0000 per_frame
177.50 95.62 180.00 61.88 1.0000 per_frame
180.00 87.19 182.50 63.28 1.0000 per_frame
185.00 88.59 190.00 63.28 1.0000 per_frame
175.00 90.00 190.00 66.09 1.0000 per_frame
177.50 92.81 182.50 63.28 1.0000 per_frame
172.50 90.00 197.50 64.69 1.0000 per_frame
172.50 88.59 185.00 64.69 1.0000 per_frame
162.50 88.59 192.50 66.09 1.0000 per_frame
165.00 88.59 202.50 64.69 1.0000 per_frame
160.00 80.16 187.50 64.69 1.0000 per_frame
162.50 74.53 187.50 64.69 1.0000 per_frame
152.50 71.72 200.00 67.50 1.0000 per_frame
160.00 74.53 190.00 67.50 1.0000 per_frame
160.00 73.12 202.50 67.50 1.0000 per_frame
147.50 78.75 202.50 67.50 1.0000 per_frame
155.00 81.56 190.00 67.50 1.0000 per_frame
137.50 81.56 215.00 68.91 1.0000 per_frame
145.00 85.78 190.00 68.91 1.0000 per_frame
132.50 88.59 207.50 70.31 1.0000 per_frame
150.00 90.00 205.00 68.91 1.0000 per_frame
140.00 91.41 202.50 70.31 1.0000 per_frame
152.50 101.25 195.00 68.91 1.0000 per_frame
150.00 102.66 217.50 71.72 1.0000 per_frame
150.00 106.88 197.50 70.31 1.0000 per_frame
152.50 113.91 195.00 71.72 1.0000 per_frame
142.50 120.94 212.50 70.31 1.0000 per_frame
152.50 122.34 200.00 70.31 1.0000 per_frame
137.50 119.53 210.00 71.72 1.0000 per_frame
152.50 122.34 197.50 71.72 1.0000 per_frame
140.00 123.75 230.00 73.12 1.0000 per_frame
152.50 125.16 200.00 71.72 1.0000 per_frame
145.00 120.94 215.00 74.53 1.0000 per_frame
160.00 120.94 215.00 71.72 1.0000 per_frame
147.50 116.72 220.00 74.53 1.0000 per_frame
167.50 118.12 210.00 73.12 1.0000 per_frame
157.50 118.12 220.00 73.12 1.0000 per_frame
170.00 120.94 200.00 73.12 1.0000 per_frame
152.50 120.94 240.00 74.53 1.0000 per_frame
170.00 122.34 212.50 73.12 1.0000 per_frame
152.50 122.34 237.50 74.53 1.0000 per_frame
167.50 122.34 215.00 74.53 1.0000 per_frame
147.50 122.34 225.00 75.94 1.0000 per_frame
170.00 123.75 227.50 74.53 1.0000 per_frame
160.00 115.31 220.00 77.34 1.0000 per_frame
175.00 112.50 220.00 77.34 1.0000 per_frame
160.00 109.69 237.50 78.75 1.0000 per_frame
180.00 115.31 205.00 78.75 1.0000 per_frame
165.00 112.50 235.00 81.56 1.0000 per_frame
187.50 119.53 217.50 78.75 1.0000 per_frame
182.50 119.53 230.00 81.56 1.0000 per_frame
182.50 122.34 237.50 78.75 1.0000 per_frame
200.00 123.75 225.00 81.56 1.0000 per_frame
180.00 127.97 227.50 80.16 1.0000 per_frame
197.50 133.59 232.50 80.16 1.0000 per_frame
175.00 133.59 232.50 80.16 1.0000 per_frame
197.50 132.19 227.50 80.16 1.0000 per_frame
182.50 129.38 250.00 82.97 1.0000 per_frame
200.00 132.19 230.00 81.56 1.0000 per_frame
185.00 127.97 245.00 84.38 1.0000 per_frame
212.50 130.78 227.50 81.56 1.0000 per_frame
205.00 125.16 222.50 85.78 1.0000 per_frame
220.00 127.97 242.50 82.97 1.0000 per_frame
217.50 122.34 222.50 87.19 1.0000 per_frame
230.00 122.34 237.50 82.97 1.0000 per_frame
210.00 116.72 260.00 87.19 1.0000 per_frame
247.50 113.91 235.00 87.19 1.0000 per_frame
260.00 115.31 220.00 85.78 1.0000 per_frame
250.00 109.69 225.00 91.41 1.0000 per_frame
255.00 105.47 242.50 95.62 1.0000 per_frame
282.50 108.28 222.50 95.62 1.0000 per_frame
287.50 106.88 205.00 102.66 1.0000 per_frame
290.00 109.69 230.00 102.66 1.0000 per_frame
292.50 105.47 212.50 101.25 1.0000 per_frame
295.00 95.62 237.50 94.22 1.0000 per_frame
290.00 101.25 237.50 98.44 1.0000 per_frame
295.00 91.41 230.00 105.47 1.0000 per_frame
300.00 90.00 252.50 109.69 1.0000 per_frame
297.50 99.84 247.50 104.06 1.0000 per_frame
292.50 99.84 242.50 92.81 1.0000 per_frame
287.50 92.81 257.50 98.44 1.0000 per_frame
285.00 95.62 267.50 105.47 1.0000 per_frame
277.50 97.03 265.00 105.47 1.0000 per_frame
270.00 99.84 260.00 104.06 1.0000 per_frame
265.00 94.22 265.00 111.09 1.0000 per_frame
260.00 97.03 282.50 108.28 1.0000 per_frame
255.00 99.84 275.00 106.88 1.0000 per_frame
247.50 98.44 277.50 113.91 1.0000 per_frame
242.50 102.66 282.50 109.69 1.0000 per_frame
240.00 98.44 295.00 111.09 1.0000 per_frame
245.00 91.41 285.00 115.31 1.0000 per_frame
240.00 94.22 290.00 112.50 1.0000 per_frame
235.00 91.41 305.00 113.91 1.0000 per_frame
230.00 90.00 302.50 113.91 1.0000 per_frame
227.50 85.78 297.50 118.12 1.0000 per_frame
230.00 85.78 307.50 115.31 1.0000 per_frame
232.50 84.38 307.50 118.12 1.0000 per_frame
235.00 82.97 300.00 119.53 1.0000 per_frame
242.50 81.56 300.00 119.53 1.0000 per_frame
247.50 77.34 312.50 119.53 1.0000 per_frame
257.50 75.94 302.50 119.53 1.0000 per_frame
265.00 77.34 297.50 120.94 1.0000 per_frame
272.50 74.53 302.50 120.94 1.0000 per_frame
280.00 75.94 312.50 122.34 1.0000 per_frame
292.50 74.53 295.00 125.16 1.0000 per_frame
297.50 81.56 295.00 123.75 1.0000 per_frame
300.00 82.97 300.00 122.34 1.0000 per_frame
310.00 78.75 295.00 116.72 1.0000 per_frame
322.50 80.16 285.00 125.16 1.0000 per_frame
327.50 82.97 282.50 123.75 1.0000 per_frame
327.50 81.56 300.00 119.53 1.0000 per_frame
332.50 90.00 292.50 123.75 1.0000 per_frame
345.00 94.22 277.50 112.50 1.0000 per_frame
355.00 90.00 265.00 129.38 1.0000 per_frame
362.50 92.81 272.50 112.50 1.0000 per_frame
370.00 92.81 275.00 122.34 1.0000 per_frame
380.00 88.59 247.50 126.56 1.0000 per_frame
385.00 90.00 240.00 115.31 1.0000 per_frame
392.50 91.41 262.50 109.69 1.0000 per_frame
407.50 90.00 247.50 123.75 1.0000 per_frame
395.00 91.41 255.00 108.28 1.0000 per_frame
417.50 88.59 240.00 115.31 1.0000 per_frame
405.00 88.59 265.00 111.09 1.0000 per_frame
420.00 84.38 257.50 111.09 1.0000 per_frame
412.50 82.97 275.00 104.06 1.0000 per_frame
430.00 82.97 267.50 105.47 1.0000 per_frame
432.50 74.53 275.00 109.69 1.0000 per_frame
412.50 81.56 302.50 105.47 1.0000 per_frame
452.50 82.97 265.00 97.03 1.0000 per_frame
415.00 77.34 310.00 112.50 1.0000 per_frame
440.00 74.53 297.50 119.53 1.0000 per_frame
430.00 70.31 317.50 115.31 1.0000 per_frame
447.50 67.50 305.00 101.25 1.0000 per_frame
455.00 66.09 307.50 118.12 1.0000 per_frame
460.00 56.25 320.00 126.56 1.0000 per_frame
475.00 56.25 315.00 125.16 1.0000 per_frame
472.50 63.28 327.50 118.12 1.0000 per_frame
485.00 57.66 322.50 122.34 1.0000 per_frame
475.00 61.88 337.50 118.12 1.0000 per_frame
500.00 59.06 322.50 122.34 1.0000 per_frame
492.50 61.88 337.50 116.72 1.0000 per_frame
510.00 49.22 322.50 126.56 1.0000 per_frame
497.50 54.84 342.50 120.94 1.0000 per_frame
522.50 50.62 325.00 122.34 1.0000 per_frame
522.50 47.81 332.50 116.72 1.0000 per_frame
545.00 32.34 320.00 127.97 1.0000 per_frame
552.50 28.12 320.00 125.16 1.0000 per_frame
545.00 30.94 332.50 119.53 1.0000 per_frame
557.50 23.91 320.00 123.75 1.0000 per_frame
567.50 18.28 315.00 123.75 1.0000 per_frame
572.50 18.28 315.00 123.75 1.0000 per_frame
570.00 19.69 325.00 123.75 1.0000 per_frame
585.00 19.69 320.00 122.34 1.0000 per_frame
595.00 19.69 315.00 122.34 1.0000 per_frame
605.00 18.28 305.00 129.38 1.0000 per_frame
605.00 23.91 305.00 127.97 1.0000 per_frame
610.00 22.50 302.50 130.78 1.0000 per_frame
612.50 22.50 302.50 136.41 1.0000 per_frame
612.50 30.94 300.00 132.19 1.0000 per_frame
612.50 33.75 300.00 127.97 1.0000 per_frame
615.00 22.50 302.50 133.59 1.0000 per_frame
612.50 14.06 305.00 137.81 1.0000 per_frame
610.00 32.34 307.50 118.12 1.0000 per_frame
607.50 25.31 307.50 125.16 1.0000 per_frame
607.50 26.72 307.50 120.94 1.0000 per_frame
610.00 16.88 300.00 126.56 1.0000 per_frame
610.00 16.88 297.50 123.75 1.0000 per_frame
610.00 21.09 297.50 118.12 1.0000 per_frame
615.00 19.69 297.50 122.34 1.0000 per_frame
615.00 18.28 300.00 125.16 1.0000 per_frame
610.00 26.72 300.00 118.12 1.0000 per_frame
600.00 28.12 302.50 115.31 1.0000 per_frame
592.50 21.09 310.00 122.34 1.0000 per_frame
605.00 32.34 302.50 113.91 1.0000 per_frame
610.00 29.53 297.50 120.94 1.0000 per_frame
610.00 36.56 297.50 120.94 1.0000 per_frame
612.50 26.72 295.00 132.19 1.0000 per_frame
615.00 30.94 310.00 123.75 1.0000 per_frame
647.50 28.12 295.00 123.75 1.0000 per_frame
652.50 29.53 297.50 118.12 1.0000 per_frame
645.00 23.91 295.00 118.12 1.0000 per_frame
620.00 21.09 307.50 118.12 1.0000 per_frame
602.50 29.53 302.50 111.09 1.0000 per_frame
582.50 29.53 295.00 115.31 1.0000 per_frame
570.00 19.69 295.00 126.56 1.0000 per_frame
575.00 32.34 302.50 119.53 1.0000 per_frame
605.00 39.38 292.50 113.91 1.0000 per_frame
610.00 39.38 292.50 111.09 1.0000 per_frame
605.00 30.94 297.50 115.31 1.0000 per_frame
605.00 23.91 290.00 109.69 1.0000 per_frame
575.00 19.69 300.00 111.09 1.0000 per_frame
562.50 33.75 295.00 109.69 1.0000 per_frame
565.00 46.41 287.50 109.69 1.0000 per_frame
552.50 53.44 302.50 109.69 1.0000 per_frame
567.50 50.62 287.50 122.34 1.0000 per_frame
555.00 61.88 297.50 116.72 1.0000 per_frame
562.50 66.09 285.00 113.91 1.0000 per_frame
560.00 70.31 285.00 106.88 1.0000 per_frame
560.00 77.34 290.00 105.47 1.0000 per_frame
567.50 70.31 285.00 109.69 1.0000 per_frame
567.50 71.72 287.50 92.81 1.0000 per_frame
575.00 68.91 280.00 113.91 1.0000 per_frame
557.50 74.53 290.00 111.09 1.0000 per_frame
567.50 68.91 282.50 115.31 1.0000 per_frame
570.00 71.72 287.50 102.66 1.0000 per_frame
582.50 71.72 280.00 111.09 1.0000 per_frame
577.50 81.56 285.00 111.09 1.0000 per_frame
577.50 99.84 275.00 106.88 1.0000 per_frame
565.00 99.84 275.00 111.09 1.0000 per_frame
537.50 108.28 285.00 108.28 1.0000 per_frame
535.00 118.12 272.50 105.47 1.0000 per_frame
522.50 115.31 277.50 104.06 1.0000 per_frame
525.00 101.25 272.50 104.06 1.0000 per_frame
517.50 90.00 272.50 101.25 1.0000 per_frame
512.50 71.72 272.50 102.66 1.0000 per_frame
512.50 57.66 272.50 104.06 1.0000 per_frame
512.50 45.00 270.00 109.69 1.0000 per_frame
515.00 45.00 270.00 105.47 1.0000 per_frame
505.00 49.22 282.50 102.66 1.0000 per_frame
510.00 53.44 265.00 102.66 1.0000 per_frame
492.50 63.28 272.50 94.22 1.0000 per_frame
497.50 61.88 267.50 99.84 1.0000 per_frame
510.00 77.34 262.50 95.62 1.0000 per_frame
522.50 75.94 262.50 99.84 1.0000 per_frame
520.00 78.75 272.50 95.62 1.0000 per_frame
545.00 84.38 257.50 92.81 1.0000 per_frame
552.50 91.41 255.00 88.59 1.0000 per_frame
517.50 99.84 277.50 87.19 1.0000 per_frame
610.00 97.03 175.00 71.72 1.0000 per_frame
540.00 94.22 247.50 66.09 1.0000 per_frame
532.50 81.56 267.50 82.97 1.0000 per_frame
567.50 71.72 242.50 59.06 1.0000 per_frame
567.50 66.09 262.50 70.31 1.0000 per_frame
560.00 68.91 260.00 66.09 1.0000 per_frame
577.50 74.53 235.00 74.53 1.0000 per_frame
545.00 75.94 270.00 77.34 1.0000 per_frame
570.00 70.31 232.50 73.12 1.0000 per_frame
562.50 61.88 252.50 67.50 1.0000 per_frame
607.50 47.81 225.00 70.31 1.0000 per_frame
592.50 32.34 250.00 68.91 1.0000 per_frame
615.00 16.88 160.00 70.31 1.0000 per_frame
295.00 241.88 72.50 60.47 1.0000 per_frame
315.00 226.41 72.50 54.84 1.0000 per_frame
327.50 241.88 60.00 25.31 1.0000 per_frame
332.50 213.75 57.50 43.59 1.0000 per_frame
582.50 205.31 45.00 40.78 1.0000 per_frame
330.00 181.41 85.00 60.47 1.0000 per_frame
345.00 187.03 75.00 52.03 1.0000 per_frame
362.50 213.75 42.50 18.28 1.0000 per_frame
362.50 151.88 110.00 78.75 1.0000 per_frame
395.00 208.12 60.00 25.31 1.0000 per_frame
652.50 158.91 65.00 23.91 1.0000 per_frame
417.50 132.19 110.00 74.53 1.0000 per_frame
437.50 123.75 127.50 80.16 1.0000 per_frame
435.00 127.97 80.00 39.38 1.0000 per_frame
680.00 140.62 77.50 16.88 1.0000 per_frame
672.50 194.06 35.00 26.72 1.0000 per_frame
672.50 219.38 30.00 22.50 1.0000 per_frame
437.50 239.06 47.50 19.69 1.0000 per_frame
700.00 240.47 20.00 15.47 1.0000 per_frame
712.50 220.78 35.00 25.31 1.0000 per_frame
482.50 165.94 72.50 61.88 1.0000 per_frame
760.00 188.44 25.00 23.91 1.0000 per_frame
525.00 135.00 60.00 45.00 1.0000 per_frame
812.50 125.16 65.00 29.53 1.0000 per_frame
560.00 133.59 67.50 66.09 1.0000 per_frame
832.50 172.97 30.00 23.91 1.0000 per_frame
622.50 185.62 55.00 15.47 1.0000 per_frame
897.50 164.53 35.00 29.53 1.0000 per_frame
167.50 129.38 55.00 30.94 1.0000 per_frame
952.50 187.03 22.50 16.88 1.0000 per_frame
715.00 185.62 47.50 26.72 1.0000 per_frame
957.50 192.66 27.50 22.50 1.0000 per_frame
210.00 157.50 37.50 25.31 1.0000 per_frame
217.50 156.09 47.50 32.34 1.0000 per_frame
982.50 203.91 30.00 25.31 1.0000 per_frame
227.50 164.53 37.50 29.53 1.0000 per_frame
240.00 158.91 52.50 29.53 1.0000 per_frame
250.00 150.47 52.50 33.75 1.0000 per_frame
1037.50 185.62 35.00 26.72 1.0000 per_frame
902.50 172.97 30.00 28.12 1.0000 per_frame
1242.50 104.06 35.00 26.72 1.0000 per_frame
292.50 154.69 50.00 29.53 1.0000 per_frame
1060.00 192.66 27.50 21.09 1.0000 per_frame
1060.00 180.00 27.50 25.31 1.0000 per_frame
317.50 139.22 45.00 25.31 1.0000 per_frame
1087.50 158.91 32.50 22.50 1.0000 per_frame
1110.00 150.47 35.00 22.50 1.0000 per_frame
365.00 108.28 45.00 30.94 1.0000 per_frame
362.50 98.44 62.50 42.19 1.0000 per_frame
387.50 120.94 35.00 25.31 1.0000 per_frame
290.00 125.16 37.50 19.69 1.0000 per_frame
407.50 113.91 42.50 26.72 1.0000 per_frame
410.00 109.69 55.00 32.34 1.0000 per_frame
97.50 140.62 57.50 61.88 1.0000 per_frame
65.00 170.16 47.50 23.91 1.0000 per_frame
92.50 129.38 105.00 63.28 1.0000 per_frame
97.50 127.97 97.50 60.47 1.0000 per_frame
152.50 135.00 47.50 52.03 1.0000 per_frame
110.00 126.56 102.50 61.88 1.0000 per_frame
125.00 125.16 112.50 68.91 1.0000 per_frame
132.50 136.41 120.00 53.44 1.0000 per_frame
152.50 115.31 117.50 68.91 1.0000 per_frame
167.50 111.09 110.00 70.31 1.0000 per_frame
175.00 115.31 105.00 66.09 1.0000 per_frame
182.50 113.91 105.00 67.50 1.0000 per_frame
177.50 130.78 105.00 54.84 1.0000 per_frame
187.50 125.16 120.00 66.09 1.0000 per_frame
197.50 123.75 112.50 64.69 1.0000 per_frame
210.00 123.75 105.00 66.09 1.0000 per_frame
220.00 140.62 110.00 56.25 1.0000 per_frame
227.50 135.00 97.50 66.09 1.0000 per_frame
237.50 139.22 107.50 67.50 1.0000 per_frame
242.50 139.22 107.50 64.69 1.0000 per_frame
245.00 135.00 90.00 67.50 1.0000 per_frame
240.00 139.22 97.50 67.50 1.0000 per_frame
247.50 143.44 105.00 66.09 1.0000 per_frame
250.00 146.25 102.50 63.28 1.0000 per_frame
262.50 139.22 82.50 63.28 1.0000 per_frame
262.50 136.41 90.00 67.50 1.0000 per_frame
265.00 143.44 107.50 61.88 1.0000 per_frame
260.00 154.69 110.00 54.84 1.0000 per_frame
257.50 151.88 105.00 63.28 1.0000 per_frame
280.00 156.09 107.50 61.88 1.0000 per_frame
292.50 153.28 100.00 60.47 1.0000 per_frame
292.50 153.28 97.50 56.25 1.0000 per_frame
297.50 142.03 97.50 68.91 1.0000 per_frame
307.50 150.47 107.50 61.88 1.0000 per_frame
307.50 156.09 107.50 56.25 1.0000 per_frame
307.50 161.72 110.00 56.25 1.0000 per_frame
312.50 154.69 105.00 63.28 1.0000 per_frame
300.00 156.09 115.00 61.88 1.0000 per_frame
315.00 157.50 107.50 60.47 1.0000 per_frame
322.50 154.69 110.00 63.28 1.0000 per_frame
317.50 151.88 117.50 67.50 1.0000 per_frame
325.00 153.28 105.00 67.50 1.0000 per_frame
327.50 154.69 90.00 68.91 1.0000 per_frame
330.00 154.69 97.50 66.09 1.0000 per_frame
340.00 164.53 107.50 54.84 1.0000 per_frame
355.00 154.69 107.50 63.28 1.0000 per_frame
362.50 151.88 105.00 63.28 1.0000 per_frame
362.50 160.31 105.00 54.84 1.0000 per_frame
367.50 149.06 107.50 63.28 1.0000 per_frame
372.50 147.66 110.00 63.28 1.0000 per_frame
385.00 151.88 100.00 64.69 1.0000 per_frame
392.50 158.91 95.00 57.66 1.0000 per_frame
402.50 151.88 112.50 66.09 1.0000 per_frame
410.00 153.28 107.50 67.50 1.0000 per_frame
810.00 135.00 42.50 26.72 1.0000 per_frame
422.50 180.00 92.50 52.03 1.0000 per_frame
435.00 188.44 80.00 52.03 1.0000 per_frame
630.00 0.00 137.50 57.66 1.0000 per_frame
630.00 1.41 145.00 63.28 1.0000 per_frame
627.50 1.41 147.50 67.50 1.0000 per_frame
635.00 1.41 140.00 73.12 1.0000 per_frame
625.00 14.06 150.00 50.62 1.0000 per_frame
625.00 21.09 147.50 63.28 1.0000 per_frame
622.50 29.53 150.00 67.50 1.0000 per_frame
622.50 37.97 147.50 64.69 1.0000 per_frame
625.00 40.78 145.00 64.69 1.0000 per_frame
625.00 43.59 150.00 66.09 1.0000 per_frame
632.50 46.41 145.00 66.09 1.0000 per_frame
632.50 49.22 150.00 66.09 1.0000 per_frame
637.50 53.44 147.50 66.09 1.0000 per_frame
637.50 56.25 147.50 64.69 1.0000 per_frame
635.00 64.69 145.00 64.69 1.0000 per_frame
630.00 75.94 145.00 64.69 1.0000 per_frame
627.50 78.75 147.50 63.28 1.0000 per_frame
632.50 78.75 145.00 63.28 1.0000 per_frame
627.50 80.16 147.50 63.28 1.0000 per_frame
627.50 81.56 145.00 64.69 1.0000 per_frame
627.50 82.97 145.00 61.88 1.0000 per_frame
617.50 84.38 147.50 63.28 1.0000 per_frame
615.00 85.78 145.00 60.47 1.0000 per_frame
610.00 87.19 147.50 60.47 1.0000 per_frame
617.50 90.00 142.50 60.47 1.0000 per_frame
615.00 95.62 142.50 61.88 1.0000 per_frame
607.50 102.66 142.50 61.88 1.0000 per_frame
602.50 106.88 142.50 61.88 1.0000 per_frame
595.00 113.91 150.00 60.47 1.0000 per_frame
600.00 113.91 142.50 60.47 1.0000 per_frame
592.50 113.91 142.50 60.47 1.0000 per_frame
587.50 116.72 142.50 60.47 1.0000 per_frame
587.50 123.75 142.50 60.47 1.0000 per_frame
580.00 125.16 145.00 59.06 1.0000 per_frame
577.50 126.56 142.50 57.66 1.0000 per_frame
570.00 130.78 147.50 57.66 1.0000 per_frame
577.50 127.97 140.00 57.66 1.0000 per_frame
575.00 126.56 137.50 57.66 1.0000 per_frame
565.00 127.97 142.50 57.66 1.0000 per_frame
565.00 127.97 140.00 57.66 1.0000 per_frame
560.00 125.16 142.50 57.66 1.0000 per_frame
562.50 125.16 137.50 59.06 1.0000 per_frame
555.00 126.56 140.00 59.06 1.0000 per_frame
557.50 125.16 137.50 57.66 1.0000 per_frame
555.00 125.16 137.50 57.66 1.0000 per_frame
555.00 125.16 140.00 57.66 1.0000 per_frame
555.00 122.34 135.00 56.25 1.0000 per_frame
547.50 118.12 140.00 57.66 1.0000 per_frame
547.50 118.12 135.00 57.66 1.0000 per_frame
537.50 119.53 137.50 56.25 1.0000 per_frame
537.50 115.31 135.00 56.25 1.0000 per_frame
535.00 111.09 137.50 56.25 1.0000 per_frame
537.50 112.50 135.00 54.84 1.0000 per_frame
530.00 112.50 140.00 56.25 1.0000 per_frame
535.00 111.09 135.00 57.66 1.0000 per_frame
525.00 113.91 140.00 56.25 1.0000 per_frame
527.50 119.53 132.50 56.25 1.0000 per_frame
520.00 122.34 135.00 54.84 1.0000 per_frame
520.00 120.94 132.50 54.84 1.0000 per_frame
515.00 118.12 135.00 54.84 1.0000 per_frame
517.50 115.31 132.50 57.66 1.0000 per_frame
507.50 119.53 137.50 54.84 1.0000 per_frame
510.00 118.12 130.00 54.84 1.0000 per_frame
507.50 118.12 135.00 54.84 1.0000 per_frame
515.00 116.72 130.00 53.44 1.0000 per_frame
507.50 118.12 132.50 54.84 1.0000 per_frame
495.00 119.53 135.00 54.84 1.0000 per_frame
497.50 120.94 130.00 53.44 1.0000 per_frame
490.00 120.94 135.00 52.03 1.0000 per_frame
497.50 120.94 127.50 52.03 1.0000 per_frame
492.50 122.34 132.50 52.03 1.0000 per_frame
490.00 122.34 132.50 53.44 1.0000 per_frame
495.00 122.34 127.50 53.44 1.0000 per_frame
487.50 123.75 132.50 53.44 1.0000 per_frame
490.00 127.97 130.00 50.62 1.0000 per_frame
487.50 129.38 127.50 50.62 1.0000 per_frame
482.50 129.38 132.50 49.22 1.0000 per_frame
487.50 127.97 127.50 52.03 1.0000 per_frame
487.50 127.97 130.00 50.62 1.0000 per_frame
492.50 125.16 125.00 52.03 1.0000 per_frame
490.00 126.56 127.50 50.62 1.0000 per_frame
487.50 129.38 130.00 49.22 1.0000 per_frame
492.50 129.38 125.00 47.81 1.0000 per_frame
485.00 130.78 130.00 47.81 1.0000 per_frame
487.50 133.59 125.00 49.22 1.0000 per_frame
482.50 132.19 127.50 49.22 1.0000 per_frame
490.00 130.78 125.00 49.22 1.0000 per_frame
490.00 133.59 127.50 52.03 1.0000 per_frame
487.50 137.81 127.50 50.62 1.0000 per_frame
487.50 139.22 125.00 50.62 1.0000 per_frame
482.50 142.03 130.00 49.22 1.0000 per_frame
490.00 143.44 122.50 49.22 1.0000 per_frame
490.00 146.25 122.50 49.22 1.0000 per_frame
485.00 150.47 127.50 49.22 1.0000 per_frame
490.00 151.88 120.00 49.22 1.0000 per_frame
485.00 154.69 127.50 50.62 1.0000 per_frame
485.00 160.31 125.00 49.22 1.0000 per_frame
485.00 161.72 120.00 50.62 1.0000 per_frame
485.00 161.72 125.00 50.62 1.0000 per_frame
492.50 161.72 122.50 49.22 1.0000 per_frame
490.00 163.12 120.00 49.22 1.0000 per_frame
485.00 164.53 125.00 47.81 1.0000 per_frame
487.50 167.34 120.00 47.81 1.0000 per_frame
482.50 170.16 125.00 46.41 1.0000 per_frame
487.50 168.75 120.00 47.81 1.0000 per_frame
487.50 167.34 122.50 47.81 1.0000 per_frame
495.00 168.75 117.50 47.81 1.0000 per_frame
490.00 171.56 122.50 47.81 1.0000 per_frame
495.00 174.38 120.00 46.41 1.0000 per_frame
497.50 177.19 122.50 43.59 1.0000 per_frame
510.00 177.19 117.50 45.00 1.0000 per_frame
507.50 177.19 122.50 45.00 1.0000 per_frame
515.00 175.78 117.50 43.59 1.0000 per_frame
517.50 177.19 120.00 42.19 1.0000 per_frame
522.50 175.78 115.00 43.59 1.0000 per_frame
517.50 172.97 122.50 43.59 1.0000 per_frame
530.00 167.34 115.00 42.19 1.0000 per_frame
535.00 157.50 117.50 43.59 1.0000 per_frame
542.50 151.88 115.00 43.59 1.0000 per_frame
540.00 149.06 117.50 43.59 1.0000 per_frame
540.00 149.06 117.50 42.19 1.0000 per_frame
547.50 146.25 115.00 42.19 1.0000 per_frame
547.50 140.62 120.00 43.59 1.0000 per_frame
555.00 136.41 115.00 45.00 1.0000 per_frame
560.00 136.41 112.50 45.00 1.0000 per_frame
557.50 136.41 117.50 45.00 1.0000 per_frame
562.50 137.81 112.50 45.00 1.0000 per_frame
565.00 136.41 115.00 45.00 1.0000 per_frame
567.50 133.59 112.50 43.59 1.0000 per_frame
567.50 129.38 112.50 42.19 1.0000 per_frame
562.50 120.94 115.00 43.59 1.0000 per_frame
565.00 113.91 110.00 45.00 1.0000 per_frame
555.00 112.50 115.00 42.19 1.0000 per_frame
557.50 112.50 112.50 40.78 1.0000 per_frame
555.00 111.09 115.00 40.78 1.0000 per_frame
575.00 109.69 112.50 39.38 1.0000 per_frame
597.50 104.06 112.50 39.38 1.0000 per_frame
615.00 94.22 110.00 40.78 1.0000 per_frame
622.50 91.41 112.50 39.38 1.0000 per_frame
632.50 85.78 112.50 39.38 1.0000 per_frame
645.00 78.75 115.00 39.38 1.0000 per_frame
662.50 73.12 112.50 39.38 1.0000 per_frame
685.00 68.91 110.00 39.38 1.0000 per_frame
692.50 67.50 115.00 40.78 1.0000 per_frame
702.50 68.91 110.00 42.19 1.0000 per_frame
705.00 73.12 115.00 40.78 1.0000 per_frame
722.50 73.12 110.00 40.78 1.0000 per_frame
732.50 71.72 115.00 39.38 1.0000 per_frame
747.50 71.72 112.50 40.78 1.0000 per_frame
755.00 74.53 115.00 37.97 1.0000 per_frame
765.00 77.34 110.00 42.19 1.0000 per_frame
767.50 82.97 110.00 40.78 1.0000 per_frame
777.50 84.38 110.00 37.97 1.0000 per_frame
792.50 82.97 110.00 37.97 1.0000 per_frame
810.00 81.56 107.50 37.97 1.0000 per_frame
812.50 84.38 112.50 36.56 1.0000 per_frame
817.50 84.38 110.00 37.97 1.0000 per_frame
817.50 82.97 110.00 28.12 1.0000 per_frame
865.00 73.12 60.00 23.91 1.0000 per_frame
812.50 64.69 112.50 28.12 1.0000 per_frame
805.00 146.25 60.00 60.47 1.0000 per_frame
807.50 59.06 95.00 18.28 1.0000 per_frame
792.50 56.25 62.50 12.66 1.0000 per_frame
782.50 49.22 100.00 18.28 1.0000 per_frame
140.00 177.19 152.50 56.25 1.0000 per_frame
707.50 102.66 112.50 73.12 1.0000 per_frame
707.50 102.66 112.50 73.12 1.0000 per_frame
620.00 85.78 162.50 80.16 1.0000 per_frame
110.00 95.62 270.00 108.28 1.0000 per_frame
110.00 95.62 272.50 109.69 1.0000 per_frame
85.00 92.81 210.00 98.44 1.0000 per_frame
115.00 94.22 225.00 101.25 1.0000 per_frame
115.00 94.22 225.00 81.56 1.0000 per_frame
847.50 82.97 107.50 59.06 1.0000 per_frame
197.50 118.12 107.50 49.22 1.0000 per_frame
197.50 118.12 107.50 49.22 1.0000 per_frame
122.50 105.47 165.00 67.50 1.0000 per_frame
150.00 116.72 132.50 56.25 1.0000 per_frame
150.00 116.72 132.50 56.25 1.0000 per_frame
157.50 101.25 137.50 52.03 1.0000 per_frame
120.00 85.78 175.00 68.91 1.0000 per_frame
1210.00 78.75 67.50 45.00 1.0000 per_frame
1210.00 78.75 67.50 45.00 1.0000 per_frame
210.00 82.97 95.00 54.84 1.0000 per_frame
197.50 68.91 112.50 60.47 1.0000 per_frame
197.50 68.91 112.50 59.06 1.0000 per_frame
105.00 25.31 267.50 111.09 1.0000 per_frame
97.50 66.09 282.50 87.19 1.0000 per_frame
97.50 66.09 282.50 87.19 1.0000 per_frame
80.00 75.94 177.50 82.97 1.0000 per_frame
117.50 64.69 215.00 97.03 1.0000 per_frame
117.50 64.69 215.00 97.03 1.0000 per_frame
697.50 42.19 122.50 77.34 1.0000 per_frame
237.50 73.12 107.50 56.25 0.9961 per_frame
237.50 73.12 107.50 56.25 0.9961 per_frame
272.50 75.94 70.00 43.59 0.9961 per_frame
302.50 39.38 130.00 82.97 1.0000 per_frame
302.50 39.38 130.00 82.97 1.0000 per_frame
147.50 39.38 300.00 92.81 1.0000 per_frame
340.00 32.34 195.00 87.19 1.0000 per_frame
340.00 30.94 107.50 80.16 1.0000 per_frame
340.00 30.94 105.00 81.56 1.0000 per_frame
260.00 35.16 212.50 75.94 1.0000 per_frame
350.00 33.75 137.50 73.12 1.0000 per_frame
312.50 33.75 175.00 73.12 1.0000 per_frame
377.50 39.38 140.00 68.91 1.0000 per_frame
527.50 137.81 20.00 12.66 1.0000 per_frame
527.50 137.81 20.00 12.66 1.0000 per_frame
227.50 64.69 77.50 25.31 0.9961 per_frame
417.50 123.75 20.00 16.88 1.0000 per_frame
417.50 123.75 20.00 15.47 1.0000 per_frame
225.00 36.56 60.00 26.72 0.9961 per_frame
177.50 37.97 77.50 45.00 0.9922 per_frame
175.00 36.56 90.00 46.41 0.9922 per_frame
325.00 136.41 7.50 5.62 0.9176 per_frame
217.50 150.47 10.00 12.66 0.9961 per_frame
217.50 150.47 10.00 12.66 0.9961 per_frame
192.50 158.91 5.00 2.81 0.6824 per_frame
-100 -100 -100 -100 0.0000 none
187.50 189.84 2.50 1.41 0.5176 per_frame
1260.00 84.38 15.00 30.94 0.9961 per_frame
705.00 123.75 17.50 14.06 1.0000 per_frame
697.50 108.28 37.50 32.34 1.0000 per_frame
695.00 115.31 45.00 36.56 1.0000 per_frame
550.00 149.06 27.50 12.66 1.0000 per_frame
547.50 151.88 35.00 19.69 1.0000 per_frame
695.00 139.22 35.00 35.16 1.0000 per_frame
545.00 156.09 27.50 12.66 1.0000 per_frame
1257.50 126.56 20.00 30.94 1.0000 per_frame
662.50 146.25 35.00 19.69 1.0000 per_frame
647.50 137.81 60.00 59.06 1.0000 per_frame
632.50 170.16 52.50 33.75 1.0000 per_frame
485.00 212.34 37.50 21.09 1.0000 per_frame
610.00 209.53 55.00 42.19 1.0000 per_frame
835.00 172.97 60.00 28.12 1.0000 per_frame
465.00 254.53 35.00 29.53 1.0000 per_frame
842.50 201.09 47.50 26.72 1.0000 per_frame
527.50 240.47 105.00 60.47 1.0000 per_frame
445.00 241.88 180.00 71.72 1.0000 per_frame
795.00 216.56 90.00 33.75 1.0000 per_frame
782.50 213.75 112.50 61.88 1.0000 per_frame
475.00 247.50 155.00 59.06 1.0000 per_frame
737.50 199.69 137.50 49.22 1.0000 per_frame
1105.00 220.78 80.00 67.50 1.0000 per_frame
1097.50 230.62 57.50 57.66 1.0000 per_frame
1082.50 217.97 82.50 67.50 1.0000 per_frame
425.00 167.34 82.50 26.72 1.0000 per_frame
1105.00 209.53 92.50 66.09 1.0000 per_frame
705.00 178.59 157.50 67.50 1.0000 per_frame
1080.00 192.66 92.50 71.72 1.0000 per_frame
1067.50 195.47 92.50 63.28 1.0000 per_frame
1075.00 206.72 67.50 60.47 1.0000 per_frame
1075.00 208.12 87.50 68.91 1.0000 per_frame
722.50 187.03 95.00 61.88 1.0000 per_frame
732.50 194.06 110.00 66.09 1.0000 per_frame
745.00 202.50 100.00 60.47 1.0000 per_frame
745.00 203.91 105.00 67.50 1.0000 per_frame
720.00 216.56 127.50 98.44 1.0000 per_frame
732.50 217.97 147.50 97.03 1.0000 per_frame
770.00 216.56 112.50 52.03 1.0000 per_frame
462.50 202.50 87.50 25.31 1.0000 per_frame
762.50 220.78 125.00 71.72 1.0000 per_frame
97.50 255.94 152.50 67.50 1.0000 per_frame
482.50 191.25 92.50 29.53 1.0000 per_frame
480.00 188.44 92.50 28.12 1.0000 per_frame
477.50 187.03 95.00 29.53 1.0000 per_frame
477.50 187.03 92.50 29.53 1.0000 per_frame
765.00 230.62 110.00 78.75 1.0000 per_frame
780.00 234.84 115.00 57.66 1.0000 per_frame
492.50 213.75 90.00 26.72 1.0000 per_frame
497.50 213.75 92.50 29.53 1.0000 per_frame
500.00 210.94 95.00 32.34 1.0000 per_frame
505.00 213.75 92.50 29.53 1.0000 per_frame
497.50 213.75 92.50 29.53 1.0000 per_frame
490.00 212.34 92.50 30.94 1.0000 per_frame
792.50 227.81 105.00 71.72 1.0000 per_frame
492.50 209.53 90.00 30.94 1.0000 per_frame
492.50 210.94 87.50 32.34 1.0000 per_frame
492.50 206.72 87.50 23.91 1.0000 per_frame
787.50 239.06 102.50 49.22 1.0000 per_frame
492.50 198.28 87.50 37.97 1.0000 per_frame
782.50 253.12 70.00 53.44 1.0000 per_frame
482.50 196.88 87.50 28.12 1.0000 per_frame
820.00 229.22 67.50 37.97 1.0000 per_frame
475.00 199.69 85.00 19.69 1.0000 per_frame
477.50 201.09 90.00 23.91 1.0000 per_frame
782.50 226.41 92.50 59.06 1.0000 per_frame
477.50 208.12 87.50 29.53 1.0000 per_frame
477.50 208.12 87.50 28.12 1.0000 per_frame
485.00 201.09 82.50 23.91 1.0000 per_frame
485.00 196.88 87.50 26.72 1.0000 per_frame
487.50 192.66 85.00 28.12 1.0000 per_frame
127.50 270.00 80.00 47.81 1.0000 per_frame
487.50 192.66 87.50 30.94 1.0000 per_frame
795.00 233.44 80.00 59.06 1.0000 per_frame
482.50 209.53 87.50 28.12 1.0000 per_frame
490.00 203.91 85.00 30.94 1.0000 per_frame
500.00 202.50 85.00 29.53 1.0000 per_frame
125.00 289.69 85.00 40.78 1.0000 per_frame
777.50 255.94 92.50 50.62 1.0000 per_frame
500.00 180.00 82.50 29.53 1.0000 per_frame
497.50 170.16 87.50 30.94 1.0000 per_frame
502.50 165.94 85.00 30.94 1.0000 per_frame
130.00 243.28 92.50 52.03 1.0000 per_frame
497.50 158.91 92.50 32.34 1.0000 per_frame
497.50 158.91 82.50 29.53 1.0000 per_frame
497.50 158.91 85.00 30.94 1.0000 per_frame
505.00 158.91 85.00 29.53 1.0000 per_frame
512.50 156.09 85.00 30.94 1.0000 per_frame
512.50 157.50 87.50 32.34 1.0000 per_frame
507.50 161.72 87.50 32.34 1.0000 per_frame
507.50 164.53 85.00 30.94 1.0000 per_frame
515.00 164.53 82.50 32.34 1.0000 per_frame
517.50 164.53 87.50 33.75 1.0000 per_frame
522.50 168.75 87.50 33.75 1.0000 per_frame
522.50 171.56 85.00 35.16 1.0000 per_frame
525.00 168.75 85.00 35.16 1.0000 per_frame
527.50 165.94 87.50 37.97 1.0000 per_frame
530.00 161.72 87.50 35.16 1.0000 per_frame
530.00 153.28 85.00 36.56 1.0000 per_frame
527.50 151.88 87.50 35.16 1.0000 per_frame
525.00 153.28 87.50 33.75 1.0000 per_frame
522.50 151.88 85.00 33.75 1.0000 per_frame
525.00 153.28 90.00 36.56 1.0000 per_frame
532.50 153.28 85.00 36.56 1.0000 per_frame
527.50 157.50 85.00 33.75 1.0000 per_frame
520.00 158.91 90.00 37.97 1.0000 per_frame
520.00 163.12 85.00 35.16 1.0000 per_frame
515.00 157.50 90.00 35.16 1.0000 per_frame
522.50 151.88 85.00 33.75 1.0000 per_frame
525.00 153.28 85.00 33.75 1.0000 per_frame
515.00 153.28 90.00 35.16 1.0000 per_frame
517.50 157.50 90.00 35.16 1.0000 per_frame
517.50 158.91 90.00 36.56 1.0000 per_frame
522.50 161.72 85.00 37.97 1.0000 per_frame
525.00 172.97 85.00 35.16 1.0000 per_frame
520.00 177.19 90.00 39.38 1.0000 per_frame
532.50 181.41 87.50 36.56 1.0000 per_frame
542.50 199.69 87.50 36.56 1.0000 per_frame
540.00 215.16 87.50 36.56 1.0000 per_frame
545.00 232.03 85.00 33.75 1.0000 per_frame
550.00 258.75 85.00 33.75 1.0000 per_frame
527.50 305.16 85.00 32.34 1.0000 per_frame
517.50 343.12 85.00 35.16 1.0000 per_frame
510.00 360.00 90.00 32.34 1.0000 per_frame
492.50 378.28 85.00 32.34 1.0000 per_frame
467.50 400.78 87.50 33.75 1.0000 per_frame
447.50 400.78 87.50 32.34 1.0000 per_frame
422.50 362.81 85.00 29.53 1.0000 per_frame
415.00 341.72 90.00 33.75 1.0000 per_frame
447.50 336.09 90.00 33.75 1.0000 per_frame
470.00 340.31 95.00 33.75 1.0000 per_frame
482.50 354.38 87.50 36.56 1.0000 per_frame
472.50 360.00 85.00 33.75 1.0000 per_frame
487.50 309.38 85.00 33.75 1.0000 per_frame
500.00 255.94 87.50 35.16 1.0000 per_frame
495.00 216.56 87.50 35.16 1.0000 per_frame
480.00 146.25 90.00 33.75 1.0000 per_frame
510.00 188.44 87.50 36.56 1.0000 per_frame
547.50 232.03 95.00 36.56 1.0000 per_frame
545.00 233.44 87.50 33.75 1.0000 per_frame
515.00 226.41 87.50 35.16 1.0000 per_frame
497.50 219.38 90.00 33.75 1.0000 per_frame
487.50 210.94 90.00 33.75 1.0000 per_frame
465.00 202.50 90.00 33.75 1.0000 per_frame
452.50 178.59 87.50 32.34 1.0000 per_frame
445.00 160.31 87.50 35.16 1.0000 per_frame
440.00 168.75 90.00 35.16 1.0000 per_frame
445.00 181.41 92.50 35.16 1.0000 per_frame
447.50 181.41 87.50 35.16 1.0000 per_frame
447.50 199.69 92.50 33.75 1.0000 per_frame
455.00 206.72 87.50 33.75 1.0000 per_frame
462.50 189.84 87.50 33.75 1.0000 per_frame
477.50 188.44 90.00 36.56 1.0000 per_frame
487.50 203.91 92.50 36.56 1.0000 per_frame
497.50 206.72 87.50 33.75 1.0000 per_frame
500.00 194.06 92.50 35.16 1.0000 per_frame
507.50 199.69 90.00 33.75 1.0000 per_frame
512.50 205.31 95.00 35.16 1.0000 per_frame
527.50 199.69 90.00 35.16 1.0000 per_frame
530.00 199.69 92.50 35.16 1.0000 per_frame
527.50 199.69 95.00 35.16 1.0000 per_frame
532.50 202.50 92.50 35.16 1.0000 per_frame
542.50 189.84 90.00 35.16 1.0000 per_frame
545.00 178.59 90.00 33.75 1.0000 per_frame
545.00 178.59 90.00 33.75 1.0000 per_frame
532.50 150.47 100.00 39.38 1.0000 per_frame
532.50 150.47 100.00 39.38 1.0000 per_frame
502.50 102.66 130.00 50.62 1.0000 per_frame
510.00 97.03 125.00 47.81 1.0000 per_frame
510.00 97.03 125.00 47.81 1.0000 per_frame
495.00 81.56 142.50 56.25 1.0000 per_frame
497.50 81.56 137.50 52.03 1.0000 per_frame
497.50 81.56 137.50 52.03 1.0000 per_frame
485.00 70.31 147.50 56.25 1.0000 per_frame
477.50 73.12 147.50 49.22 1.0000 per_frame
472.50 73.12 147.50 59.06 1.0000 per_frame
470.00 95.62 152.50 54.84 1.0000 per_frame
475.00 105.47 147.50 56.25 1.0000 per_frame
480.00 106.88 147.50 56.25 1.0000 per_frame
482.50 112.50 147.50 57.66 1.0000 per_frame
465.00 129.38 155.00 56.25 1.0000 per_frame
475.00 146.25 145.00 57.66 1.0000 per_frame
482.50 150.47 147.50 56.25 1.0000 per_frame
482.50 175.78 150.00 56.25 1.0000 per_frame
487.50 181.41 147.50 54.84 1.0000 per_frame
487.50 174.38 150.00 56.25 1.0000 per_frame
485.00 174.38 147.50 54.84 1.0000 per_frame
485.00 157.50 147.50 53.44 1.0000 per_frame
487.50 143.44 145.00 56.25 1.0000 per_frame
487.50 150.47 152.50 54.84 1.0000 per_frame
497.50 146.25 147.50 56.25 1.0000 per_frame
492.50 133.59 152.50 54.84 1.0000 per_frame
505.00 139.22 147.50 56.25 1.0000 per_frame
517.50 133.59 152.50 54.84 1.0000 per_frame
525.00 129.38 147.50 53.44 1.0000 per_frame
512.50 132.19 157.50 56.25 1.0000 per_frame
520.00 133.59 150.00 56.25 1.0000 per_frame
522.50 129.38 150.00 52.03 1.0000 per_frame
532.50 116.72 152.50 56.25 1.0000 per_frame
527.50 115.31 152.50 54.84 1.0000 per_frame
525.00 115.31 147.50 54.84 1.0000 per_frame
517.50 108.28 150.00 53.44 1.0000 per_frame
520.00 109.69 147.50 53.44 1.0000 per_frame
507.50 109.69 157.50 54.84 1.0000 per_frame
517.50 101.25 150.00 56.25 1.0000 per_frame
522.50 102.66 152.50 56.25 1.0000 per_frame
527.50 102.66 147.50 56.25 1.0000 per_frame
512.50 104.06 155.00 52.03 1.0000 per_frame
527.50 104.06 140.00 40.78 1.0000 per_frame
530.00 101.25 140.00 52.03 1.0000 per_frame
512.50 97.03 150.00 53.44 1.0000 per_frame
500.00 102.66 157.50 57.66 1.0000 per_frame
512.50 99.84 147.50 53.44 1.0000 per_frame
517.50 92.81 150.00 52.03 1.0000 per_frame
512.50 91.41 150.00 52.03 1.0000 per_frame
507.50 88.59 152.50 54.84 1.0000 per_frame
500.00 95.62 152.50 53.44 1.0000 per_frame
495.00 99.84 155.00 52.03 1.0000 per_frame
500.00 87.19 150.00 54.84 1.0000 per_frame
495.00 90.00 157.50 54.84 1.0000 per_frame
507.50 99.84 147.50 53.44 1.0000 per_frame
502.50 97.03 162.50 53.44 1.0000 per_frame
502.50 97.03 162.50 53.44 1.0000 per_frame
497.50 106.88 157.50 53.44 1.0000 per_frame
510.00 104.06 150.00 53.44 1.0000 per_frame
507.50 106.88 157.50 54.84 1.0000 per_frame
517.50 109.69 155.00 53.44 1.0000 per_frame
502.50 112.50 157.50 53.44 1.0000 per_frame
507.50 111.09 155.00 53.44 1.0000 per_frame
497.50 116.72 157.50 53.44 1.0000 per_frame
505.00 120.94 150.00 53.44 1.0000 per_frame
502.50 120.94 152.50 53.44 1.0000 per_frame
505.00 123.75 150.00 53.44 1.0000 per_frame
497.50 126.56 162.50 54.84 1.0000 per_frame
502.50 127.97 150.00 53.44 1.0000 per_frame
500.00 125.16 152.50 53.44 1.0000 per_frame
497.50 120.94 152.50 54.84 1.0000 per_frame
487.50 126.56 157.50 53.44 1.0000 per_frame
495.00 125.16 157.50 53.44 1.0000 per_frame
487.50 125.16 152.50 54.84 1.0000 per_frame
485.00 129.38 152.50 52.03 1.0000 per_frame
485.00 123.75 155.00 53.44 1.0000 per_frame
490.00 122.34 152.50 53.44 1.0000 per_frame
487.50 122.34 165.00 53.44 1.0000 per_frame
495.00 129.38 152.50 53.44 1.0000 per_frame
492.50 129.38 157.50 53.44 1.0000 per_frame
487.50 123.75 152.50 53.44 1.0000 per_frame
472.50 130.78 162.50 50.62 1.0000 per_frame
475.00 129.38 152.50 52.03 1.0000 per_frame
462.50 126.56 165.00 52.03 1.0000 per_frame
480.00 125.16 152.50 53.44 1.0000 per_frame
480.00 125.16 160.00 53.44 1.0000 per_frame
485.00 127.97 152.50 52.03 1.0000 per_frame
467.50 125.16 162.50 53.44 1.0000 per_frame
472.50 122.34 160.00 52.03 1.0000 per_frame
467.50 119.53 162.50 52.03 1.0000 per_frame
482.50 113.91 152.50 53.44 1.0000 per_frame
475.00 119.53 162.50 52.03 1.0000 per_frame
477.50 120.94 152.50 52.03 1.0000 per_frame
472.50 123.75 157.50 50.62 1.0000 per_frame
477.50 123.75 155.00 52.03 1.0000 per_frame
480.00 122.34 152.50 52.03 1.0000 per_frame
480.00 122.34 155.00 50.62 1.0000 per_frame
480.00 116.72 152.50 53.44 1.0000 per_frame
482.50 115.31 157.50 52.03 1.0000 per_frame
482.50 115.31 155.00 52.03 1.0000 per_frame
480.00 119.53 155.00 52.03 1.0000 per_frame
482.50 120.94 152.50 52.03 1.0000 per_frame
482.50 118.12 155.00 50.62 1.0000 per_frame
485.00 116.72 155.00 52.03 1.0000 per_frame
495.00 109.69 155.00 53.44 1.0000 per_frame
495.00 105.47 157.50 53.44 1.0000 per_frame
492.50 106.88 160.00 53.44 1.0000 per_frame
487.50 112.50 155.00 53.44 1.0000 per_frame
487.50 111.09 152.50 53.44 1.0000 per_frame
495.00 111.09 155.00 52.03 1.0000 per_frame
497.50 109.69 155.00 53.44 1.0000 per_frame
497.50 111.09 157.50 53.44 1.0000 per_frame
492.50 118.12 157.50 52.03 1.0000 per_frame
492.50 119.53 157.50 53.44 1.0000 per_frame
487.50 118.12 157.50 52.03 1.0000 per_frame
487.50 118.12 155.00 52.03 1.0000 per_frame
492.50 113.91 162.50 52.03 1.0000 per_frame
497.50 111.09 157.50 53.44 1.0000 per_frame
497.50 111.09 157.50 53.44 1.0000 per_frame
495.00 109.69 157.50 54.84 1.0000 per_frame
500.00 108.28 155.00 57.66 1.0000 per_frame
500.00 105.47 160.00 57.66 1.0000 per_frame
505.00 102.66 155.00 54.84 1.0000 per_frame
510.00 99.84 165.00 57.66 1.0000 per_frame
517.50 101.25 157.50 59.06 1.0000 per_frame
515.00 101.25 157.50 57.66 1.0000 per_frame
510.00 99.84 162.50 57.66 1.0000 per_frame
517.50 98.44 157.50 57.66 1.0000 per_frame
522.50 101.25 167.50 59.06 1.0000 per_frame
525.00 98.44 157.50 57.66 1.0000 per_frame
522.50 97.03 160.00 57.66 1.0000 per_frame
517.50 104.06 160.00 59.06 1.0000 per_frame
517.50 108.28 157.50 57.66 1.0000 per_frame
515.00 105.47 165.00 59.06 1.0000 per_frame
510.00 112.50 157.50 59.06 1.0000 per_frame
507.50 112.50 160.00 59.06 1.0000 per_frame
505.00 108.28 162.50 59.06 1.0000 per_frame
497.50 115.31 157.50 59.06 1.0000 per_frame
487.50 123.75 170.00 57.66 1.0000 per_frame
482.50 123.75 160.00 57.66 1.0000 per_frame
480.00 125.16 160.00 57.66 1.0000 per_frame
480.00 125.16 162.50 59.06 1.0000 per_frame
487.50 123.75 160.00 57.66 1.0000 per_frame
485.00 120.94 167.50 57.66 1.0000 per_frame
480.00 125.16 162.50 59.06 1.0000 per_frame
472.50 129.38 162.50 57.66 1.0000 per_frame
472.50 123.75 160.00 57.66 1.0000 per_frame
482.50 122.34 160.00 57.66 1.0000 per_frame
492.50 116.72 162.50 57.66 1.0000 per_frame
497.50 109.69 160.00 60.47 1.0000 per_frame
492.50 112.50 170.00 59.06 1.0000 per_frame
495.00 112.50 162.50 57.66 1.0000 per_frame
500.00 109.69 170.00 56.25 1.0000 per_frame
505.00 111.09 162.50 59.06 1.0000 per_frame
505.00 108.28 162.50 57.66 1.0000 per_frame
510.00 105.47 167.50 57.66 1.0000 per_frame
510.00 101.25 170.00 57.66 1.0000 per_frame
520.00 99.84 165.00 57.66 1.0000 per_frame
512.50 102.66 180.00 57.66 1.0000 per_frame
517.50 99.84 165.00 56.25 1.0000 per_frame
512.50 101.25 167.50 56.25 1.0000 per_frame
517.50 97.03 167.50 56.25 1.0000 per_frame
520.00 90.00 165.00 57.66 1.0000 per_frame
512.50 88.59 172.50 56.25 1.0000 per_frame
512.50 92.81 170.00 54.84 1.0000 per_frame
512.50 80.16 167.50 56.25 1.0000 per_frame
502.50 66.09 172.50 57.66 1.0000 per_frame
465.00 54.84 175.00 57.66 1.0000 per_frame
435.00 75.94 167.50 59.06 1.0000 per_frame
402.50 90.00 187.50 57.66 1.0000 per_frame
395.00 102.66 165.00 57.66 1.0000 per_frame
440.00 165.94 85.00 47.81 1.0000 per_frame
332.50 206.72 172.50 56.25 1.0000 per_frame
312.50 199.69 165.00 56.25 1.0000 per_frame
280.00 203.91 170.00 57.66 1.0000 per_frame
267.50 205.31 177.50 56.25 1.0000 per_frame
255.00 203.91 172.50 56.25 1.0000 per_frame
242.50 195.47 177.50 56.25 1.0000 per_frame
230.00 187.03 172.50 57.66 1.0000 per_frame
242.50 188.44 170.00 57.66 1.0000 per_frame
255.00 181.41 170.00 56.25 1.0000 per_frame
245.00 181.41 170.00 59.06 1.0000 per_frame
245.00 188.44 177.50 57.66 1.0000 per_frame
252.50 185.62 172.50 57.66 1.0000 per_frame
262.50 170.16 170.00 57.66 1.0000 per_frame
265.00 164.53 182.50 59.06 1.0000 per_frame
290.00 156.09 170.00 59.06 1.0000 per_frame
290.00 153.28 180.00 52.03 1.0000 per_frame
300.00 164.53 180.00 59.06 1.0000 per_frame
310.00 157.50 170.00 57.66 1.0000 per_frame
312.50 149.06 180.00 57.66 1.0000 per_frame
317.50 147.66 177.50 59.06 1.0000 per_frame
310.00 136.41 172.50 59.06 1.0000 per_frame
307.50 113.91 177.50 59.06 1.0000 per_frame
307.50 106.88 175.00 57.66 1.0000 per_frame
305.00 109.69 172.50 60.47 1.0000 per_frame
300.00 106.88 187.50 60.47 1.0000 per_frame
307.50 90.00 172.50 60.47 1.0000 per_frame
285.00 85.78 192.50 61.88 1.0000 per_frame
275.00 88.59 172.50 61.88 1.0000 per_frame
257.50 84.38 187.50 60.47 1.0000 per_frame
282.50 66.09 180.00 63.28 1.0000 per_frame
272.50 63.28 185.00 64.69 1.0000 per_frame
257.50 63.28 192.50 61.88 1.0000 per_frame
242.50 63.28 185.00 64.69 1.0000 per_frame
255.00 61.88 177.50 63.28 1.0000 per_frame
245.00 60.47 187.50 61.88 1.0000 per_frame
242.50 56.25 180.00 64.69 1.0000 per_frame
260.00 73.12 165.00 61.88 1.0000 per_frame
240.00 75.94 180.00 63.28 1.0000 per_frame
225.00 71.72 195.00 63.28 1.0000 per_frame
237.50 77.34 195.00 61.88 1.0000 per_frame
222.50 78.75 190.00 63.28 1.0000 per_frame
237.50 74.53 180.00 63.28 1.0000 per_frame
227.50 78.75 192.50 64.69 1.0000 per_frame
225.00 98.44 182.50 63.28 1.0000 per_frame
205.00 105.47 195.00 63.28 1.0000 per_frame
207.50 99.84 187.50 63.28 1.0000 per_frame
197.50 95.62 192.50 64.69 1.0000 per_frame
212.50 94.22 192.50 63.28 1.0000 per_frame
202.50 88.59 190.00 60.47 1.0000 per_frame
207.50 85.78 185.00 64.69 1.0000 per_frame
195.00 82.97 200.00 64.69 1.0000 per_frame
207.50 85.78 185.00 64.69 1.0000 per_frame
197.50 87.19 202.50 66.09 1.0000 per_frame
207.50 87.19 185.00 64.69 1.0000 per_frame
200.00 84.38 195.00 66.09 1.0000 per_frame
205.00 80.16 195.00 66.09 1.0000 per_frame
190.00 77.34 195.00 67.50 1.0000 per_frame
205.00 75.94 187.50 66.09 1.0000 per_frame
200.00 66.09 195.00 67.50 1.0000 per_frame
197.50 66.09 190.00 67.50 1.0000 per_frame
187.50 67.50 215.00 64.69 1.0000 per_frame
205.00 63.28 190.00 64.69 1.0000 per_frame
190.00 61.88 202.50 68.91 1.0000 per_frame
197.50 61.88 195.00 67.50 1.0000 per_frame
185.00 60.47 200.00 67.50 1.0000 per_frame
205.00 54.84 197.50 67.50 1.0000 per_frame
200.00 49.22 205.00 68.91 1.0000 per_frame
220.00 50.62 202.50 68.91 1.0000 per_frame
195.00 56.25 207.50 70.31 1.0000 per_frame
195.00 61.88 197.50 67.50 1.0000 per_frame
185.00 53.44 200.00 68.91 1.0000 per_frame
200.00 42.19 195.00 71.72 1.0000 per_frame
187.50 42.19 207.50 70.31 1.0000 per_frame
197.50 42.19 195.00 71.72 1.0000 per_frame
185.00 39.38 205.00 73.12 1.0000 per_frame
200.00 37.97 195.00 74.53 1.0000 per_frame
202.50 28.12 200.00 57.66 1.0000 per_frame
262.50 12.66 145.00 81.56 1.0000 per_frame
292.50 4.22 127.50 59.06 1.0000 per_frame
235.00 19.69 175.00 78.75 1.0000 per_frame
212.50 18.28 187.50 81.56 1.0000 per_frame
187.50 25.31 205.00 77.34 1.0000 per_frame
170.00 33.75 220.00 77.34 1.0000 per_frame
180.00 37.97 195.00 77.34 1.0000 per_frame
167.50 39.38 195.00 56.25 1.0000 per_frame
147.50 46.41 197.50 75.94 1.0000 per_frame
130.00 49.22 195.00 74.53 1.0000 per_frame
122.50 43.59 200.00 78.75 1.0000 per_frame
117.50 39.38 197.50 77.34 1.0000 per_frame
137.50 35.16 180.00 73.12 1.0000 per_frame
112.50 36.56 182.50 75.94 1.0000 per_frame
107.50 29.53 177.50 81.56 1.0000 per_frame
122.50 23.91 172.50 77.34 1.0000 per_frame
190.00 9.84 100.00 53.44 1.0000 per_frame
222.50 0.00 92.50 33.75 1.0000 per_frame
200.00 1.41 127.50 75.94 1.0000 per_frame
177.50 1.41 137.50 63.28 1.0000 per_frame
180.00 16.88 147.50 87.19 1.0000 per_frame
180.00 16.88 147.50 87.19 1.0000 per_frame
147.50 40.78 187.50 64.69 1.0000 per_frame
165.00 54.84 157.50 77.34 1.0000 per_frame
130.00 54.84 190.00 78.75 1.0000 per_frame
120.00 57.66 195.00 77.34 1.0000 per_frame
152.50 56.25 197.50 77.34 1.0000 per_frame
145.00 60.47 205.00 77.34 1.0000 per_frame
155.00 70.31 202.50 75.94 1.0000 per_frame
142.50 71.72 217.50 77.34 1.0000 per_frame
167.50 84.38 202.50 75.94 1.0000 per_frame
177.50 75.94 205.00 74.53 1.0000 per_frame
190.00 63.28 195.00 75.94 1.0000 per_frame
217.50 54.84 195.00 78.75 1.0000 per_frame
215.00 40.78 202.50 81.56 1.0000 per_frame
207.50 37.97 215.00 81.56 1.0000 per_frame
207.50 45.00 200.00 80.16 1.0000 per_frame
200.00 43.59 222.50 81.56 1.0000 per_frame
207.50 52.03 197.50 80.16 1.0000 per_frame
197.50 53.44 215.00 84.38 1.0000 per_frame
197.50 49.22 207.50 77.34 1.0000 per_frame
197.50 39.38 215.00 85.78 1.0000 per_frame
202.50 36.56 202.50 85.78 1.0000 per_frame
177.50 33.75 217.50 87.19 1.0000 per_frame
160.00 33.75 222.50 87.19 1.0000 per_frame
165.00 40.78 202.50 84.38 1.0000 per_frame
145.00 42.19 217.50 80.16 1.0000 per_frame
155.00 36.56 200.00 71.72 1.0000 per_frame
132.50 26.72 225.00 88.59 1.0000 per_frame
142.50 22.50 205.00 87.19 1.0000 per_frame
122.50 19.69 235.00 91.41 1.0000 per_frame
147.50 12.66 202.50 91.41 1.0000 per_frame
145.00 0.00 220.00 91.41 1.0000 per_frame
147.50 1.41 195.00 78.75 1.0000 per_frame
147.50 1.41 195.00 78.75 1.0000 per_frame
